date,Distance_km,Consumption_kWh,Consumption_km,Location,ChargingStation,ID,PowerRating_kW,consumption_factor,VehicleID,ScheduleType,VehicleType,CompanyType
2026-01-01 00:00:00,0.0,0.0,0.0,1,1,0,80,1.0,0,Typec,Renault,Mail
2026-01-01 01:00:00,0.0,0.0,0.0,1,1,0,80,1.0,0,Typec,Renault,Mail
2026-01-01 02:00:00,0.0,0.0,0.0,1,1,0,80,1.0,0,Typec,Renault,Mail
2026-01-01 03:00:00,0.0,0.0,0.0,1,1,0,80,1.0,0,Typec,Renault,Mail
2026-01-01 04:00:00,0.0,0.0,0.0,1,1,0,80,1.0,0,Typec,Renault,Mail
2026-01-01 05:00:00,0.0,0.0,0.0,1,1,0,80,1.0,0,Typec,Renault,Mail
2026-01-01 06:00:00,0.0,0.0,0.0,1,1,0,80,1.0,0,Typec,Renault,Mail
2026-01-01 07:00:00,0.0,0.0,0.0,1,1,0,80,1.0,0,Typec,Renault,Mail
2026-01-01 08:00:00,0.0,0.0,0.0,1,1,0,80,1.0,0,Typec,Renault,Mail
2026-01-01 09:00:00,13.654755364989965,2.4758732870231466,0.18131949059820934,0,0,0,0,1.1329772784640002,0,Typec,Renault,Mail
2026-01-01 10:00:00,13.654755364989965,2.4759079568803326,0.18132202962994293,0,0,0,0,1.1329772784640002,0,Typec,Renault,Mail
2026-01-01 11:00:00,13.654755364989965,6.305207656323098,0.4617591079287514,0,0,0,0,1.1329772784640002,0,Typec,Renault,Mail
2026-01-01 12:00:00,13.654755364989965,4.590953942391089,0.33621649159398637,0,0,0,0,1.1329772784640002,0,Typec,Renault,Mail
2026-01-01 13:00:00,13.654755364989965,1.978939550800567,0.14492676711546645,0,0,0,0,1.1329772784640002,0,Typec,Renault,Mail
2026-01-01 14:00:00,13.654755364989965,4.116079994224307,0.30143930698148635,0,0,0,0,1.1329772784640002,0,Typec,Renault,Mail
2026-01-01 15:00:00,13.654755364989965,1.9917296332798826,0.14586344317720745,0,0,0,0,1.1329772784640002,0,Typec,Renault,Mail
2026-01-01 16:00:00,13.654755364989965,1.986847192120766,0.14550587974757365,0,0,0,0,1.1329772784640002,0,Typec,Renault,Mail
2026-01-01 17:00:00,13.654755364989965,3.481299558848235,0.25495144114951296,0,0,0,0,1.1329772784640002,0,Typec,Renault,Mail
2026-01-01 18:00:00,13.654755364989965,1.5470527571518038,0.11329772784640002,0,0,0,0,1.1329772784640002,0,Typec,Renault,Mail
2026-01-01 19:00:00,13.654755364989965,1.5470527571518038,0.11329772784640002,0,0,0,0,1.1329772784640002,0,Typec,Renault,Mail
2026-01-01 20:00:00,0.0,0.0,0.0,1,1,0,80,1.0,0,Typec,Renault,Mail
2026-01-01 21:00:00,0.0,0.0,0.0,1,1,0,80,1.0,0,Typec,Renault,Mail
2026-01-01 22:00:00,0.0,0.0,0.0,1,1,0,80,1.0,0,Typec,Renault,Mail
2026-01-01 23:00:00,0.0,0.0,0.0,1,1,0,80,1.0,0,Typec,Renault,Mail
2026-01-02 00:00:00,0.0,0.0,0.0,1,1,0,80,1.0,0,Typec,Renault,Mail
2026-01-02 01:00:00,0.0,0.0,0.0,1,1,0,80,1.0,0,Typec,Renault,Mail
2026-01-02 02:00:00,0.0,0.0,0.0,1,1,0,80,1.0,0,Typec,Renault,Mail
2026-01-02 03:00:00,0.0,0.0,0.0,1,1,0,80,1.0,0,Typec,Renault,Mail
2026-01-02 04:00:00,0.0,0.0,0.0,1,1,0,80,1.0,0,Typec,Renault,Mail
2026-01-02 05:00:00,0.0,0.0,0.0,1,1,0,80,1.0,0,Typec,Renault,Mail
2026-01-02 06:00:00,0.0,0.0,0.0,1,1,0,80,1.0,0,Typec,Renault,Mail
2026-01-02 07:00:00,0.0,0.0,0.0,1,1,0,80,1.0,0,Typec,Renault,Mail
2026-01-02 08:00:00,0.0,0.0,0.0,1,1,0,80,1.0,0,Typec,Renault,Mail
2026-01-02 09:00:00,8.605569894724438,1.0607139740761191,0.123259004,0,0,0,0,1.23259004,0,Typec,Renault,Mail
2026-01-02 10:00:00,8.605569894724438,4.158646418061834,0.48325055387804733,0,0,0,0,1.23259004,0,Typec,Renault,Mail
2026-01-02 11:00:00,8.605569894724438,1.709675065201305,0.198670754652682,0,0,0,0,1.23259004,0,Typec,Renault,Mail
2026-01-02 12:00:00,8.605569894724438,2.1343432008631167,0.24801880955862732,0,0,0,0,1.23259004,0,Typec,Renault,Mail
2026-01-02 13:00:00,8.605569894724438,1.0607139740761191,0.123259004,0,0,0,0,1.23259004,0,Typec,Renault,Mail
2026-01-02 14:00:00,8.605569894724438,1.2483729245270925,0.14506568882699977,0,0,0,0,1.23259004,0,Typec,Renault,Mail
2026-01-02 15:00:00,8.605569894724438,2.1971728276173934,0.2553198515027284,0,0,0,0,1.23259004,0,Typec,Renault,Mail
2026-01-02 16:00:00,8.605569894724438,1.0607139740761191,0.123259004,0,0,0,0,1.23259004,0,Typec,Renault,Mail
2026-01-02 17:00:00,8.605569894724438,2.580534438721674,0.2998679309203736,0,0,0,0,1.23259004,0,Typec,Renault,Mail
2026-01-02 18:00:00,8.605569894724438,1.1669213425633072,0.13560070475735456,0,0,0,0,1.23259004,0,Typec,Renault,Mail
2026-01-02 19:00:00,8.605569894724438,1.614234866326674,0.18758024001597676,0,0,0,0,1.23259004,0,Typec,Renault,Mail
2026-01-02 20:00:00,8.605569894724438,1.1653751250021382,0.13542102838727277,0,0,0,0,1.23259004,0,Typec,Renault,Mail
2026-01-02 21:00:00,0.0,0.0,0.0,1,1,0,80,1.0,0,Typec,Renault,Mail
2026-01-02 22:00:00,0.0,0.0,0.0,1,1,0,80,1.0,0,Typec,Renault,Mail
2026-01-02 23:00:00,0.0,0.0,0.0,1,1,0,80,1.0,0,Typec,Renault,Mail
2026-01-03 00:00:00,0.0,0.0,0.0,1,1,0,80,1.0,0,Typec,Renault,Mail
2026-01-03 01:00:00,0.0,0.0,0.0,1,1,0,80,1.0,0,Typec,Renault,Mail
2026-01-03 02:00:00,0.0,0.0,0.0,1,1,0,80,1.0,0,Typec,Renault,Mail
2026-01-03 03:00:00,0.0,0.0,0.0,1,1,0,80,1.0,0,Typec,Renault,Mail
2026-01-03 04:00:00,0.0,0.0,0.0,1,1,0,80,1.0,0,Typec,Renault,Mail
2026-01-03 05:00:00,0.0,0.0,0.0,1,1,0,80,1.0,0,Typec,Renault,Mail
2026-01-03 06:00:00,0.0,0.0,0.0,1,1,0,80,1.0,0,Typec,Renault,Mail
2026-01-03 07:00:00,0.0,0.0,0.0,1,1,0,80,1.0,0,Typec,Renault,Mail
2026-01-03 08:00:00,0.0,0.0,0.0,1,1,0,80,1.0,0,Typec,Renault,Mail
2026-01-03 09:00:00,0.0,0.0,0.0,1,1,0,80,1.0,0,Typec,Renault,Mail
2026-01-03 10:00:00,10.390689483242669,1.2562852832973523,0.1209049010004,0,0,0,0,1.209049010004,0,Typec,Renault,Mail
2026-01-03 11:00:00,10.390689483242669,2.770233179678653,0.2666072529783783,0,0,0,0,1.209049010004,0,Typec,Renault,Mail
2026-01-03 12:00:00,10.390689483242669,1.2562852832973523,0.1209049010004,0,0,0,0,1.209049010004,0,Typec,Renault,Mail
2026-01-03 13:00:00,10.390689483242669,1.2562852832973523,0.1209049010004,0,0,0,0,1.209049010004,0,Typec,Renault,Mail
2026-01-03 14:00:00,10.390689483242669,2.749651181223075,0.26462644135959484,0,0,0,0,1.209049010004,0,Typec,Renault,Mail
2026-01-03 15:00:00,10.390689483242669,3.6784119548652114,0.35401038215967096,0,0,0,0,1.209049010004,0,Typec,Renault,Mail
2026-01-03 16:00:00,10.390689483242669,2.7059351127481053,0.260419206743887,0,0,0,0,1.209049010004,0,Typec,Renault,Mail
2026-01-03 17:00:00,10.390689483242669,2.213750667878872,0.21305137367920043,0,0,0,0,1.209049010004,0,Typec,Renault,Mail
2026-01-03 18:00:00,10.390689483242669,1.8957262707625737,0.18244470434997215,0,0,0,0,1.209049010004,0,Typec,Renault,Mail
2026-01-03 19:00:00,0.0,0.0,0.0,1,1,0,80,1.0,0,Typec,Renault,Mail
2026-01-03 20:00:00,0.0,0.0,0.0,1,1,0,80,1.0,0,Typec,Renault,Mail
2026-01-03 21:00:00,0.0,0.0,0.0,1,1,0,80,1.0,0,Typec,Renault,Mail
2026-01-03 22:00:00,0.0,0.0,0.0,1,1,0,80,1.0,0,Typec,Renault,Mail
2026-01-03 23:00:00,0.0,0.0,0.0,1,1,0,80,1.0,0,Typec,Renault,Mail
2026-01-04 00:00:00,0.0,0.0,0.0,1,1,0,80,1.0,0,Typec,Renault,Mail
2026-01-04 01:00:00,0.0,0.0,0.0,1,1,0,80,1.0,0,Typec,Renault,Mail
2026-01-04 02:00:00,0.0,0.0,0.0,1,1,0,80,1.0,0,Typec,Renault,Mail
2026-01-04 03:00:00,0.0,0.0,0.0,1,1,0,80,1.0,0,Typec,Renault,Mail
2026-01-04 04:00:00,0.0,0.0,0.0,1,1,0,80,1.0,0,Typec,Renault,Mail
2026-01-04 05:00:00,0.0,0.0,0.0,1,1,0,80,1.0,0,Typec,Renault,Mail
2026-01-04 06:00:00,0.0,0.0,0.0,1,1,0,80,1.0,0,Typec,Renault,Mail
2026-01-04 07:00:00,0.0,0.0,0.0,1,1,0,80,1.0,0,Typec,Renault,Mail
2026-01-04 08:00:00,0.0,0.0,0.0,1,1,0,80,1.0,0,Typec,Renault,Mail
2026-01-04 09:00:00,9.631381120303505,3.0028410746646927,0.311776788516294,0,0,0,0,1.3050301525,0,Typec,Renault,Mail
2026-01-04 10:00:00,9.631381120303505,1.2569242772215306,0.13050301525000002,0,0,0,0,1.3050301525,0,Typec,Renault,Mail
2026-01-04 11:00:00,9.631381120303505,2.9693260095375584,0.308297010828286,0,0,0,0,1.3050301525,0,Typec,Renault,Mail
2026-01-04 12:00:00,9.631381120303505,1.7526083128334107,0.18196853503583318,0,0,0,0,1.3050301525,0,Typec,Renault,Mail
2026-01-04 13:00:00,9.631381120303505,1.2569242772215306,0.13050301525000002,0,0,0,0,1.3050301525,0,Typec,Renault,Mail
2026-01-04 14:00:00,9.631381120303505,3.4627486232045674,0.3595277333491553,0,0,0,0,1.3050301525,0,Typec,Renault,Mail
2026-01-04 15:00:00,9.631381120303505,4.182182182208877,0.4342245551255985,0,0,0,0,1.3050301525,0,Typec,Renault,Mail
2026-01-04 16:00:00,9.631381120303505,4.01109343844923,0.4164608780763139,0,0,0,0,1.3050301525,0,Typec,Renault,Mail
2026-01-04 17:00:00,9.631381120303505,1.2569242772215306,0.13050301525000002,0,0,0,0,1.3050301525,0,Typec,Renault,Mail
2026-01-04 18:00:00,9.631381120303505,1.8827784324015684,0.19548374307736233,0,0,0,0,1.3050301525,0,Typec,Renault,Mail
2026-01-04 19:00:00,0.0,0.0,0.0,1,1,0,80,1.0,0,Typec,Renault,Mail
2026-01-04 20:00:00,0.0,0.0,0.0,1,1,0,80,1.0,0,Typec,Renault,Mail
2026-01-04 21:00:00,0.0,0.0,0.0,1,1,0,80,1.0,0,Typec,Renault,Mail
2026-01-04 22:00:00,0.0,0.0,0.0,1,1,0,80,1.0,0,Typec,Renault,Mail
2026-01-04 23:00:00,0.0,0.0,0.0,1,1,0,80,1.0,0,Typec,Renault,Mail
2026-01-05 00:00:00,0.0,0.0,0.0,1,1,0,80,1.0,0,Typec,Renault,Mail
2026-01-05 01:00:00,0.0,0.0,0.0,1,1,0,80,1.0,0,Typec,Renault,Mail
2026-01-05 02:00:00,0.0,0.0,0.0,1,1,0,80,1.0,0,Typec,Renault,Mail
2026-01-05 03:00:00,0.0,0.0,0.0,1,1,0,80,1.0,0,Typec,Renault,Mail
2026-01-05 04:00:00,0.0,0.0,0.0,1,1,0,80,1.0,0,Typec,Renault,Mail
2026-01-05 05:00:00,0.0,0.0,0.0,1,1,0,80,1.0,0,Typec,Renault,Mail
2026-01-05 06:00:00,0.0,0.0,0.0,1,1,0,80,1.0,0,Typec,Renault,Mail
2026-01-05 07:00:00,0.0,0.0,0.0,1,1,0,80,1.0,0,Typec,Renault,Mail
2026-01-05 08:00:00,0.0,0.0,0.0,1,1,0,80,1.0,0,Typec,Renault,Mail
2026-01-05 09:00:00,9.610599472386303,1.1784493811583565,0.12261975796040002,0,0,0,0,1.226197579604,0,Typec,Renault,Mail
2026-01-05 10:00:00,9.610599472386303,1.1784493811583565,0.12261975796040002,0,0,0,0,1.226197579604,0,Typec,Renault,Mail
2026-01-05 11:00:00,9.610599472386303,3.5696383660897757,0.37142723264519084,0,0,0,0,1.226197579604,0,Typec,Renault,Mail
2026-01-05 12:00:00,9.610599472386303,4.444248015361112,0.4624319250979678,0,0,0,0,1.226197579604,0,Typec,Renault,Mail
2026-01-05 13:00:00,9.610599472386303,2.1467885252376413,0.2233771713622975,0,0,0,0,1.226197579604,0,Typec,Renault,Mail
2026-01-05 14:00:00,9.610599472386303,3.8768891780268646,0.40339722711014575,0,0,0,0,1.226197579604,0,Typec,Renault,Mail
2026-01-05 15:00:00,9.610599472386303,2.8443445204675095,0.2959591156243723,0,0,0,0,1.226197579604,0,Typec,Renault,Mail
2026-01-05 16:00:00,9.610599472386303,1.2248938801471896,0.12745239083853419,0,0,0,0,1.226197579604,0,Typec,Renault,Mail
2026-01-05 17:00:00,9.610599472386303,2.8439577855864147,0.2959188751708807,0,0,0,0,1.226197579604,0,Typec,Renault,Mail
2026-01-05 18:00:00,9.610599472386303,4.736682909356812,0.49286029690099004,0,0,0,0,1.226197579604,0,Typec,Renault,Mail
2026-01-05 19:00:00,9.610599472386303,2.204993639834823,0.2294335172504411,0,0,0,0,1.226197579604,0,Typec,Renault,Mail
2026-01-05 20:00:00,9.610599472386303,4.779482631744896,0.4973136842792758,0,0,0,0,1.226197579604,0,Typec,Renault,Mail
2026-01-05 21:00:00,0.0,0.0,0.0,1,1,0,80,1.0,0,Typec,Renault,Mail
2026-01-05 22:00:00,0.0,0.0,0.0,1,1,0,80,1.0,0,Typec,Renault,Mail
2026-01-05 23:00:00,0.0,0.0,0.0,1,1,0,80,1.0,0,Typec,Renault,Mail
2026-01-06 00:00:00,0.0,0.0,0.0,1,1,0,80,1.0,0,Typec,Renault,Mail
2026-01-06 01:00:00,0.0,0.0,0.0,1,1,0,80,1.0,0,Typec,Renault,Mail
2026-01-06 02:00:00,0.0,0.0,0.0,1,1,0,80,1.0,0,Typec,Renault,Mail
2026-01-06 03:00:00,0.0,0.0,0.0,1,1,0,80,1.0,0,Typec,Renault,Mail
2026-01-06 04:00:00,0.0,0.0,0.0,1,1,0,80,1.0,0,Typec,Renault,Mail
2026-01-06 05:00:00,0.0,0.0,0.0,1,1,0,80,1.0,0,Typec,Renault,Mail
2026-01-06 06:00:00,0.0,0.0,0.0,1,1,0,80,1.0,0,Typec,Renault,Mail
2026-01-06 07:00:00,0.0,0.0,0.0,1,1,0,80,1.0,0,Typec,Renault,Mail
2026-01-06 08:00:00,0.0,0.0,0.0,1,1,0,80,1.0,0,Typec,Renault,Mail
2026-01-06 09:00:00,9.209826475142803,2.506432088752356,0.2721475910015441,0,0,0,0,1.3306301459840002,0,Typec,Renault,Mail
2026-01-06 10:00:00,9.209826475142803,1.225487274710658,0.13306301459840003,0,0,0,0,1.3306301459840002,0,Typec,Renault,Mail
2026-01-06 11:00:00,9.209826475142803,1.9854706016357888,0.21558176009011107,0,0,0,0,1.3306301459840002,0,Typec,Renault,Mail
2026-01-06 12:00:00,9.209826475142803,2.9503099523611067,0.3203437068357317,0,0,0,0,1.3306301459840002,0,Typec,Renault,Mail
2026-01-06 13:00:00,9.209826475142803,4.825142138644362,0.5239123833296269,0,0,0,0,1.3306301459840002,0,Typec,Renault,Mail
2026-01-06 14:00:00,9.209826475142803,1.4859782616537005,0.16134704227754298,0,0,0,0,1.3306301459840002,0,Typec,Renault,Mail
2026-01-06 15:00:00,9.209826475142803,1.225487274710658,0.13306301459840003,0,0,0,0,1.3306301459840002,0,Typec,Renault,Mail
2026-01-06 16:00:00,9.209826475142803,1.5136013372882815,0.16434634695599,0,0,0,0,1.3306301459840002,0,Typec,Renault,Mail
2026-01-06 17:00:00,9.209826475142803,3.884211194899326,0.42174640373331246,0,0,0,0,1.3306301459840002,0,Typec,Renault,Mail
2026-01-06 18:00:00,9.209826475142803,2.9028671789031715,0.3151923857347335,0,0,0,0,1.3306301459840002,0,Typec,Renault,Mail
2026-01-06 19:00:00,9.209826475142803,1.4667579273267415,0.1592601045508839,0,0,0,0,1.3306301459840002,0,Typec,Renault,Mail
2026-01-06 20:00:00,9.209826475142803,3.21152426359668,0.3487062728341886,0,0,0,0,1.3306301459840002,0,Typec,Renault,Mail
2026-01-06 21:00:00,0.0,0.0,0.0,1,1,0,80,1.0,0,Typec,Renault,Mail
2026-01-06 22:00:00,0.0,0.0,0.0,1,1,0,80,1.0,0,Typec,Renault,Mail
2026-01-06 23:00:00,0.0,0.0,0.0,1,1,0,80,1.0,0,Typec,Renault,Mail
2026-01-07 00:00:00,0.0,0.0,0.0,1,1,0,80,1.0,0,Typec,Renault,Mail
2026-01-07 01:00:00,0.0,0.0,0.0,1,1,0,80,1.0,0,Typec,Renault,Mail
2026-01-07 02:00:00,0.0,0.0,0.0,1,1,0,80,1.0,0,Typec,Renault,Mail
2026-01-07 03:00:00,0.0,0.0,0.0,1,1,0,80,1.0,0,Typec,Renault,Mail
2026-01-07 04:00:00,0.0,0.0,0.0,1,1,0,80,1.0,0,Typec,Renault,Mail
2026-01-07 05:00:00,0.0,0.0,0.0,1,1,0,80,1.0,0,Typec,Renault,Mail
2026-01-07 06:00:00,0.0,0.0,0.0,1,1,0,80,1.0,0,Typec,Renault,Mail
2026-01-07 07:00:00,0.0,0.0,0.0,1,1,0,80,1.0,0,Typec,Renault,Mail
2026-01-07 08:00:00,9.343981275775619,1.65979521213623,0.17763254903338352,0,0,0,0,1.282756305344,0,Typec,Renault,Mail
2026-01-07 09:00:00,9.343981275775619,1.1986050898517449,0.12827563053440003,0,0,0,0,1.282756305344,0,Typec,Renault,Mail
2026-01-07 10:00:00,9.343981275775619,2.785802957836997,0.29813875644841287,0,0,0,0,1.282756305344,0,Typec,Renault,Mail
2026-01-07 11:00:00,9.343981275775619,2.728433245440917,0.29199900608902246,0,0,0,0,1.282756305344,0,Typec,Renault,Mail
2026-01-07 12:00:00,9.343981275775619,2.3096878782065526,0.24718455763545305,0,0,0,0,1.282756305344,0,Typec,Renault,Mail
2026-01-07 13:00:00,9.343981275775619,1.9175147142299969,0.2052138866332252,0,0,0,0,1.282756305344,0,Typec,Renault,Mail
2026-01-07 14:00:00,9.343981275775619,1.1986050898517449,0.12827563053440003,0,0,0,0,1.282756305344,0,Typec,Renault,Mail
2026-01-07 15:00:00,9.343981275775619,1.613105664542016,0.17263579805366386,0,0,0,0,1.282756305344,0,Typec,Renault,Mail
2026-01-07 16:00:00,9.343981275775619,1.7406079408258854,0.18628118886950598,0,0,0,0,1.282756305344,0,Typec,Renault,Mail
2026-01-07 17:00:00,9.343981275775619,1.1986050898517449,0.12827563053440003,0,0,0,0,1.282756305344,0,Typec,Renault,Mail
2026-01-07 18:00:00,9.343981275775619,2.037442873245128,0.21804868964444768,0,0,0,0,1.282756305344,0,Typec,Renault,Mail
2026-01-07 19:00:00,9.343981275775619,2.96238774199317,0.3170369946773326,0,0,0,0,1.282756305344,0,Typec,Renault,Mail
2026-01-07 20:00:00,9.343981275775619,5.3873028819959945,0.5765532617196741,0,0,0,0,1.282756305344,0,Typec,Renault,Mail
2026-01-07 21:00:00,0.0,0.0,0.0,1,1,0,80,1.0,0,Typec,Renault,Mail
2026-01-07 22:00:00,0.0,0.0,0.0,1,1,0,80,1.0,0,Typec,Renault,Mail
2026-01-07 23:00:00,0.0,0.0,0.0,1,1,0,80,1.0,0,Typec,Renault,Mail
2026-01-08 00:00:00,0.0,0.0,0.0,1,1,0,80,1.0,0,Typec,Renault,Mail
2026-01-08 01:00:00,0.0,0.0,0.0,1,1,0,80,1.0,0,Typec,Renault,Mail
2026-01-08 02:00:00,0.0,0.0,0.0,1,1,0,80,1.0,0,Typec,Renault,Mail
2026-01-08 03:00:00,0.0,0.0,0.0,1,1,0,80,1.0,0,Typec,Renault,Mail
2026-01-08 04:00:00,0.0,0.0,0.0,1,1,0,80,1.0,0,Typec,Renault,Mail
2026-01-08 05:00:00,0.0,0.0,0.0,1,1,0,80,1.0,0,Typec,Renault,Mail
2026-01-08 06:00:00,0.0,0.0,0.0,1,1,0,80,1.0,0,Typec,Renault,Mail
2026-01-08 07:00:00,0.0,0.0,0.0,1,1,0,80,1.0,0,Typec,Renault,Mail
2026-01-08 08:00:00,0.0,0.0,0.0,1,1,0,80,1.0,0,Typec,Renault,Mail
2026-01-08 09:00:00,6.356592820254861,1.4089142068958893,0.2216461313058275,0,0,0,0,1.176585222144,0,Typec,Renault,Mail
2026-01-08 10:00:00,6.356592820254861,1.4974706788328207,0.2355775682314006,0,0,0,0,1.176585222144,0,Typec,Renault,Mail
2026-01-08 11:00:00,6.356592820254861,3.365582928974335,0.5294633499648,0,0,0,0,1.176585222144,0,Typec,Renault,Mail
2026-01-08 12:00:00,6.356592820254861,1.2396019933176412,0.19501044480428756,0,0,0,0,1.176585222144,0,Typec,Renault,Mail
2026-01-08 13:00:00,6.356592820254861,1.7438297679451773,0.27433403668527884,0,0,0,0,1.176585222144,0,Typec,Renault,Mail
2026-01-08 14:00:00,6.356592820254861,1.400545030030865,0.22032951765734013,0,0,0,0,1.176585222144,0,Typec,Renault,Mail
2026-01-08 15:00:00,6.356592820254861,0.7479073175498522,0.11765852221440001,0,0,0,0,1.176585222144,0,Typec,Renault,Mail
2026-01-08 16:00:00,6.356592820254861,2.6026824194925435,0.4094461440410763,0,0,0,0,1.176585222144,0,Typec,Renault,Mail
2026-01-08 17:00:00,6.356592820254861,2.203625586520277,0.34666772732375906,0,0,0,0,1.176585222144,0,Typec,Renault,Mail
2026-01-08 18:00:00,6.356592820254861,2.243541413592277,0.35294716478352695,0,0,0,0,1.176585222144,0,Typec,Renault,Mail
2026-01-08 19:00:00,6.356592820254861,0.7479073175498522,0.11765852221440001,0,0,0,0,1.176585222144,0,Typec,Renault,Mail
2026-01-08 20:00:00,6.356592820254861,2.8680856273728677,0.45119857578951783,0,0,0,0,1.176585222144,0,Typec,Renault,Mail
2026-01-08 21:00:00,0.0,0.0,0.0,1,1,0,80,1.0,0,Typec,Renault,Mail
2026-01-08 22:00:00,0.0,0.0,0.0,1,1,0,80,1.0,0,Typec,Renault,Mail
2026-01-08 23:00:00,0.0,0.0,0.0,1,1,0,80,1.0,0,Typec,Renault,Mail
2026-01-09 00:00:00,0.0,0.0,0.0,1,1,0,80,1.0,0,Typec,Renault,Mail
2026-01-09 01:00:00,0.0,0.0,0.0,1,1,0,80,1.0,0,Typec,Renault,Mail
2026-01-09 02:00:00,0.0,0.0,0.0,1,1,0,80,1.0,0,Typec,Renault,Mail
2026-01-09 03:00:00,0.0,0.0,0.0,1,1,0,80,1.0,0,Typec,Renault,Mail
2026-01-09 04:00:00,0.0,0.0,0.0,1,1,0,80,1.0,0,Typec,Renault,Mail
2026-01-09 05:00:00,0.0,0.0,0.0,1,1,0,80,1.0,0,Typec,Renault,Mail
2026-01-09 06:00:00,0.0,0.0,0.0,1,1,0,80,1.0,0,Typec,Renault,Mail
2026-01-09 07:00:00,0.0,0.0,0.0,1,1,0,80,1.0,0,Typec,Renault,Mail
2026-01-09 08:00:00,0.0,0.0,0.0,1,1,0,80,1.0,0,Typec,Renault,Mail
2026-01-09 09:00:00,8.099401185468912,1.0565958881057536,0.13045358093896942,0,0,0,0,1.137342385344,0,Typec,Renault,Mail
2026-01-09 10:00:00,8.099401185468912,1.893966702219179,0.23384033693961642,0,0,0,0,1.137342385344,0,Typec,Renault,Mail
2026-01-09 11:00:00,8.099401185468912,1.1355889716821217,0.1402065344928802,0,0,0,0,1.137342385344,0,Typec,Renault,Mail
2026-01-09 12:00:00,8.099401185468912,0.9211792264139232,0.1137342385344,0,0,0,0,1.137342385344,0,Typec,Renault,Mail
2026-01-09 13:00:00,8.099401185468912,1.8548758604609317,0.22901395028915886,0,0,0,0,1.137342385344,0,Typec,Renault,Mail
2026-01-09 14:00:00,8.099401185468912,0.9211792264139232,0.1137342385344,0,0,0,0,1.137342385344,0,Typec,Renault,Mail
2026-01-09 15:00:00,8.099401185468912,2.364163804346861,0.291893653642987,0,0,0,0,1.137342385344,0,Typec,Renault,Mail
2026-01-09 16:00:00,8.099401185468912,0.9211792264139232,0.1137342385344,0,0,0,0,1.137342385344,0,Typec,Renault,Mail
2026-01-09 17:00:00,8.099401185468912,3.717566583236444,0.4589927697255087,0,0,0,0,1.137342385344,0,Typec,Renault,Mail
2026-01-09 18:00:00,8.099401185468912,0.9211792264139232,0.1137342385344,0,0,0,0,1.137342385344,0,Typec,Renault,Mail
2026-01-09 19:00:00,8.099401185468912,1.363700858258739,0.16837057790214746,0,0,0,0,1.137342385344,0,Typec,Renault,Mail
2026-01-09 20:00:00,8.099401185468912,2.7915885094401474,0.34466603709525095,0,0,0,0,1.137342385344,0,Typec,Renault,Mail
2026-01-09 21:00:00,0.0,0.0,0.0,1,1,0,80,1.0,0,Typec,Renault,Mail
2026-01-09 22:00:00,0.0,0.0,0.0,1,1,0,80,1.0,0,Typec,Renault,Mail
2026-01-09 23:00:00,0.0,0.0,0.0,1,1,0,80,1.0,0,Typec,Renault,Mail
2026-01-10 00:00:00,0.0,0.0,0.0,1,1,0,80,1.0,0,Typec,Renault,Mail
2026-01-10 01:00:00,0.0,0.0,0.0,1,1,0,80,1.0,0,Typec,Renault,Mail
2026-01-10 02:00:00,0.0,0.0,0.0,1,1,0,80,1.0,0,Typec,Renault,Mail
2026-01-10 03:00:00,0.0,0.0,0.0,1,1,0,80,1.0,0,Typec,Renault,Mail
2026-01-10 04:00:00,0.0,0.0,0.0,1,1,0,80,1.0,0,Typec,Renault,Mail
2026-01-10 05:00:00,0.0,0.0,0.0,1,1,0,80,1.0,0,Typec,Renault,Mail
2026-01-10 06:00:00,0.0,0.0,0.0,1,1,0,80,1.0,0,Typec,Renault,Mail
2026-01-10 07:00:00,0.0,0.0,0.0,1,1,0,80,1.0,0,Typec,Renault,Mail
2026-01-10 08:00:00,0.0,0.0,0.0,1,1,0,80,1.0,0,Typec,Renault,Mail
2026-01-10 09:00:00,2.9189904670909805,0.7542271480311733,0.25838630051533673,0,0,0,0,1.18961004,0,Typec,Renault,Mail
2026-01-10 10:00:00,2.9189904670909805,0.7898944542805204,0.2706053559221509,0,0,0,0,1.18961004,0,Typec,Renault,Mail
2026-01-10 11:00:00,2.9189904670909805,1.0372892700591965,0.3553589097853212,0,0,0,0,1.18961004,0,Typec,Renault,Mail
2026-01-10 12:00:00,2.9189904670909805,0.347246036631572,0.11896100400000001,0,0,0,0,1.18961004,0,Typec,Renault,Mail
2026-01-10 13:00:00,2.9189904670909805,0.347246036631572,0.11896100400000001,0,0,0,0,1.18961004,0,Typec,Renault,Mail
2026-01-10 14:00:00,2.9189904670909805,0.9141079114513807,0.31315892318153615,0,0,0,0,1.18961004,0,Typec,Renault,Mail
2026-01-10 15:00:00,2.9189904670909805,0.8074804050661641,0.2766300247190893,0,0,0,0,1.18961004,0,Typec,Renault,Mail
2026-01-10 16:00:00,2.9189904670909805,0.7854437068825796,0.2690806002067353,0,0,0,0,1.18961004,0,Typec,Renault,Mail
2026-01-10 17:00:00,2.9189904670909805,0.830925668169312,0.2846620013108159,0,0,0,0,1.18961004,0,Typec,Renault,Mail
2026-01-10 18:00:00,2.9189904670909805,0.347246036631572,0.11896100400000001,0,0,0,0,1.18961004,0,Typec,Renault,Mail
2026-01-10 19:00:00,2.9189904670909805,0.7767985153435548,0.26611889422088447,0,0,0,0,1.18961004,0,Typec,Renault,Mail
2026-01-10 20:00:00,2.9189904670909805,0.8056260581329521,0.275994754767331,0,0,0,0,1.18961004,0,Typec,Renault,Mail
2026-01-10 21:00:00,0.0,0.0,0.0,1,1,0,80,1.0,0,Typec,Renault,Mail
2026-01-10 22:00:00,0.0,0.0,0.0,1,1,0,80,1.0,0,Typec,Renault,Mail
2026-01-10 23:00:00,0.0,0.0,0.0,1,1,0,80,1.0,0,Typec,Renault,Mail
2026-01-11 00:00:00,0.0,0.0,0.0,1,1,0,80,1.0,0,Typec,Renault,Mail
2026-01-11 01:00:00,0.0,0.0,0.0,1,1,0,80,1.0,0,Typec,Renault,Mail
2026-01-11 02:00:00,0.0,0.0,0.0,1,1,0,80,1.0,0,Typec,Renault,Mail
2026-01-11 03:00:00,0.0,0.0,0.0,1,1,0,80,1.0,0,Typec,Renault,Mail
2026-01-11 04:00:00,0.0,0.0,0.0,1,1,0,80,1.0,0,Typec,Renault,Mail
2026-01-11 05:00:00,0.0,0.0,0.0,1,1,0,80,1.0,0,Typec,Renault,Mail
2026-01-11 06:00:00,0.0,0.0,0.0,1,1,0,80,1.0,0,Typec,Renault,Mail
2026-01-11 07:00:00,0.0,0.0,0.0,1,1,0,80,1.0,0,Typec,Renault,Mail
2026-01-11 08:00:00,0.0,0.0,0.0,1,1,0,80,1.0,0,Typec,Renault,Mail
2026-01-11 09:00:00,3.5680015651471266,1.1274768309909293,0.31599673105648923,0,0,0,0,1.122069513044,0,Typec,Renault,Mail
2026-01-11 10:00:00,3.5680015651471266,0.40035457787448664,0.1122069513044,0,0,0,0,1.122069513044,0,Typec,Renault,Mail
2026-01-11 11:00:00,3.5680015651471266,1.1988099311650595,0.33598918309768916,0,0,0,0,1.122069513044,0,Typec,Renault,Mail
2026-01-11 12:00:00,3.5680015651471266,1.4018347345254458,0.3928907285856645,0,0,0,0,1.122069513044,0,Typec,Renault,Mail
2026-01-11 13:00:00,3.5680015651471266,0.40035457787448664,0.1122069513044,0,0,0,0,1.122069513044,0,Typec,Renault,Mail
2026-01-11 14:00:00,3.5680015651471266,1.2951504289756397,0.3629904318503947,0,0,0,0,1.122069513044,0,Typec,Renault,Mail
2026-01-11 15:00:00,3.5680015651471266,0.9942589610990953,0.27865990049197104,0,0,0,0,1.122069513044,0,Typec,Renault,Mail
2026-01-11 16:00:00,3.5680015651471266,1.217923513005881,0.34134612633099,0,0,0,0,1.122069513044,0,Typec,Renault,Mail
2026-01-11 17:00:00,3.5680015651471266,1.8015956004351898,0.5049312808698,0,0,0,0,1.122069513044,0,Typec,Renault,Mail
2026-01-11 18:00:00,3.5680015651471266,0.6345801106280926,0.17785309200163585,0,0,0,0,1.122069513044,0,Typec,Renault,Mail
2026-01-11 19:00:00,3.5680015651471266,0.40035457787448664,0.1122069513044,0,0,0,0,1.122069513044,0,Typec,Renault,Mail
2026-01-11 20:00:00,3.5680015651471266,0.40035457787448664,0.1122069513044,0,0,0,0,1.122069513044,0,Typec,Renault,Mail
2026-01-11 21:00:00,0.0,0.0,0.0,1,1,0,80,1.0,0,Typec,Renault,Mail
2026-01-11 22:00:00,0.0,0.0,0.0,1,1,0,80,1.0,0,Typec,Renault,Mail
2026-01-11 23:00:00,0.0,0.0,0.0,1,1,0,80,1.0,0,Typec,Renault,Mail
2026-01-12 00:00:00,0.0,0.0,0.0,1,1,0,80,1.0,0,Typec,Renault,Mail
2026-01-12 01:00:00,0.0,0.0,0.0,1,1,0,80,1.0,0,Typec,Renault,Mail
2026-01-12 02:00:00,0.0,0.0,0.0,1,1,0,80,1.0,0,Typec,Renault,Mail
2026-01-12 03:00:00,0.0,0.0,0.0,1,1,0,80,1.0,0,Typec,Renault,Mail
2026-01-12 04:00:00,0.0,0.0,0.0,1,1,0,80,1.0,0,Typec,Renault,Mail
2026-01-12 05:00:00,0.0,0.0,0.0,1,1,0,80,1.0,0,Typec,Renault,Mail
2026-01-12 06:00:00,0.0,0.0,0.0,1,1,0,80,1.0,0,Typec,Renault,Mail
2026-01-12 07:00:00,0.0,0.0,0.0,1,1,0,80,1.0,0,Typec,Renault,Mail
2026-01-12 08:00:00,0.0,0.0,0.0,1,1,0,80,1.0,0,Typec,Renault,Mail
2026-01-12 09:00:00,10.269111070767234,3.5065525857343705,0.34146602968550677,0,0,0,0,1.119889326784,0,Typec,Renault,Mail
2026-01-12 10:00:00,10.269111070767234,2.228461628876804,0.21700628355462023,0,0,0,0,1.119889326784,0,Typec,Renault,Mail
2026-01-12 11:00:00,10.269111070767234,4.489789701401473,0.43721308207313286,0,0,0,0,1.119889326784,0,Typec,Renault,Mail
2026-01-12 12:00:00,10.269111070767234,1.7925966922220733,0.17456201221983114,0,0,0,0,1.119889326784,0,Typec,Renault,Mail
2026-01-12 13:00:00,10.269111070767234,5.175120547670238,0.5039501970528,0,0,0,0,1.119889326784,0,Typec,Renault,Mail
2026-01-12 14:00:00,10.269111070767234,3.1902156310582255,0.3106613229785502,0,0,0,0,1.119889326784,0,Typec,Renault,Mail
2026-01-12 15:00:00,10.269111070767234,1.150026788371164,0.1119889326784,0,0,0,0,1.119889326784,0,Typec,Renault,Mail
2026-01-12 16:00:00,10.269111070767234,1.150026788371164,0.1119889326784,0,0,0,0,1.119889326784,0,Typec,Renault,Mail
2026-01-12 17:00:00,10.269111070767234,2.9654301496480606,0.2887718449252789,0,0,0,0,1.119889326784,0,Typec,Renault,Mail
2026-01-12 18:00:00,10.269111070767234,1.8572625552388733,0.18085913595051922,0,0,0,0,1.119889326784,0,Typec,Renault,Mail
2026-01-12 19:00:00,10.269111070767234,3.328879817506183,0.3241643599495582,0,0,0,0,1.119889326784,0,Typec,Renault,Mail
2026-01-12 20:00:00,10.269111070767234,2.950933499313867,0.28736016963670785,0,0,0,0,1.119889326784,0,Typec,Renault,Mail
2026-01-12 21:00:00,0.0,0.0,0.0,1,1,0,80,1.0,0,Typec,Renault,Mail
2026-01-12 22:00:00,0.0,0.0,0.0,1,1,0,80,1.0,0,Typec,Renault,Mail
2026-01-12 23:00:00,0.0,0.0,0.0,1,1,0,80,1.0,0,Typec,Renault,Mail
2026-01-13 00:00:00,0.0,0.0,0.0,1,1,0,80,1.0,0,Typec,Renault,Mail
2026-01-13 01:00:00,0.0,0.0,0.0,1,1,0,80,1.0,0,Typec,Renault,Mail
2026-01-13 02:00:00,0.0,0.0,0.0,1,1,0,80,1.0,0,Typec,Renault,Mail
2026-01-13 03:00:00,0.0,0.0,0.0,1,1,0,80,1.0,0,Typec,Renault,Mail
2026-01-13 04:00:00,0.0,0.0,0.0,1,1,0,80,1.0,0,Typec,Renault,Mail
2026-01-13 05:00:00,0.0,0.0,0.0,1,1,0,80,1.0,0,Typec,Renault,Mail
2026-01-13 06:00:00,0.0,0.0,0.0,1,1,0,80,1.0,0,Typec,Renault,Mail
2026-01-13 07:00:00,0.0,0.0,0.0,1,1,0,80,1.0,0,Typec,Renault,Mail
2026-01-13 08:00:00,0.0,0.0,0.0,1,1,0,80,1.0,0,Typec,Renault,Mail
2026-01-13 09:00:00,9.508949455528384,3.3022597907631805,0.3472791401623539,0,0,0,0,1.12425024,0,Typec,Renault,Mail
2026-01-13 10:00:00,9.508949455528384,2.3649794325728237,0.2487109058296502,0,0,0,0,1.12425024,0,Typec,Renault,Mail
2026-01-13 11:00:00,9.508949455528384,1.0690438707525656,0.11242502400000001,0,0,0,0,1.12425024,0,Typec,Renault,Mail
2026-01-13 12:00:00,9.508949455528384,2.3052776118264346,0.24243241828214526,0,0,0,0,1.12425024,0,Typec,Renault,Mail
2026-01-13 13:00:00,9.508949455528384,2.6148366467676243,0.27498691196085717,0,0,0,0,1.12425024,0,Typec,Renault,Mail
2026-01-13 14:00:00,9.508949455528384,1.0690438707525656,0.11242502400000001,0,0,0,0,1.12425024,0,Typec,Renault,Mail
2026-01-13 15:00:00,9.508949455528384,2.2768868061733083,0.23944672509007345,0,0,0,0,1.12425024,0,Typec,Renault,Mail
2026-01-13 16:00:00,9.508949455528384,2.13750500641684,0.22478876519573057,0,0,0,0,1.12425024,0,Typec,Renault,Mail
2026-01-13 17:00:00,9.508949455528384,1.0690438707525656,0.11242502400000001,0,0,0,0,1.12425024,0,Typec,Renault,Mail
2026-01-13 18:00:00,9.508949455528384,2.574663606841769,0.2707621508435815,0,0,0,0,1.12425024,0,Typec,Renault,Mail
2026-01-13 19:00:00,9.508949455528384,2.8708861827370646,0.30191412796583617,0,0,0,0,1.12425024,0,Typec,Renault,Mail
2026-01-13 20:00:00,9.508949455528384,3.633001217100431,0.38206126071984214,0,0,0,0,1.12425024,0,Typec,Renault,Mail
2026-01-13 21:00:00,0.0,0.0,0.0,1,1,0,80,1.0,0,Typec,Renault,Mail
2026-01-13 22:00:00,0.0,0.0,0.0,1,1,0,80,1.0,0,Typec,Renault,Mail
2026-01-13 23:00:00,0.0,0.0,0.0,1,1,0,80,1.0,0,Typec,Renault,Mail
2026-01-14 00:00:00,0.0,0.0,0.0,1,1,0,80,1.0,0,Typec,Renault,Mail
2026-01-14 01:00:00,0.0,0.0,0.0,1,1,0,80,1.0,0,Typec,Renault,Mail
2026-01-14 02:00:00,0.0,0.0,0.0,1,1,0,80,1.0,0,Typec,Renault,Mail
2026-01-14 03:00:00,0.0,0.0,0.0,1,1,0,80,1.0,0,Typec,Renault,Mail
2026-01-14 04:00:00,0.0,0.0,0.0,1,1,0,80,1.0,0,Typec,Renault,Mail
2026-01-14 05:00:00,0.0,0.0,0.0,1,1,0,80,1.0,0,Typec,Renault,Mail
2026-01-14 06:00:00,0.0,0.0,0.0,1,1,0,80,1.0,0,Typec,Renault,Mail
2026-01-14 07:00:00,0.0,0.0,0.0,1,1,0,80,1.0,0,Typec,Renault,Mail
2026-01-14 08:00:00,0.0,0.0,0.0,1,1,0,80,1.0,0,Typec,Renault,Mail
2026-01-14 09:00:00,11.391132863472272,3.2919660513546236,0.2889937366906595,0,0,0,0,1.102475,0,Typec,Renault,Mail
2026-01-14 10:00:00,11.391132863472272,3.29412895217215,0.2891836125215755,0,0,0,0,1.102475,0,Typec,Renault,Mail
2026-01-14 11:00:00,11.391132863472272,5.651297641645468,0.4961137500000001,0,0,0,0,1.102475,0,Typec,Renault,Mail
2026-01-14 12:00:00,11.391132863472272,3.389856226773214,0.29758727840348537,0,0,0,0,1.102475,0,Typec,Renault,Mail
2026-01-14 13:00:00,11.391132863472272,4.357837552468894,0.3825640175300815,0,0,0,0,1.102475,0,Typec,Renault,Mail
2026-01-14 14:00:00,11.391132863472272,4.046595861669007,0.3552408623592785,0,0,0,0,1.102475,0,Typec,Renault,Mail
2026-01-14 15:00:00,11.391132863472272,3.527852765930926,0.3097016607754286,0,0,0,0,1.102475,0,Typec,Renault,Mail
2026-01-14 16:00:00,11.391132863472272,1.8707772910238685,0.16423101314381594,0,0,0,0,1.102475,0,Typec,Renault,Mail
2026-01-14 17:00:00,11.391132863472272,3.712265820078113,0.3258908367210925,0,0,0,0,1.102475,0,Typec,Renault,Mail
2026-01-14 18:00:00,11.391132863472272,1.2558439203656595,0.11024750000000001,0,0,0,0,1.102475,0,Typec,Renault,Mail
2026-01-14 19:00:00,11.391132863472272,2.0052594888592346,0.17603687999193315,0,0,0,0,1.102475,0,Typec,Renault,Mail
2026-01-14 20:00:00,11.391132863472272,1.5791970522352548,0.1386338892858704,0,0,0,0,1.102475,0,Typec,Renault,Mail
2026-01-14 21:00:00,0.0,0.0,0.0,1,1,0,80,1.0,0,Typec,Renault,Mail
2026-01-14 22:00:00,0.0,0.0,0.0,1,1,0,80,1.0,0,Typec,Renault,Mail
2026-01-14 23:00:00,0.0,0.0,0.0,1,1,0,80,1.0,0,Typec,Renault,Mail
2026-01-01 00:00:00,0.0,0.0,0.0,1,1,1,80,1.0,1,Typec,Renault,Mail
2026-01-01 01:00:00,0.0,0.0,0.0,1,1,1,80,1.0,1,Typec,Renault,Mail
2026-01-01 02:00:00,0.0,0.0,0.0,1,1,1,80,1.0,1,Typec,Renault,Mail
2026-01-01 03:00:00,0.0,0.0,0.0,1,1,1,80,1.0,1,Typec,Renault,Mail
2026-01-01 04:00:00,0.0,0.0,0.0,1,1,1,80,1.0,1,Typec,Renault,Mail
2026-01-01 05:00:00,0.0,0.0,0.0,1,1,1,80,1.0,1,Typec,Renault,Mail
2026-01-01 06:00:00,0.0,0.0,0.0,1,1,1,80,1.0,1,Typec,Renault,Mail
2026-01-01 07:00:00,0.0,0.0,0.0,1,1,1,80,1.0,1,Typec,Renault,Mail
2026-01-01 08:00:00,0.0,0.0,0.0,1,1,1,80,1.0,1,Typec,Renault,Mail
2026-01-01 09:00:00,10.429633703603528,2.039957044270785,0.19559239588308477,0,0,1,0,1.1329772784640002,1,Typec,Renault,Mail
2026-01-01 10:00:00,10.429633703603528,2.898357201859391,0.27789635611632113,0,0,1,0,1.1329772784640002,1,Typec,Renault,Mail
2026-01-01 11:00:00,10.429633703603528,2.9957636343739797,0.2872357476311865,0,0,1,0,1.1329772784640002,1,Typec,Renault,Mail
2026-01-01 12:00:00,10.429633703603528,1.1816538008885138,0.11329772784640002,0,0,1,0,1.1329772784640002,1,Typec,Renault,Mail
2026-01-01 13:00:00,10.429633703603528,2.083634107587098,0.19978018085785545,0,0,1,0,1.1329772784640002,1,Typec,Renault,Mail
2026-01-01 14:00:00,10.429633703603528,2.7458372440842895,0.263272644286211,0,0,1,0,1.1329772784640002,1,Typec,Renault,Mail
2026-01-01 15:00:00,10.429633703603528,1.1816538008885138,0.11329772784640002,0,0,1,0,1.1329772784640002,1,Typec,Renault,Mail
2026-01-01 16:00:00,10.429633703603528,1.289437553402243,0.12363210348957235,0,0,1,0,1.1329772784640002,1,Typec,Renault,Mail
2026-01-01 17:00:00,10.429633703603528,2.9410432281624677,0.28198911982367236,0,0,1,0,1.1329772784640002,1,Typec,Renault,Mail
2026-01-01 18:00:00,10.429633703603528,1.1816538008885138,0.11329772784640002,0,0,1,0,1.1329772784640002,1,Typec,Renault,Mail
2026-01-01 19:00:00,10.429633703603528,1.4444221855569959,0.13849212988735507,0,0,1,0,1.1329772784640002,1,Typec,Renault,Mail
2026-01-01 20:00:00,10.429633703603528,1.7106710963594876,0.16402024701677068,0,0,1,0,1.1329772784640002,1,Typec,Renault,Mail
2026-01-01 21:00:00,0.0,0.0,0.0,1,1,1,80,1.0,1,Typec,Renault,Mail
2026-01-01 22:00:00,0.0,0.0,0.0,1,1,1,80,1.0,1,Typec,Renault,Mail
2026-01-01 23:00:00,0.0,0.0,0.0,1,1,1,80,1.0,1,Typec,Renault,Mail
2026-01-02 00:00:00,0.0,0.0,0.0,1,1,1,80,1.0,1,Typec,Renault,Mail
2026-01-02 01:00:00,0.0,0.0,0.0,1,1,1,80,1.0,1,Typec,Renault,Mail
2026-01-02 02:00:00,0.0,0.0,0.0,1,1,1,80,1.0,1,Typec,Renault,Mail
2026-01-02 03:00:00,0.0,0.0,0.0,1,1,1,80,1.0,1,Typec,Renault,Mail
2026-01-02 04:00:00,0.0,0.0,0.0,1,1,1,80,1.0,1,Typec,Renault,Mail
2026-01-02 05:00:00,0.0,0.0,0.0,1,1,1,80,1.0,1,Typec,Renault,Mail
2026-01-02 06:00:00,0.0,0.0,0.0,1,1,1,80,1.0,1,Typec,Renault,Mail
2026-01-02 07:00:00,0.0,0.0,0.0,1,1,1,80,1.0,1,Typec,Renault,Mail
2026-01-02 08:00:00,0.0,0.0,0.0,1,1,1,80,1.0,1,Typec,Renault,Mail
2026-01-02 09:00:00,0.0,0.0,0.0,1,1,1,80,1.0,1,Typec,Renault,Mail
2026-01-02 10:00:00,5.977829237728404,1.3577935997953983,0.2271382379452787,0,0,1,0,1.23259004,1,Typec,Renault,Mail
2026-01-02 11:00:00,5.977829237728404,2.762060530189614,0.4620507579502567,0,0,1,0,1.23259004,1,Typec,Renault,Mail
2026-01-02 12:00:00,5.977829237728404,0.7368212779244823,0.123259004,0,0,1,0,1.23259004,1,Typec,Renault,Mail
2026-01-02 13:00:00,5.977829237728404,1.306882944845303,0.21862165894553443,0,0,1,0,1.23259004,1,Typec,Renault,Mail
2026-01-02 14:00:00,5.977829237728404,2.482818831508399,0.4153378647617373,0,0,1,0,1.23259004,1,Typec,Renault,Mail
2026-01-02 15:00:00,5.977829237728404,0.8621426475328934,0.1442233649117268,0,0,1,0,1.23259004,1,Typec,Renault,Mail
2026-01-02 16:00:00,5.977829237728404,1.5912602985941025,0.26619366919199366,0,0,1,0,1.23259004,1,Typec,Renault,Mail
2026-01-02 17:00:00,5.977829237728404,1.9151679803066797,0.32037850265432644,0,0,1,0,1.23259004,1,Typec,Renault,Mail
2026-01-02 18:00:00,5.977829237728404,3.3156957506601707,0.5546655180000001,0,0,1,0,1.23259004,1,Typec,Renault,Mail
2026-01-02 19:00:00,5.977829237728404,2.1439187559332815,0.35864503161150485,0,0,1,0,1.23259004,1,Typec,Renault,Mail
2026-01-02 20:00:00,5.977829237728404,1.435364574982031,0.24011468342435865,0,0,1,0,1.23259004,1,Typec,Renault,Mail
2026-01-02 21:00:00,0.0,0.0,0.0,1,1,1,80,1.0,1,Typec,Renault,Mail
2026-01-02 22:00:00,0.0,0.0,0.0,1,1,1,80,1.0,1,Typec,Renault,Mail
2026-01-02 23:00:00,0.0,0.0,0.0,1,1,1,80,1.0,1,Typec,Renault,Mail
2026-01-03 00:00:00,0.0,0.0,0.0,1,1,1,80,1.0,1,Typec,Renault,Mail
2026-01-03 01:00:00,0.0,0.0,0.0,1,1,1,80,1.0,1,Typec,Renault,Mail
2026-01-03 02:00:00,0.0,0.0,0.0,1,1,1,80,1.0,1,Typec,Renault,Mail
2026-01-03 03:00:00,0.0,0.0,0.0,1,1,1,80,1.0,1,Typec,Renault,Mail
2026-01-03 04:00:00,0.0,0.0,0.0,1,1,1,80,1.0,1,Typec,Renault,Mail
2026-01-03 05:00:00,0.0,0.0,0.0,1,1,1,80,1.0,1,Typec,Renault,Mail
2026-01-03 06:00:00,0.0,0.0,0.0,1,1,1,80,1.0,1,Typec,Renault,Mail
2026-01-03 07:00:00,0.0,0.0,0.0,1,1,1,80,1.0,1,Typec,Renault,Mail
2026-01-03 08:00:00,0.0,0.0,0.0,1,1,1,80,1.0,1,Typec,Renault,Mail
2026-01-03 09:00:00,4.3725367947287275,1.903727258536323,0.435382787591712,0,0,1,0,1.209049010004,1,Typec,Renault,Mail
2026-01-03 10:00:00,4.3725367947287275,0.5286611282872831,0.1209049010004,0,0,1,0,1.209049010004,1,Typec,Renault,Mail
2026-01-03 11:00:00,4.3725367947287275,0.859618316341875,0.1965948731130588,0,0,1,0,1.209049010004,1,Typec,Renault,Mail
2026-01-03 12:00:00,4.3725367947287275,1.1107005136050667,0.2540174195775921,0,0,1,0,1.209049010004,1,Typec,Renault,Mail
2026-01-03 13:00:00,4.3725367947287275,1.8307004451615896,0.4186815414266094,0,0,1,0,1.209049010004,1,Typec,Renault,Mail
2026-01-03 14:00:00,4.3725367947287275,1.23739668921221,0.2829928591347573,0,0,1,0,1.209049010004,1,Typec,Renault,Mail
2026-01-03 15:00:00,4.3725367947287275,1.0394497154728615,0.23772234843763024,0,0,1,0,1.209049010004,1,Typec,Renault,Mail
2026-01-03 16:00:00,4.3725367947287275,2.378975077292774,0.5440720545018,0,0,1,0,1.209049010004,1,Typec,Renault,Mail
2026-01-03 17:00:00,4.3725367947287275,1.3420741785752193,0.3069326209428689,0,0,1,0,1.209049010004,1,Typec,Renault,Mail
2026-01-03 18:00:00,4.3725367947287275,1.8606366538580854,0.4255279580725677,0,0,1,0,1.209049010004,1,Typec,Renault,Mail
2026-01-03 19:00:00,4.3725367947287275,1.3481915402342932,0.3083316627225626,0,0,1,0,1.209049010004,1,Typec,Renault,Mail
2026-01-03 20:00:00,4.3725367947287275,1.4420503723952218,0.32979719556246456,0,0,1,0,1.209049010004,1,Typec,Renault,Mail
2026-01-03 21:00:00,0.0,0.0,0.0,1,1,1,80,1.0,1,Typec,Renault,Mail
2026-01-03 22:00:00,0.0,0.0,0.0,1,1,1,80,1.0,1,Typec,Renault,Mail
2026-01-03 23:00:00,0.0,0.0,0.0,1,1,1,80,1.0,1,Typec,Renault,Mail
2026-01-04 00:00:00,0.0,0.0,0.0,1,1,1,80,1.0,1,Typec,Renault,Mail
2026-01-04 01:00:00,0.0,0.0,0.0,1,1,1,80,1.0,1,Typec,Renault,Mail
2026-01-04 02:00:00,0.0,0.0,0.0,1,1,1,80,1.0,1,Typec,Renault,Mail
2026-01-04 03:00:00,0.0,0.0,0.0,1,1,1,80,1.0,1,Typec,Renault,Mail
2026-01-04 04:00:00,0.0,0.0,0.0,1,1,1,80,1.0,1,Typec,Renault,Mail
2026-01-04 05:00:00,0.0,0.0,0.0,1,1,1,80,1.0,1,Typec,Renault,Mail
2026-01-04 06:00:00,0.0,0.0,0.0,1,1,1,80,1.0,1,Typec,Renault,Mail
2026-01-04 07:00:00,0.0,0.0,0.0,1,1,1,80,1.0,1,Typec,Renault,Mail
2026-01-04 08:00:00,0.0,0.0,0.0,1,1,1,80,1.0,1,Typec,Renault,Mail
2026-01-04 09:00:00,0.0,0.0,0.0,1,1,1,80,1.0,1,Typec,Renault,Mail
2026-01-04 10:00:00,4.444240169863252,0.7789982630477728,0.17528266548919258,0,0,1,0,1.3050301525,1,Typec,Renault,Mail
2026-01-04 11:00:00,4.444240169863252,0.5799867426623266,0.13050301525000002,0,0,1,0,1.3050301525,1,Typec,Renault,Mail
2026-01-04 12:00:00,4.444240169863252,1.1044340172604987,0.24850907580327322,0,0,1,0,1.3050301525,1,Typec,Renault,Mail
2026-01-04 13:00:00,4.444240169863252,0.5799867426623266,0.13050301525000002,0,0,1,0,1.3050301525,1,Typec,Renault,Mail
2026-01-04 14:00:00,4.444240169863252,0.6626993061457951,0.14911419743685594,0,0,1,0,1.3050301525,1,Typec,Renault,Mail
2026-01-04 15:00:00,4.444240169863252,0.5799867426623266,0.13050301525000002,0,0,1,0,1.3050301525,1,Typec,Renault,Mail
2026-01-04 16:00:00,4.444240169863252,0.5799867426623266,0.13050301525000002,0,0,1,0,1.3050301525,1,Typec,Renault,Mail
2026-01-04 17:00:00,4.444240169863252,0.5799867426623266,0.13050301525000002,0,0,1,0,1.3050301525,1,Typec,Renault,Mail
2026-01-04 18:00:00,4.444240169863252,1.149463962905431,0.2586412792674973,0,0,1,0,1.3050301525,1,Typec,Renault,Mail
2026-01-04 19:00:00,4.444240169863252,0.6797346002570619,0.15294731478879034,0,0,1,0,1.3050301525,1,Typec,Renault,Mail
2026-01-04 20:00:00,0.0,0.0,0.0,1,1,1,80,1.0,1,Typec,Renault,Mail
2026-01-04 21:00:00,0.0,0.0,0.0,1,1,1,80,1.0,1,Typec,Renault,Mail
2026-01-04 22:00:00,0.0,0.0,0.0,1,1,1,80,1.0,1,Typec,Renault,Mail
2026-01-04 23:00:00,0.0,0.0,0.0,1,1,1,80,1.0,1,Typec,Renault,Mail
2026-01-05 00:00:00,0.0,0.0,0.0,1,1,1,80,1.0,1,Typec,Renault,Mail
2026-01-05 01:00:00,0.0,0.0,0.0,1,1,1,80,1.0,1,Typec,Renault,Mail
2026-01-05 02:00:00,0.0,0.0,0.0,1,1,1,80,1.0,1,Typec,Renault,Mail
2026-01-05 03:00:00,0.0,0.0,0.0,1,1,1,80,1.0,1,Typec,Renault,Mail
2026-01-05 04:00:00,0.0,0.0,0.0,1,1,1,80,1.0,1,Typec,Renault,Mail
2026-01-05 05:00:00,0.0,0.0,0.0,1,1,1,80,1.0,1,Typec,Renault,Mail
2026-01-05 06:00:00,0.0,0.0,0.0,1,1,1,80,1.0,1,Typec,Renault,Mail
2026-01-05 07:00:00,0.0,0.0,0.0,1,1,1,80,1.0,1,Typec,Renault,Mail
2026-01-05 08:00:00,0.0,0.0,0.0,1,1,1,80,1.0,1,Typec,Renault,Mail
2026-01-05 09:00:00,7.762589862315168,2.9576564297290453,0.38101413087499303,0,0,1,0,1.226197579604,1,Typec,Renault,Mail
2026-01-05 10:00:00,7.762589862315168,1.363765198185798,0.17568430412721295,0,0,1,0,1.226197579604,1,Typec,Renault,Mail
2026-01-05 11:00:00,7.762589862315168,2.1010451121669798,0.27066290367430923,0,0,1,0,1.226197579604,1,Typec,Renault,Mail
2026-01-05 12:00:00,7.762589862315168,2.258066563357018,0.2908908757783522,0,0,1,0,1.226197579604,1,Typec,Renault,Mail
2026-01-05 13:00:00,7.762589862315168,1.5606566470732,0.20104844835995742,0,0,1,0,1.226197579604,1,Typec,Renault,Mail
2026-01-05 14:00:00,7.762589862315168,2.288471542327282,0.29480773593837056,0,0,1,0,1.226197579604,1,Typec,Renault,Mail
2026-01-05 15:00:00,7.762589862315168,2.575010703424032,0.33172056608643796,0,0,1,0,1.226197579604,1,Typec,Renault,Mail
2026-01-05 16:00:00,7.762589862315168,3.9054285862181324,0.5031089694919616,0,0,1,0,1.226197579604,1,Typec,Renault,Mail
2026-01-05 17:00:00,7.762589862315168,2.644235735152989,0.34063834133372,0,0,1,0,1.226197579604,1,Typec,Renault,Mail
2026-01-05 18:00:00,7.762589862315168,3.9662750471911035,0.5109473922416113,0,0,1,0,1.226197579604,1,Typec,Renault,Mail
2026-01-05 19:00:00,7.762589862315168,4.004183457358217,0.5158308668086687,0,0,1,0,1.226197579604,1,Typec,Renault,Mail
2026-01-05 20:00:00,7.762589862315168,2.065912760501508,0.26613704925089987,0,0,1,0,1.226197579604,1,Typec,Renault,Mail
2026-01-05 21:00:00,0.0,0.0,0.0,1,1,1,80,1.0,1,Typec,Renault,Mail
2026-01-05 22:00:00,0.0,0.0,0.0,1,1,1,80,1.0,1,Typec,Renault,Mail
2026-01-05 23:00:00,0.0,0.0,0.0,1,1,1,80,1.0,1,Typec,Renault,Mail
2026-01-06 00:00:00,0.0,0.0,0.0,1,1,1,80,1.0,1,Typec,Renault,Mail
2026-01-06 01:00:00,0.0,0.0,0.0,1,1,1,80,1.0,1,Typec,Renault,Mail
2026-01-06 02:00:00,0.0,0.0,0.0,1,1,1,80,1.0,1,Typec,Renault,Mail
2026-01-06 03:00:00,0.0,0.0,0.0,1,1,1,80,1.0,1,Typec,Renault,Mail
2026-01-06 04:00:00,0.0,0.0,0.0,1,1,1,80,1.0,1,Typec,Renault,Mail
2026-01-06 05:00:00,0.0,0.0,0.0,1,1,1,80,1.0,1,Typec,Renault,Mail
2026-01-06 06:00:00,0.0,0.0,0.0,1,1,1,80,1.0,1,Typec,Renault,Mail
2026-01-06 07:00:00,0.0,0.0,0.0,1,1,1,80,1.0,1,Typec,Renault,Mail
2026-01-06 08:00:00,0.0,0.0,0.0,1,1,1,80,1.0,1,Typec,Renault,Mail
2026-01-06 09:00:00,7.285287773879771,1.4696587314964447,0.20172967453196153,0,0,1,0,1.3306301459840002,1,Typec,Renault,Mail
2026-01-06 10:00:00,7.285287773879771,2.2794056596682823,0.31287791648268515,0,0,1,0,1.3306301459840002,1,Typec,Renault,Mail
2026-01-06 11:00:00,7.285287773879771,1.9738517931819448,0.27093669522003966,0,0,1,0,1.3306301459840002,1,Typec,Renault,Mail
2026-01-06 12:00:00,7.285287773879771,1.2195370835650128,0.16739724241744672,0,0,1,0,1.3306301459840002,1,Typec,Renault,Mail
2026-01-06 13:00:00,7.285287773879771,0.9694023534093092,0.13306301459840003,0,0,1,0,1.3306301459840002,1,Typec,Renault,Mail
2026-01-06 14:00:00,7.285287773879771,0.9694023534093092,0.13306301459840003,0,0,1,0,1.3306301459840002,1,Typec,Renault,Mail
2026-01-06 15:00:00,7.285287773879771,1.0867131306560869,0.14916543647765326,0,0,1,0,1.3306301459840002,1,Typec,Renault,Mail
2026-01-06 16:00:00,7.285287773879771,1.9933865259617427,0.2736180900236652,0,0,1,0,1.3306301459840002,1,Typec,Renault,Mail
2026-01-06 17:00:00,7.285287773879771,4.362310590341892,0.5987835656928001,0,0,1,0,1.3306301459840002,1,Typec,Renault,Mail
2026-01-06 18:00:00,7.285287773879771,3.1099232889511796,0.4268772058807766,0,0,1,0,1.3306301459840002,1,Typec,Renault,Mail
2026-01-06 19:00:00,7.285287773879771,0.9694023534093092,0.13306301459840003,0,0,1,0,1.3306301459840002,1,Typec,Renault,Mail
2026-01-06 20:00:00,7.285287773879771,0.9694023534093092,0.13306301459840003,0,0,1,0,1.3306301459840002,1,Typec,Renault,Mail
2026-01-06 21:00:00,0.0,0.0,0.0,1,1,1,80,1.0,1,Typec,Renault,Mail
2026-01-06 22:00:00,0.0,0.0,0.0,1,1,1,80,1.0,1,Typec,Renault,Mail
2026-01-06 23:00:00,0.0,0.0,0.0,1,1,1,80,1.0,1,Typec,Renault,Mail
2026-01-07 00:00:00,0.0,0.0,0.0,1,1,1,80,1.0,1,Typec,Renault,Mail
2026-01-07 01:00:00,0.0,0.0,0.0,1,1,1,80,1.0,1,Typec,Renault,Mail
2026-01-07 02:00:00,0.0,0.0,0.0,1,1,1,80,1.0,1,Typec,Renault,Mail
2026-01-07 03:00:00,0.0,0.0,0.0,1,1,1,80,1.0,1,Typec,Renault,Mail
2026-01-07 04:00:00,0.0,0.0,0.0,1,1,1,80,1.0,1,Typec,Renault,Mail
2026-01-07 05:00:00,0.0,0.0,0.0,1,1,1,80,1.0,1,Typec,Renault,Mail
2026-01-07 06:00:00,0.0,0.0,0.0,1,1,1,80,1.0,1,Typec,Renault,Mail
2026-01-07 07:00:00,0.0,0.0,0.0,1,1,1,80,1.0,1,Typec,Renault,Mail
2026-01-07 08:00:00,0.0,0.0,0.0,1,1,1,80,1.0,1,Typec,Renault,Mail
2026-01-07 09:00:00,10.822335144384365,6.247088390252257,0.5772403374048001,0,0,1,0,1.282756305344,1,Typec,Renault,Mail
2026-01-07 10:00:00,10.822335144384365,2.8270750190695755,0.26122597215412663,0,0,1,0,1.282756305344,1,Typec,Renault,Mail
2026-01-07 11:00:00,10.822335144384365,1.4057409426848495,0.12989257160588663,0,0,1,0,1.282756305344,1,Typec,Renault,Mail
2026-01-07 12:00:00,10.822335144384365,2.0858402327486747,0.19273476610369092,0,0,1,0,1.282756305344,1,Typec,Renault,Mail
2026-01-07 13:00:00,10.822335144384365,4.480284865722349,0.4139850416707099,0,0,1,0,1.282756305344,1,Typec,Renault,Mail
2026-01-07 14:00:00,10.822335144384365,1.505297050690015,0.13909170531196338,0,0,1,0,1.282756305344,1,Typec,Renault,Mail
2026-01-07 15:00:00,10.822335144384365,2.3897914220674745,0.2208203118998325,0,0,1,0,1.282756305344,1,Typec,Renault,Mail
2026-01-07 16:00:00,10.822335144384365,1.7571522572401084,0.16236350416036438,0,0,1,0,1.282756305344,1,Typec,Renault,Mail
2026-01-07 17:00:00,10.822335144384365,1.3882418645005015,0.12827563053440003,0,0,1,0,1.282756305344,1,Typec,Renault,Mail
2026-01-07 18:00:00,10.822335144384365,4.816698060918381,0.44507012550038544,0,0,1,0,1.282756305344,1,Typec,Renault,Mail
2026-01-07 19:00:00,10.822335144384365,2.2600775512350486,0.2088345556742241,0,0,1,0,1.282756305344,1,Typec,Renault,Mail
2026-01-07 20:00:00,10.822335144384365,1.3882418645005015,0.12827563053440003,0,0,1,0,1.282756305344,1,Typec,Renault,Mail
2026-01-07 21:00:00,0.0,0.0,0.0,1,1,1,80,1.0,1,Typec,Renault,Mail
2026-01-07 22:00:00,0.0,0.0,0.0,1,1,1,80,1.0,1,Typec,Renault,Mail
2026-01-07 23:00:00,0.0,0.0,0.0,1,1,1,80,1.0,1,Typec,Renault,Mail
2026-01-08 00:00:00,0.0,0.0,0.0,1,1,1,80,1.0,1,Typec,Renault,Mail
2026-01-08 01:00:00,0.0,0.0,0.0,1,1,1,80,1.0,1,Typec,Renault,Mail
2026-01-08 02:00:00,0.0,0.0,0.0,1,1,1,80,1.0,1,Typec,Renault,Mail
2026-01-08 03:00:00,0.0,0.0,0.0,1,1,1,80,1.0,1,Typec,Renault,Mail
2026-01-08 04:00:00,0.0,0.0,0.0,1,1,1,80,1.0,1,Typec,Renault,Mail
2026-01-08 05:00:00,0.0,0.0,0.0,1,1,1,80,1.0,1,Typec,Renault,Mail
2026-01-08 06:00:00,0.0,0.0,0.0,1,1,1,80,1.0,1,Typec,Renault,Mail
2026-01-08 07:00:00,0.0,0.0,0.0,1,1,1,80,1.0,1,Typec,Renault,Mail
2026-01-08 08:00:00,0.0,0.0,0.0,1,1,1,80,1.0,1,Typec,Renault,Mail
2026-01-08 09:00:00,7.8200016780436945,0.9200898411527495,0.11765852221440001,0,0,1,0,1.176585222144,1,Typec,Renault,Mail
2026-01-08 10:00:00,7.8200016780436945,1.0875152881764336,0.1390684213316555,0,0,1,0,1.176585222144,1,Typec,Renault,Mail
2026-01-08 11:00:00,7.8200016780436945,2.695692638197194,0.34471765469896515,0,0,1,0,1.176585222144,1,Typec,Renault,Mail
2026-01-08 12:00:00,7.8200016780436945,3.261257043141611,0.4170404531111903,0,0,1,0,1.176585222144,1,Typec,Renault,Mail
2026-01-08 13:00:00,7.8200016780436945,1.2676062289298728,0.16209794845555403,0,0,1,0,1.176585222144,1,Typec,Renault,Mail
2026-01-08 14:00:00,7.8200016780436945,0.9200898411527495,0.11765852221440001,0,0,1,0,1.176585222144,1,Typec,Renault,Mail
2026-01-08 15:00:00,7.8200016780436945,0.9200898411527495,0.11765852221440001,0,0,1,0,1.176585222144,1,Typec,Renault,Mail
2026-01-08 16:00:00,7.8200016780436945,1.5910297137840734,0.20345644148021416,0,0,1,0,1.176585222144,1,Typec,Renault,Mail
2026-01-08 17:00:00,7.8200016780436945,0.9200898411527495,0.11765852221440001,0,0,1,0,1.176585222144,1,Typec,Renault,Mail
2026-01-08 18:00:00,7.8200016780436945,0.9200898411527495,0.11765852221440001,0,0,1,0,1.176585222144,1,Typec,Renault,Mail
2026-01-08 19:00:00,7.8200016780436945,1.412451438930742,0.18062034985190575,0,0,1,0,1.176585222144,1,Typec,Renault,Mail
2026-01-08 20:00:00,7.8200016780436945,1.0396724208495418,0.13295040891981413,0,0,1,0,1.176585222144,1,Typec,Renault,Mail
2026-01-08 21:00:00,0.0,0.0,0.0,1,1,1,80,1.0,1,Typec,Renault,Mail
2026-01-08 22:00:00,0.0,0.0,0.0,1,1,1,80,1.0,1,Typec,Renault,Mail
2026-01-08 23:00:00,0.0,0.0,0.0,1,1,1,80,1.0,1,Typec,Renault,Mail
2026-01-09 00:00:00,0.0,0.0,0.0,1,1,1,80,1.0,1,Typec,Renault,Mail
2026-01-09 01:00:00,0.0,0.0,0.0,1,1,1,80,1.0,1,Typec,Renault,Mail
2026-01-09 02:00:00,0.0,0.0,0.0,1,1,1,80,1.0,1,Typec,Renault,Mail
2026-01-09 03:00:00,0.0,0.0,0.0,1,1,1,80,1.0,1,Typec,Renault,Mail
2026-01-09 04:00:00,0.0,0.0,0.0,1,1,1,80,1.0,1,Typec,Renault,Mail
2026-01-09 05:00:00,0.0,0.0,0.0,1,1,1,80,1.0,1,Typec,Renault,Mail
2026-01-09 06:00:00,0.0,0.0,0.0,1,1,1,80,1.0,1,Typec,Renault,Mail
2026-01-09 07:00:00,0.0,0.0,0.0,1,1,1,80,1.0,1,Typec,Renault,Mail
2026-01-09 08:00:00,0.0,0.0,0.0,1,1,1,80,1.0,1,Typec,Renault,Mail
2026-01-09 09:00:00,10.723898370192003,5.250515395242398,0.4896088357044353,0,0,1,0,1.137342385344,1,Typec,Renault,Mail
2026-01-09 10:00:00,10.723898370192003,2.301568974129721,0.2146205507250171,0,0,1,0,1.137342385344,1,Typec,Renault,Mail
2026-01-09 11:00:00,10.723898370192003,3.3478560388232617,0.312186475780945,0,0,1,0,1.137342385344,1,Typec,Renault,Mail
2026-01-09 12:00:00,10.723898370192003,2.688213326314252,0.2506750095456305,0,0,1,0,1.137342385344,1,Typec,Renault,Mail
2026-01-09 13:00:00,10.723898370192003,3.099233363878148,0.28900249301995745,0,0,1,0,1.137342385344,1,Typec,Renault,Mail
2026-01-09 14:00:00,10.723898370192003,2.8905888583623485,0.26954646142460553,0,0,1,0,1.137342385344,1,Typec,Renault,Mail
2026-01-09 15:00:00,10.723898370192003,5.1262103466189535,0.47801743075705516,0,0,1,0,1.137342385344,1,Typec,Renault,Mail
2026-01-09 16:00:00,10.723898370192003,1.2196744152540806,0.1137342385344,0,0,1,0,1.137342385344,1,Typec,Renault,Mail
2026-01-09 17:00:00,10.723898370192003,1.2196744152540806,0.1137342385344,0,0,1,0,1.137342385344,1,Typec,Renault,Mail
2026-01-09 18:00:00,10.723898370192003,4.942998101767699,0.4609329491136532,0,0,1,0,1.137342385344,1,Typec,Renault,Mail
2026-01-09 19:00:00,10.723898370192003,1.2196744152540806,0.1137342385344,0,0,1,0,1.137342385344,1,Typec,Renault,Mail
2026-01-09 20:00:00,10.723898370192003,1.2196744152540806,0.1137342385344,0,0,1,0,1.137342385344,1,Typec,Renault,Mail
2026-01-09 21:00:00,0.0,0.0,0.0,1,1,1,80,1.0,1,Typec,Renault,Mail
2026-01-09 22:00:00,0.0,0.0,0.0,1,1,1,80,1.0,1,Typec,Renault,Mail
2026-01-09 23:00:00,0.0,0.0,0.0,1,1,1,80,1.0,1,Typec,Renault,Mail
2026-01-10 00:00:00,0.0,0.0,0.0,1,1,1,80,1.0,1,Typec,Renault,Mail
2026-01-10 01:00:00,0.0,0.0,0.0,1,1,1,80,1.0,1,Typec,Renault,Mail
2026-01-10 02:00:00,0.0,0.0,0.0,1,1,1,80,1.0,1,Typec,Renault,Mail
2026-01-10 03:00:00,0.0,0.0,0.0,1,1,1,80,1.0,1,Typec,Renault,Mail
2026-01-10 04:00:00,0.0,0.0,0.0,1,1,1,80,1.0,1,Typec,Renault,Mail
2026-01-10 05:00:00,0.0,0.0,0.0,1,1,1,80,1.0,1,Typec,Renault,Mail
2026-01-10 06:00:00,0.0,0.0,0.0,1,1,1,80,1.0,1,Typec,Renault,Mail
2026-01-10 07:00:00,0.0,0.0,0.0,1,1,1,80,1.0,1,Typec,Renault,Mail
2026-01-10 08:00:00,0.0,0.0,0.0,1,1,1,80,1.0,1,Typec,Renault,Mail
2026-01-10 09:00:00,6.007648812467529,2.0539003355629766,0.34188089212215045,0,0,1,0,1.18961004,1,Typec,Renault,Mail
2026-01-10 10:00:00,6.007648812467529,0.7146759344105451,0.11896100400000001,0,0,1,0,1.18961004,1,Typec,Renault,Mail
2026-01-10 11:00:00,6.007648812467529,2.757771123332653,0.45904333116301954,0,0,1,0,1.18961004,1,Typec,Renault,Mail
2026-01-10 12:00:00,6.007648812467529,1.5875429852822247,0.2642536264749089,0,0,1,0,1.18961004,1,Typec,Renault,Mail
2026-01-10 13:00:00,6.007648812467529,3.1465197641037417,0.5237522801888561,0,0,1,0,1.18961004,1,Typec,Renault,Mail
2026-01-10 14:00:00,6.007648812467529,1.8926830374550827,0.31504555218461555,0,0,1,0,1.18961004,1,Typec,Renault,Mail
2026-01-10 15:00:00,6.007648812467529,1.0583558832282658,0.1761680677858342,0,0,1,0,1.18961004,1,Typec,Renault,Mail
2026-01-10 16:00:00,6.007648812467529,0.7146759344105451,0.11896100400000001,0,0,1,0,1.18961004,1,Typec,Renault,Mail
2026-01-10 17:00:00,6.007648812467529,0.7146759344105451,0.11896100400000001,0,0,1,0,1.18961004,1,Typec,Renault,Mail
2026-01-10 18:00:00,6.007648812467529,0.7146759344105451,0.11896100400000001,0,0,1,0,1.18961004,1,Typec,Renault,Mail
2026-01-10 19:00:00,6.007648812467529,1.92791975409115,0.3209108611825286,0,0,1,0,1.18961004,1,Typec,Renault,Mail
2026-01-10 20:00:00,6.007648812467529,1.1900361866333355,0.19808684291992604,0,0,1,0,1.18961004,1,Typec,Renault,Mail
2026-01-10 21:00:00,0.0,0.0,0.0,1,1,1,80,1.0,1,Typec,Renault,Mail
2026-01-10 22:00:00,0.0,0.0,0.0,1,1,1,80,1.0,1,Typec,Renault,Mail
2026-01-10 23:00:00,0.0,0.0,0.0,1,1,1,80,1.0,1,Typec,Renault,Mail
2026-01-11 00:00:00,0.0,0.0,0.0,1,1,1,80,1.0,1,Typec,Renault,Mail
2026-01-11 01:00:00,0.0,0.0,0.0,1,1,1,80,1.0,1,Typec,Renault,Mail
2026-01-11 02:00:00,0.0,0.0,0.0,1,1,1,80,1.0,1,Typec,Renault,Mail
2026-01-11 03:00:00,0.0,0.0,0.0,1,1,1,80,1.0,1,Typec,Renault,Mail
2026-01-11 04:00:00,0.0,0.0,0.0,1,1,1,80,1.0,1,Typec,Renault,Mail
2026-01-11 05:00:00,0.0,0.0,0.0,1,1,1,80,1.0,1,Typec,Renault,Mail
2026-01-11 06:00:00,0.0,0.0,0.0,1,1,1,80,1.0,1,Typec,Renault,Mail
2026-01-11 07:00:00,0.0,0.0,0.0,1,1,1,80,1.0,1,Typec,Renault,Mail
2026-01-11 08:00:00,0.0,0.0,0.0,1,1,1,80,1.0,1,Typec,Renault,Mail
2026-01-11 09:00:00,6.845678890933786,0.8898633737117791,0.12998906140489408,0,0,1,0,1.122069513044,1,Typec,Renault,Mail
2026-01-11 10:00:00,6.845678890933786,2.6053005606605457,0.3805759227344024,0,0,1,0,1.122069513044,1,Typec,Renault,Mail
2026-01-11 11:00:00,6.845678890933786,1.4172929139807404,0.20703467640846568,0,0,1,0,1.122069513044,1,Typec,Renault,Mail
2026-01-11 12:00:00,6.845678890933786,0.7681327579605663,0.1122069513044,0,0,1,0,1.122069513044,1,Typec,Renault,Mail
2026-01-11 13:00:00,6.845678890933786,1.0343358033733403,0.15109323996239205,0,0,1,0,1.122069513044,1,Typec,Renault,Mail
2026-01-11 14:00:00,6.845678890933786,2.456621479631293,0.35885724685169934,0,0,1,0,1.122069513044,1,Typec,Renault,Mail
2026-01-11 15:00:00,6.845678890933786,1.7135904040098633,0.2503170878025394,0,0,1,0,1.122069513044,1,Typec,Renault,Mail
2026-01-11 16:00:00,6.845678890933786,0.7681327579605663,0.1122069513044,0,0,1,0,1.122069513044,1,Typec,Renault,Mail
2026-01-11 17:00:00,6.845678890933786,1.8999822360069654,0.27754474994777295,0,0,1,0,1.122069513044,1,Typec,Renault,Mail
2026-01-11 18:00:00,0.0,0.0,0.0,1,1,1,80,1.0,1,Typec,Renault,Mail
2026-01-11 19:00:00,0.0,0.0,0.0,1,1,1,80,1.0,1,Typec,Renault,Mail
2026-01-11 20:00:00,0.0,0.0,0.0,1,1,1,80,1.0,1,Typec,Renault,Mail
2026-01-11 21:00:00,0.0,0.0,0.0,1,1,1,80,1.0,1,Typec,Renault,Mail
2026-01-11 22:00:00,0.0,0.0,0.0,1,1,1,80,1.0,1,Typec,Renault,Mail
2026-01-11 23:00:00,0.0,0.0,0.0,1,1,1,80,1.0,1,Typec,Renault,Mail
2026-01-12 00:00:00,0.0,0.0,0.0,1,1,1,80,1.0,1,Typec,Renault,Mail
2026-01-12 01:00:00,0.0,0.0,0.0,1,1,1,80,1.0,1,Typec,Renault,Mail
2026-01-12 02:00:00,0.0,0.0,0.0,1,1,1,80,1.0,1,Typec,Renault,Mail
2026-01-12 03:00:00,0.0,0.0,0.0,1,1,1,80,1.0,1,Typec,Renault,Mail
2026-01-12 04:00:00,0.0,0.0,0.0,1,1,1,80,1.0,1,Typec,Renault,Mail
2026-01-12 05:00:00,0.0,0.0,0.0,1,1,1,80,1.0,1,Typec,Renault,Mail
2026-01-12 06:00:00,0.0,0.0,0.0,1,1,1,80,1.0,1,Typec,Renault,Mail
2026-01-12 07:00:00,0.0,0.0,0.0,1,1,1,80,1.0,1,Typec,Renault,Mail
2026-01-12 08:00:00,0.0,0.0,0.0,1,1,1,80,1.0,1,Typec,Renault,Mail
2026-01-12 09:00:00,7.7378224631950685,0.8665504789081638,0.1119889326784,0,0,1,0,1.119889326784,1,Typec,Renault,Mail
2026-01-12 10:00:00,7.7378224631950685,1.78815464542385,0.23109274656134884,0,0,1,0,1.119889326784,1,Typec,Renault,Mail
2026-01-12 11:00:00,7.7378224631950685,1.695084312106245,0.21906477179709266,0,0,1,0,1.119889326784,1,Typec,Renault,Mail
2026-01-12 12:00:00,7.7378224631950685,0.8665504789081638,0.1119889326784,0,0,1,0,1.119889326784,1,Typec,Renault,Mail
2026-01-12 13:00:00,7.7378224631950685,2.4202487634613585,0.3127816352692589,0,0,1,0,1.119889326784,1,Typec,Renault,Mail
2026-01-12 14:00:00,7.7378224631950685,0.9084044424933331,0.1173979432604142,0,0,1,0,1.119889326784,1,Typec,Renault,Mail
2026-01-12 15:00:00,7.7378224631950685,1.2938583181801158,0.16721220011629231,0,0,1,0,1.119889326784,1,Typec,Renault,Mail
2026-01-12 16:00:00,7.7378224631950685,0.8665504789081638,0.1119889326784,0,0,1,0,1.119889326784,1,Typec,Renault,Mail
2026-01-12 17:00:00,7.7378224631950685,1.122526354514148,0.14507005812726273,0,0,1,0,1.119889326784,1,Typec,Renault,Mail
2026-01-12 18:00:00,7.7378224631950685,3.899477155086737,0.5039501970528,0,0,1,0,1.119889326784,1,Typec,Renault,Mail
2026-01-12 19:00:00,7.7378224631950685,3.28746970232161,0.42485721505739515,0,0,1,0,1.119889326784,1,Typec,Renault,Mail
2026-01-12 20:00:00,7.7378224631950685,0.8665504789081638,0.1119889326784,0,0,1,0,1.119889326784,1,Typec,Renault,Mail
2026-01-12 21:00:00,0.0,0.0,0.0,1,1,1,80,1.0,1,Typec,Renault,Mail
2026-01-12 22:00:00,0.0,0.0,0.0,1,1,1,80,1.0,1,Typec,Renault,Mail
2026-01-12 23:00:00,0.0,0.0,0.0,1,1,1,80,1.0,1,Typec,Renault,Mail
2026-01-13 00:00:00,0.0,0.0,0.0,1,1,1,80,1.0,1,Typec,Renault,Mail
2026-01-13 01:00:00,0.0,0.0,0.0,1,1,1,80,1.0,1,Typec,Renault,Mail
2026-01-13 02:00:00,0.0,0.0,0.0,1,1,1,80,1.0,1,Typec,Renault,Mail
2026-01-13 03:00:00,0.0,0.0,0.0,1,1,1,80,1.0,1,Typec,Renault,Mail
2026-01-13 04:00:00,0.0,0.0,0.0,1,1,1,80,1.0,1,Typec,Renault,Mail
2026-01-13 05:00:00,0.0,0.0,0.0,1,1,1,80,1.0,1,Typec,Renault,Mail
2026-01-13 06:00:00,0.0,0.0,0.0,1,1,1,80,1.0,1,Typec,Renault,Mail
2026-01-13 07:00:00,0.0,0.0,0.0,1,1,1,80,1.0,1,Typec,Renault,Mail
2026-01-13 08:00:00,0.0,0.0,0.0,1,1,1,80,1.0,1,Typec,Renault,Mail
2026-01-13 09:00:00,8.152486167653159,1.8021805951320027,0.22105901906127282,0,0,1,0,1.12425024,1,Typec,Renault,Mail
2026-01-13 10:00:00,8.152486167653159,2.541284908266561,0.3117190089018104,0,0,1,0,1.12425024,1,Typec,Renault,Mail
2026-01-13 11:00:00,8.152486167653159,1.317783259782701,0.16164188845990388,0,0,1,0,1.12425024,1,Typec,Renault,Mail
2026-01-13 12:00:00,8.152486167653159,1.558937894272669,0.1912223905951671,0,0,1,0,1.12425024,1,Typec,Renault,Mail
2026-01-13 13:00:00,8.152486167653159,2.276797397616419,0.2792764502502476,0,0,1,0,1.12425024,1,Typec,Renault,Mail
2026-01-13 14:00:00,8.152486167653159,2.7561537454331217,0.33807524339860745,0,0,1,0,1.12425024,1,Typec,Renault,Mail
2026-01-13 15:00:00,8.152486167653159,1.024060359590515,0.1256132593826049,0,0,1,0,1.12425024,1,Typec,Renault,Mail
2026-01-13 16:00:00,8.152486167653159,1.378204001518889,0.16905321556842703,0,0,1,0,1.12425024,1,Typec,Renault,Mail
2026-01-13 17:00:00,8.152486167653159,1.3784250954098043,0.1690803353802695,0,0,1,0,1.12425024,1,Typec,Renault,Mail
2026-01-13 18:00:00,8.152486167653159,3.7979679693100636,0.4658662267198152,0,0,1,0,1.12425024,1,Typec,Renault,Mail
2026-01-13 19:00:00,8.152486167653159,2.7665273912059836,0.3393476952077281,0,0,1,0,1.12425024,1,Typec,Renault,Mail
2026-01-13 20:00:00,8.152486167653159,1.6852857899994815,0.20672047217770645,0,0,1,0,1.12425024,1,Typec,Renault,Mail
2026-01-13 21:00:00,0.0,0.0,0.0,1,1,1,80,1.0,1,Typec,Renault,Mail
2026-01-13 22:00:00,0.0,0.0,0.0,1,1,1,80,1.0,1,Typec,Renault,Mail
2026-01-13 23:00:00,0.0,0.0,0.0,1,1,1,80,1.0,1,Typec,Renault,Mail
2026-01-14 00:00:00,0.0,0.0,0.0,1,1,1,80,1.0,1,Typec,Renault,Mail
2026-01-14 01:00:00,0.0,0.0,0.0,1,1,1,80,1.0,1,Typec,Renault,Mail
2026-01-14 02:00:00,0.0,0.0,0.0,1,1,1,80,1.0,1,Typec,Renault,Mail
2026-01-14 03:00:00,0.0,0.0,0.0,1,1,1,80,1.0,1,Typec,Renault,Mail
2026-01-14 04:00:00,0.0,0.0,0.0,1,1,1,80,1.0,1,Typec,Renault,Mail
2026-01-14 05:00:00,0.0,0.0,0.0,1,1,1,80,1.0,1,Typec,Renault,Mail
2026-01-14 06:00:00,0.0,0.0,0.0,1,1,1,80,1.0,1,Typec,Renault,Mail
2026-01-14 07:00:00,0.0,0.0,0.0,1,1,1,80,1.0,1,Typec,Renault,Mail
2026-01-14 08:00:00,0.0,0.0,0.0,1,1,1,80,1.0,1,Typec,Renault,Mail
2026-01-14 09:00:00,7.819102192224529,2.862993477691458,0.3661537357240932,0,0,1,0,1.102475,1,Typec,Renault,Mail
2026-01-14 10:00:00,7.819102192224529,0.8620364689372739,0.11024750000000001,0,0,1,0,1.102475,1,Typec,Renault,Mail
2026-01-14 11:00:00,7.819102192224529,0.8620364689372739,0.11024750000000001,0,0,1,0,1.102475,1,Typec,Renault,Mail
2026-01-14 12:00:00,7.819102192224529,3.879164110217732,0.4961137500000001,0,0,1,0,1.102475,1,Typec,Renault,Mail
2026-01-14 13:00:00,7.819102192224529,3.3116628220813347,0.4235349200800212,0,0,1,0,1.102475,1,Typec,Renault,Mail
2026-01-14 14:00:00,7.819102192224529,1.5951981819407806,0.2040129598928989,0,0,1,0,1.102475,1,Typec,Renault,Mail
2026-01-14 15:00:00,7.819102192224529,1.1363392779508503,0.14532861318539217,0,0,1,0,1.102475,1,Typec,Renault,Mail
2026-01-14 16:00:00,7.819102192224529,1.9954339237971384,0.2551998777789907,0,0,1,0,1.102475,1,Typec,Renault,Mail
2026-01-14 17:00:00,7.819102192224529,1.4275051808520332,0.18256637984237792,0,0,1,0,1.102475,1,Typec,Renault,Mail
2026-01-14 18:00:00,7.819102192224529,3.328975405273296,0.42574905960222587,0,0,1,0,1.102475,1,Typec,Renault,Mail
2026-01-14 19:00:00,7.819102192224529,1.9423410412771456,0.2484097270411235,0,0,1,0,1.102475,1,Typec,Renault,Mail
2026-01-14 20:00:00,7.819102192224529,0.8620364689372739,0.11024750000000001,0,0,1,0,1.102475,1,Typec,Renault,Mail
2026-01-14 21:00:00,0.0,0.0,0.0,1,1,1,80,1.0,1,Typec,Renault,Mail
2026-01-14 22:00:00,0.0,0.0,0.0,1,1,1,80,1.0,1,Typec,Renault,Mail
2026-01-14 23:00:00,0.0,0.0,0.0,1,1,1,80,1.0,1,Typec,Renault,Mail
2026-01-01 00:00:00,0.0,0.0,0.0,1,1,2,100,1.0,2,Typec,Toyota,Mail
2026-01-01 01:00:00,0.0,0.0,0.0,1,1,2,100,1.0,2,Typec,Toyota,Mail
2026-01-01 02:00:00,0.0,0.0,0.0,1,1,2,100,1.0,2,Typec,Toyota,Mail
2026-01-01 03:00:00,0.0,0.0,0.0,1,1,2,100,1.0,2,Typec,Toyota,Mail
2026-01-01 04:00:00,0.0,0.0,0.0,1,1,2,100,1.0,2,Typec,Toyota,Mail
2026-01-01 05:00:00,0.0,0.0,0.0,1,1,2,100,1.0,2,Typec,Toyota,Mail
2026-01-01 06:00:00,0.0,0.0,0.0,1,1,2,100,1.0,2,Typec,Toyota,Mail
2026-01-01 07:00:00,0.0,0.0,0.0,1,1,2,100,1.0,2,Typec,Toyota,Mail
2026-01-01 08:00:00,0.0,0.0,0.0,1,1,2,100,1.0,2,Typec,Toyota,Mail
2026-01-01 09:00:00,11.4754249587914,3.051396355140948,0.26590704623999595,0,0,2,0,1.1329772784640002,2,Typec,Toyota,Mail
2026-01-01 10:00:00,11.4754249587914,4.610411927306419,0.401763938491389,0,0,2,0,1.1329772784640002,2,Typec,Toyota,Mail
2026-01-01 11:00:00,11.4754249587914,3.1646308335884936,0.2757746092151514,0,0,2,0,1.1329772784640002,2,Typec,Toyota,Mail
2026-01-01 12:00:00,11.4754249587914,4.758187571253657,0.41464151335052546,0,0,2,0,1.1329772784640002,2,Typec,Toyota,Mail
2026-01-01 13:00:00,11.4754249587914,5.348428579835338,0.46607673345795103,0,0,2,0,1.1329772784640002,2,Typec,Toyota,Mail
2026-01-01 14:00:00,11.4754249587914,5.850628082563204,0.5098397753088001,0,0,2,0,1.1329772784640002,2,Typec,Toyota,Mail
2026-01-01 15:00:00,11.4754249587914,3.1495807086162184,0.27446310005306634,0,0,2,0,1.1329772784640002,2,Typec,Toyota,Mail
2026-01-01 16:00:00,11.4754249587914,1.3001395739029342,0.11329772784640002,0,0,2,0,1.1329772784640002,2,Typec,Toyota,Mail
2026-01-01 17:00:00,11.4754249587914,1.3001395739029342,0.11329772784640002,0,0,2,0,1.1329772784640002,2,Typec,Toyota,Mail
2026-01-01 18:00:00,11.4754249587914,3.809108775220504,0.33193618440268047,0,0,2,0,1.1329772784640002,2,Typec,Toyota,Mail
2026-01-01 19:00:00,11.4754249587914,4.982592482368939,0.4341967726913452,0,0,2,0,1.1329772784640002,2,Typec,Toyota,Mail
2026-01-01 20:00:00,11.4754249587914,3.8944611551875425,0.3393740248550856,0,0,2,0,1.1329772784640002,2,Typec,Toyota,Mail
2026-01-01 21:00:00,0.0,0.0,0.0,1,1,2,100,1.0,2,Typec,Toyota,Mail
2026-01-01 22:00:00,0.0,0.0,0.0,1,1,2,100,1.0,2,Typec,Toyota,Mail
2026-01-01 23:00:00,0.0,0.0,0.0,1,1,2,100,1.0,2,Typec,Toyota,Mail
2026-01-02 00:00:00,0.0,0.0,0.0,1,1,2,100,1.0,2,Typec,Toyota,Mail
2026-01-02 01:00:00,0.0,0.0,0.0,1,1,2,100,1.0,2,Typec,Toyota,Mail
2026-01-02 02:00:00,0.0,0.0,0.0,1,1,2,100,1.0,2,Typec,Toyota,Mail
2026-01-02 03:00:00,0.0,0.0,0.0,1,1,2,100,1.0,2,Typec,Toyota,Mail
2026-01-02 04:00:00,0.0,0.0,0.0,1,1,2,100,1.0,2,Typec,Toyota,Mail
2026-01-02 05:00:00,0.0,0.0,0.0,1,1,2,100,1.0,2,Typec,Toyota,Mail
2026-01-02 06:00:00,0.0,0.0,0.0,1,1,2,100,1.0,2,Typec,Toyota,Mail
2026-01-02 07:00:00,0.0,0.0,0.0,1,1,2,100,1.0,2,Typec,Toyota,Mail
2026-01-02 08:00:00,0.0,0.0,0.0,1,1,2,100,1.0,2,Typec,Toyota,Mail
2026-01-02 09:00:00,13.798396772515769,3.6466966626783925,0.2642840847961436,0,0,2,0,1.23259004,2,Typec,Toyota,Mail
2026-01-02 10:00:00,13.798396772515769,5.2201106612153465,0.37831283933021725,0,0,2,0,1.23259004,2,Typec,Toyota,Mail
2026-01-02 11:00:00,13.798396772515769,7.54093323947376,0.5465079286960431,0,0,2,0,1.23259004,2,Typec,Toyota,Mail
2026-01-02 12:00:00,13.798396772515769,2.7678647652436235,0.20059321462307664,0,0,2,0,1.23259004,2,Typec,Toyota,Mail
2026-01-02 13:00:00,13.798396772515769,1.7007766429771085,0.123259004,0,0,2,0,1.23259004,2,Typec,Toyota,Mail
2026-01-02 14:00:00,13.798396772515769,6.514655227350794,0.4721313160328133,0,0,2,0,1.23259004,2,Typec,Toyota,Mail
2026-01-02 15:00:00,13.798396772515769,1.7007766429771085,0.123259004,0,0,2,0,1.23259004,2,Typec,Toyota,Mail
2026-01-02 16:00:00,13.798396772515769,7.653494893396988,0.5546655180000001,0,0,2,0,1.23259004,2,Typec,Toyota,Mail
2026-01-02 17:00:00,13.798396772515769,3.2531637013790555,0.2357638901831584,0,0,2,0,1.23259004,2,Typec,Toyota,Mail
2026-01-02 18:00:00,13.798396772515769,4.550092944550416,0.329755189647357,0,0,2,0,1.23259004,2,Typec,Toyota,Mail
2026-01-02 19:00:00,13.798396772515769,5.036076268440904,0.36497546428524025,0,0,2,0,1.23259004,2,Typec,Toyota,Mail
2026-01-02 20:00:00,13.798396772515769,4.247860496945308,0.3078517429942569,0,0,2,0,1.23259004,2,Typec,Toyota,Mail
2026-01-02 21:00:00,0.0,0.0,0.0,1,1,2,100,1.0,2,Typec,Toyota,Mail
2026-01-02 22:00:00,0.0,0.0,0.0,1,1,2,100,1.0,2,Typec,Toyota,Mail
2026-01-02 23:00:00,0.0,0.0,0.0,1,1,2,100,1.0,2,Typec,Toyota,Mail
2026-01-03 00:00:00,0.0,0.0,0.0,1,1,2,100,1.0,2,Typec,Toyota,Mail
2026-01-03 01:00:00,0.0,0.0,0.0,1,1,2,100,1.0,2,Typec,Toyota,Mail
2026-01-03 02:00:00,0.0,0.0,0.0,1,1,2,100,1.0,2,Typec,Toyota,Mail
2026-01-03 03:00:00,0.0,0.0,0.0,1,1,2,100,1.0,2,Typec,Toyota,Mail
2026-01-03 04:00:00,0.0,0.0,0.0,1,1,2,100,1.0,2,Typec,Toyota,Mail
2026-01-03 05:00:00,0.0,0.0,0.0,1,1,2,100,1.0,2,Typec,Toyota,Mail
2026-01-03 06:00:00,0.0,0.0,0.0,1,1,2,100,1.0,2,Typec,Toyota,Mail
2026-01-03 07:00:00,0.0,0.0,0.0,1,1,2,100,1.0,2,Typec,Toyota,Mail
2026-01-03 08:00:00,0.0,0.0,0.0,1,1,2,100,1.0,2,Typec,Toyota,Mail
2026-01-03 09:00:00,7.853846118794929,2.2463795499371506,0.2860228626788818,0,0,2,0,1.209049010004,2,Typec,Toyota,Mail
2026-01-03 10:00:00,7.853846118794929,1.342794145670066,0.1709728106916488,0,0,2,0,1.209049010004,2,Typec,Toyota,Mail
2026-01-03 11:00:00,7.853846118794929,3.538044181946455,0.4504855491731129,0,0,2,0,1.209049010004,2,Typec,Toyota,Mail
2026-01-03 12:00:00,7.853846118794929,1.2527344846467918,0.1595058606570977,0,0,2,0,1.209049010004,2,Typec,Toyota,Mail
2026-01-03 13:00:00,7.853846118794929,2.42074511749,0.3082241593321964,0,0,2,0,1.209049010004,2,Typec,Toyota,Mail
2026-01-03 14:00:00,7.853846118794929,3.9465686382576455,0.502501395948307,0,0,2,0,1.209049010004,2,Typec,Toyota,Mail
2026-01-03 15:00:00,7.853846118794929,3.617061867385012,0.4605465669526007,0,0,2,0,1.209049010004,2,Typec,Toyota,Mail
2026-01-03 16:00:00,7.853846118794929,1.9486454443052998,0.24811352486802915,0,0,2,0,1.209049010004,2,Typec,Toyota,Mail
2026-01-03 17:00:00,7.853846118794929,2.388910706758117,0.30417080633159443,0,0,2,0,1.209049010004,2,Typec,Toyota,Mail
2026-01-03 18:00:00,7.853846118794929,2.1030655456521585,0.2677752420714409,0,0,2,0,1.209049010004,2,Typec,Toyota,Mail
2026-01-03 19:00:00,7.853846118794929,0.9495684874652767,0.1209049010004,0,0,2,0,1.209049010004,2,Typec,Toyota,Mail
2026-01-03 20:00:00,7.853846118794929,2.8463457538384263,0.3624142503921583,0,0,2,0,1.209049010004,2,Typec,Toyota,Mail
2026-01-03 21:00:00,0.0,0.0,0.0,1,1,2,100,1.0,2,Typec,Toyota,Mail
2026-01-03 22:00:00,0.0,0.0,0.0,1,1,2,100,1.0,2,Typec,Toyota,Mail
2026-01-03 23:00:00,0.0,0.0,0.0,1,1,2,100,1.0,2,Typec,Toyota,Mail
2026-01-04 00:00:00,0.0,0.0,0.0,1,1,2,100,1.0,2,Typec,Toyota,Mail
2026-01-04 01:00:00,0.0,0.0,0.0,1,1,2,100,1.0,2,Typec,Toyota,Mail
2026-01-04 02:00:00,0.0,0.0,0.0,1,1,2,100,1.0,2,Typec,Toyota,Mail
2026-01-04 03:00:00,0.0,0.0,0.0,1,1,2,100,1.0,2,Typec,Toyota,Mail
2026-01-04 04:00:00,0.0,0.0,0.0,1,1,2,100,1.0,2,Typec,Toyota,Mail
2026-01-04 05:00:00,0.0,0.0,0.0,1,1,2,100,1.0,2,Typec,Toyota,Mail
2026-01-04 06:00:00,0.0,0.0,0.0,1,1,2,100,1.0,2,Typec,Toyota,Mail
2026-01-04 07:00:00,0.0,0.0,0.0,1,1,2,100,1.0,2,Typec,Toyota,Mail
2026-01-04 08:00:00,0.0,0.0,0.0,1,1,2,100,1.0,2,Typec,Toyota,Mail
2026-01-04 09:00:00,0.0,0.0,0.0,1,1,2,100,1.0,2,Typec,Toyota,Mail
2026-01-04 10:00:00,10.285700725216293,4.935377996330462,0.4798290489077669,0,0,2,0,1.3050301525,2,Typec,Toyota,Mail
2026-01-04 11:00:00,10.285700725216293,1.3423149585998382,0.13050301525000002,0,0,2,0,1.3050301525,2,Typec,Toyota,Mail
2026-01-04 12:00:00,10.285700725216293,1.6773180930696596,0.16307280737398552,0,0,2,0,1.3050301525,2,Typec,Toyota,Mail
2026-01-04 13:00:00,10.285700725216293,1.5519652751570236,0.15088571178745705,0,0,2,0,1.3050301525,2,Typec,Toyota,Mail
2026-01-04 14:00:00,10.285700725216293,3.0350028757158785,0.29507011304298447,0,0,2,0,1.3050301525,2,Typec,Toyota,Mail
2026-01-04 15:00:00,10.285700725216293,4.360756302829105,0.4239629772756591,0,0,2,0,1.3050301525,2,Typec,Toyota,Mail
2026-01-04 16:00:00,10.285700725216293,1.3423149585998382,0.13050301525000002,0,0,2,0,1.3050301525,2,Typec,Toyota,Mail
2026-01-04 17:00:00,10.285700725216293,6.040417313699271,0.5872635686250001,0,0,2,0,1.3050301525,2,Typec,Toyota,Mail
2026-01-04 18:00:00,10.285700725216293,4.60412885394672,0.447624228717767,0,0,2,0,1.3050301525,2,Typec,Toyota,Mail
2026-01-04 19:00:00,10.285700725216293,2.0506684138892237,0.1993708030860582,0,0,2,0,1.3050301525,2,Typec,Toyota,Mail
2026-01-04 20:00:00,0.0,0.0,0.0,1,1,2,100,1.0,2,Typec,Toyota,Mail
2026-01-04 21:00:00,0.0,0.0,0.0,1,1,2,100,1.0,2,Typec,Toyota,Mail
2026-01-04 22:00:00,0.0,0.0,0.0,1,1,2,100,1.0,2,Typec,Toyota,Mail
2026-01-04 23:00:00,0.0,0.0,0.0,1,1,2,100,1.0,2,Typec,Toyota,Mail
2026-01-05 00:00:00,0.0,0.0,0.0,1,1,2,100,1.0,2,Typec,Toyota,Mail
2026-01-05 01:00:00,0.0,0.0,0.0,1,1,2,100,1.0,2,Typec,Toyota,Mail
2026-01-05 02:00:00,0.0,0.0,0.0,1,1,2,100,1.0,2,Typec,Toyota,Mail
2026-01-05 03:00:00,0.0,0.0,0.0,1,1,2,100,1.0,2,Typec,Toyota,Mail
2026-01-05 04:00:00,0.0,0.0,0.0,1,1,2,100,1.0,2,Typec,Toyota,Mail
2026-01-05 05:00:00,0.0,0.0,0.0,1,1,2,100,1.0,2,Typec,Toyota,Mail
2026-01-05 06:00:00,0.0,0.0,0.0,1,1,2,100,1.0,2,Typec,Toyota,Mail
2026-01-05 07:00:00,0.0,0.0,0.0,1,1,2,100,1.0,2,Typec,Toyota,Mail
2026-01-05 08:00:00,0.0,0.0,0.0,1,1,2,100,1.0,2,Typec,Toyota,Mail
2026-01-05 09:00:00,8.768253345951004,3.3366226564172625,0.380534471892061,0,0,2,0,1.226197579604,2,Typec,Toyota,Mail
2026-01-05 10:00:00,8.768253345951004,2.876118743525774,0.32801501394276034,0,0,2,0,1.226197579604,2,Typec,Toyota,Mail
2026-01-05 11:00:00,8.768253345951004,3.2377060478306214,0.36925325034383577,0,0,2,0,1.226197579604,2,Typec,Toyota,Mail
2026-01-05 12:00:00,8.768253345951004,2.610459524587071,0.2977171645927095,0,0,2,0,1.226197579604,2,Typec,Toyota,Mail
2026-01-05 13:00:00,8.768253345951004,1.420049009402565,0.16195346477509273,0,0,2,0,1.226197579604,2,Typec,Toyota,Mail
2026-01-05 14:00:00,8.768253345951004,4.10481607404414,0.46814524080096953,0,0,2,0,1.226197579604,2,Typec,Toyota,Mail
2026-01-05 15:00:00,8.768253345951004,3.255977182264727,0.3713370330213222,0,0,2,0,1.226197579604,2,Typec,Toyota,Mail
2026-01-05 16:00:00,8.768253345951004,4.295390941169568,0.48987988504610097,0,0,2,0,1.226197579604,2,Typec,Toyota,Mail
2026-01-05 17:00:00,8.768253345951004,2.7443473670778578,0.3129867784152405,0,0,2,0,1.226197579604,2,Typec,Toyota,Mail
2026-01-05 18:00:00,8.768253345951004,1.8156215454102667,0.20706764206906528,0,0,2,0,1.226197579604,2,Typec,Toyota,Mail
2026-01-05 19:00:00,8.768253345951004,2.2404754408987966,0.25552129397965007,0,0,2,0,1.226197579604,2,Typec,Toyota,Mail
2026-01-05 20:00:00,8.768253345951004,3.22530274298364,0.36783868071889336,0,0,2,0,1.226197579604,2,Typec,Toyota,Mail
2026-01-05 21:00:00,0.0,0.0,0.0,1,1,2,100,1.0,2,Typec,Toyota,Mail
2026-01-05 22:00:00,0.0,0.0,0.0,1,1,2,100,1.0,2,Typec,Toyota,Mail
2026-01-05 23:00:00,0.0,0.0,0.0,1,1,2,100,1.0,2,Typec,Toyota,Mail
2026-01-06 00:00:00,0.0,0.0,0.0,1,1,2,100,1.0,2,Typec,Toyota,Mail
2026-01-06 01:00:00,0.0,0.0,0.0,1,1,2,100,1.0,2,Typec,Toyota,Mail
2026-01-06 02:00:00,0.0,0.0,0.0,1,1,2,100,1.0,2,Typec,Toyota,Mail
2026-01-06 03:00:00,0.0,0.0,0.0,1,1,2,100,1.0,2,Typec,Toyota,Mail
2026-01-06 04:00:00,0.0,0.0,0.0,1,1,2,100,1.0,2,Typec,Toyota,Mail
2026-01-06 05:00:00,0.0,0.0,0.0,1,1,2,100,1.0,2,Typec,Toyota,Mail
2026-01-06 06:00:00,0.0,0.0,0.0,1,1,2,100,1.0,2,Typec,Toyota,Mail
2026-01-06 07:00:00,0.0,0.0,0.0,1,1,2,100,1.0,2,Typec,Toyota,Mail
2026-01-06 08:00:00,0.0,0.0,0.0,1,1,2,100,1.0,2,Typec,Toyota,Mail
2026-01-06 09:00:00,7.746113341422959,3.44040579244404,0.4441460692352894,0,0,2,0,1.3306301459840002,2,Typec,Toyota,Mail
2026-01-06 10:00:00,7.746113341422959,3.672556097574666,0.47411597735542793,0,0,2,0,1.3306301459840002,2,Typec,Toyota,Mail
2026-01-06 11:00:00,7.746113341422959,3.6363985941726726,0.46944815211090984,0,0,2,0,1.3306301459840002,2,Typec,Toyota,Mail
2026-01-06 12:00:00,7.746113341422959,1.844728082535644,0.23814886269102384,0,0,2,0,1.3306301459840002,2,Typec,Toyota,Mail
2026-01-06 13:00:00,7.746113341422959,2.8068931045392507,0.3623614812772189,0,0,2,0,1.3306301459840002,2,Typec,Toyota,Mail
2026-01-06 14:00:00,7.746113341422959,4.638245366837809,0.5987835656928001,0,0,2,0,1.3306301459840002,2,Typec,Toyota,Mail
2026-01-06 15:00:00,7.746113341422959,3.5033420544458256,0.45227095189937705,0,0,2,0,1.3306301459840002,2,Typec,Toyota,Mail
2026-01-06 16:00:00,7.746113341422959,3.0295699698899714,0.39110839673479914,0,0,2,0,1.3306301459840002,2,Typec,Toyota,Mail
2026-01-06 17:00:00,7.746113341422959,4.638245366837809,0.5987835656928001,0,0,2,0,1.3306301459840002,2,Typec,Toyota,Mail
2026-01-06 18:00:00,7.746113341422959,1.9788126198322376,0.2554587743056094,0,0,2,0,1.3306301459840002,2,Typec,Toyota,Mail
2026-01-06 19:00:00,7.746113341422959,1.0307211926306243,0.13306301459840003,0,0,2,0,1.3306301459840002,2,Typec,Toyota,Mail
2026-01-06 20:00:00,7.746113341422959,3.338125536993715,0.43094199501869185,0,0,2,0,1.3306301459840002,2,Typec,Toyota,Mail
2026-01-06 21:00:00,0.0,0.0,0.0,1,1,2,100,1.0,2,Typec,Toyota,Mail
2026-01-06 22:00:00,0.0,0.0,0.0,1,1,2,100,1.0,2,Typec,Toyota,Mail
2026-01-06 23:00:00,0.0,0.0,0.0,1,1,2,100,1.0,2,Typec,Toyota,Mail
2026-01-07 00:00:00,0.0,0.0,0.0,1,1,2,100,1.0,2,Typec,Toyota,Mail
2026-01-07 01:00:00,0.0,0.0,0.0,1,1,2,100,1.0,2,Typec,Toyota,Mail
2026-01-07 02:00:00,0.0,0.0,0.0,1,1,2,100,1.0,2,Typec,Toyota,Mail
2026-01-07 03:00:00,0.0,0.0,0.0,1,1,2,100,1.0,2,Typec,Toyota,Mail
2026-01-07 04:00:00,0.0,0.0,0.0,1,1,2,100,1.0,2,Typec,Toyota,Mail
2026-01-07 05:00:00,0.0,0.0,0.0,1,1,2,100,1.0,2,Typec,Toyota,Mail
2026-01-07 06:00:00,0.0,0.0,0.0,1,1,2,100,1.0,2,Typec,Toyota,Mail
2026-01-07 07:00:00,0.0,0.0,0.0,1,1,2,100,1.0,2,Typec,Toyota,Mail
2026-01-07 08:00:00,0.0,0.0,0.0,1,1,2,100,1.0,2,Typec,Toyota,Mail
2026-01-07 09:00:00,10.473025691106281,6.045452883583329,0.5772403374048001,0,0,2,0,1.282756305344,2,Typec,Toyota,Mail
2026-01-07 10:00:00,10.473025691106281,5.074654865241161,0.4845452512878461,0,0,2,0,1.282756305344,2,Typec,Toyota,Mail
2026-01-07 11:00:00,10.473025691106281,4.939005177504452,0.47159295920553956,0,0,2,0,1.282756305344,2,Typec,Toyota,Mail
2026-01-07 12:00:00,10.473025691106281,3.8724791088399666,0.36975743429413005,0,0,2,0,1.282756305344,2,Typec,Toyota,Mail
2026-01-07 13:00:00,10.473025691106281,4.22691137085501,0.4035998283136567,0,0,2,0,1.282756305344,2,Typec,Toyota,Mail
2026-01-07 14:00:00,10.473025691106281,2.908202337928408,0.27768501899103143,0,0,2,0,1.282756305344,2,Typec,Toyota,Mail
2026-01-07 15:00:00,10.473025691106281,2.860748739027912,0.2731539884846522,0,0,2,0,1.282756305344,2,Typec,Toyota,Mail
2026-01-07 16:00:00,10.473025691106281,3.3555010971056927,0.32039462100767996,0,0,2,0,1.282756305344,2,Typec,Toyota,Mail
2026-01-07 17:00:00,10.473025691106281,2.0276966198926494,0.1936113478280278,0,0,2,0,1.282756305344,2,Typec,Toyota,Mail
2026-01-07 18:00:00,10.473025691106281,1.9630783190095022,0.187441373382341,0,0,2,0,1.282756305344,2,Typec,Toyota,Mail
2026-01-07 19:00:00,10.473025691106281,6.045452883583329,0.5772403374048001,0,0,2,0,1.282756305344,2,Typec,Toyota,Mail
2026-01-07 20:00:00,0.0,0.0,0.0,1,1,2,100,1.0,2,Typec,Toyota,Mail
2026-01-07 21:00:00,0.0,0.0,0.0,1,1,2,100,1.0,2,Typec,Toyota,Mail
2026-01-07 22:00:00,0.0,0.0,0.0,1,1,2,100,1.0,2,Typec,Toyota,Mail
2026-01-07 23:00:00,0.0,0.0,0.0,1,1,2,100,1.0,2,Typec,Toyota,Mail
2026-01-08 00:00:00,0.0,0.0,0.0,1,1,2,100,1.0,2,Typec,Toyota,Mail
2026-01-08 01:00:00,0.0,0.0,0.0,1,1,2,100,1.0,2,Typec,Toyota,Mail
2026-01-08 02:00:00,0.0,0.0,0.0,1,1,2,100,1.0,2,Typec,Toyota,Mail
2026-01-08 03:00:00,0.0,0.0,0.0,1,1,2,100,1.0,2,Typec,Toyota,Mail
2026-01-08 04:00:00,0.0,0.0,0.0,1,1,2,100,1.0,2,Typec,Toyota,Mail
2026-01-08 05:00:00,0.0,0.0,0.0,1,1,2,100,1.0,2,Typec,Toyota,Mail
2026-01-08 06:00:00,0.0,0.0,0.0,1,1,2,100,1.0,2,Typec,Toyota,Mail
2026-01-08 07:00:00,0.0,0.0,0.0,1,1,2,100,1.0,2,Typec,Toyota,Mail
2026-01-08 08:00:00,0.0,0.0,0.0,1,1,2,100,1.0,2,Typec,Toyota,Mail
2026-01-08 09:00:00,7.910934883274309,4.176372676830583,0.5279240365965442,0,0,2,0,1.176585222144,2,Typec,Toyota,Mail
2026-01-08 10:00:00,7.910934883274309,2.780788060373839,0.35151193903177225,0,0,2,0,1.176585222144,2,Typec,Toyota,Mail
2026-01-08 11:00:00,7.910934883274309,2.322020261493091,0.29352033555508356,0,0,2,0,1.176585222144,2,Typec,Toyota,Mail
2026-01-08 12:00:00,7.910934883274309,4.18855008465181,0.5294633499648,0,0,2,0,1.176585222144,2,Typec,Toyota,Mail
2026-01-08 13:00:00,7.910934883274309,4.18855008465181,0.5294633499648,0,0,2,0,1.176585222144,2,Typec,Toyota,Mail
2026-01-08 14:00:00,7.910934883274309,2.5713019089084286,0.325031358094579,0,0,2,0,1.176585222144,2,Typec,Toyota,Mail
2026-01-08 15:00:00,7.910934883274309,1.2811228531603627,0.16194329394228435,0,0,2,0,1.176585222144,2,Typec,Toyota,Mail
2026-01-08 16:00:00,7.910934883274309,2.8812806045693433,0.3642149312417032,0,0,2,0,1.176585222144,2,Typec,Toyota,Mail
2026-01-08 17:00:00,7.910934883274309,1.7512565110242175,0.22137162508148195,0,0,2,0,1.176585222144,2,Typec,Toyota,Mail
2026-01-08 18:00:00,7.910934883274309,2.9160077845197803,0.3686047006511138,0,0,2,0,1.176585222144,2,Typec,Toyota,Mail
2026-01-08 19:00:00,7.910934883274309,3.770022015699849,0.4765583425127941,0,0,2,0,1.176585222144,2,Typec,Toyota,Mail
2026-01-08 20:00:00,7.910934883274309,3.1531650067628987,0.39858310721650314,0,0,2,0,1.176585222144,2,Typec,Toyota,Mail
2026-01-08 21:00:00,0.0,0.0,0.0,1,1,2,100,1.0,2,Typec,Toyota,Mail
2026-01-08 22:00:00,0.0,0.0,0.0,1,1,2,100,1.0,2,Typec,Toyota,Mail
2026-01-08 23:00:00,0.0,0.0,0.0,1,1,2,100,1.0,2,Typec,Toyota,Mail
2026-01-09 00:00:00,0.0,0.0,0.0,1,1,2,100,1.0,2,Typec,Toyota,Mail
2026-01-09 01:00:00,0.0,0.0,0.0,1,1,2,100,1.0,2,Typec,Toyota,Mail
2026-01-09 02:00:00,0.0,0.0,0.0,1,1,2,100,1.0,2,Typec,Toyota,Mail
2026-01-09 03:00:00,0.0,0.0,0.0,1,1,2,100,1.0,2,Typec,Toyota,Mail
2026-01-09 04:00:00,0.0,0.0,0.0,1,1,2,100,1.0,2,Typec,Toyota,Mail
2026-01-09 05:00:00,0.0,0.0,0.0,1,1,2,100,1.0,2,Typec,Toyota,Mail
2026-01-09 06:00:00,0.0,0.0,0.0,1,1,2,100,1.0,2,Typec,Toyota,Mail
2026-01-09 07:00:00,0.0,0.0,0.0,1,1,2,100,1.0,2,Typec,Toyota,Mail
2026-01-09 08:00:00,0.0,0.0,0.0,1,1,2,100,1.0,2,Typec,Toyota,Mail
2026-01-09 09:00:00,8.904463904776154,3.8072786359958024,0.4275696635654465,0,0,2,0,1.137342385344,2,Typec,Toyota,Mail
2026-01-09 10:00:00,8.904463904776154,1.9801331760000072,0.22237533861391792,0,0,2,0,1.137342385344,2,Typec,Toyota,Mail
2026-01-09 11:00:00,8.904463904776154,4.557340897950446,0.5118040734047999,0,0,2,0,1.137342385344,2,Typec,Toyota,Mail
2026-01-09 12:00:00,8.904463904776154,3.138512122368107,0.3524650283196364,0,0,2,0,1.137342385344,2,Typec,Toyota,Mail
2026-01-09 13:00:00,8.904463904776154,3.054160961493185,0.34299212104784904,0,0,2,0,1.137342385344,2,Typec,Toyota,Mail
2026-01-09 14:00:00,8.904463904776154,3.856501788640809,0.43309758227806033,0,0,2,0,1.137342385344,2,Typec,Toyota,Mail
2026-01-09 15:00:00,8.904463904776154,3.7205649480006815,0.41783143688246677,0,0,2,0,1.137342385344,2,Typec,Toyota,Mail
2026-01-09 16:00:00,8.904463904776154,3.804203438690068,0.42722430899512986,0,0,2,0,1.137342385344,2,Typec,Toyota,Mail
2026-01-09 17:00:00,8.904463904776154,2.411989158781401,0.2708741575658097,0,0,2,0,1.137342385344,2,Typec,Toyota,Mail
2026-01-09 18:00:00,8.904463904776154,4.189643651498769,0.47051048735809214,0,0,2,0,1.137342385344,2,Typec,Toyota,Mail
2026-01-09 19:00:00,8.904463904776154,1.3273715629157545,0.14906810529085107,0,0,2,0,1.137342385344,2,Typec,Toyota,Mail
2026-01-09 20:00:00,8.904463904776154,1.4269340034192823,0.16024928829841256,0,0,2,0,1.137342385344,2,Typec,Toyota,Mail
2026-01-09 21:00:00,0.0,0.0,0.0,1,1,2,100,1.0,2,Typec,Toyota,Mail
2026-01-09 22:00:00,0.0,0.0,0.0,1,1,2,100,1.0,2,Typec,Toyota,Mail
2026-01-09 23:00:00,0.0,0.0,0.0,1,1,2,100,1.0,2,Typec,Toyota,Mail
2026-01-10 00:00:00,0.0,0.0,0.0,1,1,2,100,1.0,2,Typec,Toyota,Mail
2026-01-10 01:00:00,0.0,0.0,0.0,1,1,2,100,1.0,2,Typec,Toyota,Mail
2026-01-10 02:00:00,0.0,0.0,0.0,1,1,2,100,1.0,2,Typec,Toyota,Mail
2026-01-10 03:00:00,0.0,0.0,0.0,1,1,2,100,1.0,2,Typec,Toyota,Mail
2026-01-10 04:00:00,0.0,0.0,0.0,1,1,2,100,1.0,2,Typec,Toyota,Mail
2026-01-10 05:00:00,0.0,0.0,0.0,1,1,2,100,1.0,2,Typec,Toyota,Mail
2026-01-10 06:00:00,0.0,0.0,0.0,1,1,2,100,1.0,2,Typec,Toyota,Mail
2026-01-10 07:00:00,0.0,0.0,0.0,1,1,2,100,1.0,2,Typec,Toyota,Mail
2026-01-10 08:00:00,0.0,0.0,0.0,1,1,2,100,1.0,2,Typec,Toyota,Mail
2026-01-10 09:00:00,0.0,0.0,0.0,1,1,2,100,1.0,2,Typec,Toyota,Mail
2026-01-10 10:00:00,8.325528039531799,4.041617793079223,0.4854488236528131,0,0,2,0,1.18961004,2,Typec,Toyota,Mail
2026-01-10 11:00:00,8.325528039531799,0.9904131744128545,0.11896100400000001,0,0,2,0,1.18961004,2,Typec,Toyota,Mail
2026-01-10 12:00:00,8.325528039531799,1.8950721583799517,0.2276218576625591,0,0,2,0,1.18961004,2,Typec,Toyota,Mail
2026-01-10 13:00:00,8.325528039531799,0.9904131744128545,0.11896100400000001,0,0,2,0,1.18961004,2,Typec,Toyota,Mail
2026-01-10 14:00:00,8.325528039531799,0.9904131744128545,0.11896100400000001,0,0,2,0,1.18961004,2,Typec,Toyota,Mail
2026-01-10 15:00:00,8.325528039531799,2.6791494635629256,0.3217993442387821,0,0,2,0,1.18961004,2,Typec,Toyota,Mail
2026-01-10 16:00:00,8.325528039531799,3.558814000825857,0.42745805238150314,0,0,2,0,1.18961004,2,Typec,Toyota,Mail
2026-01-10 17:00:00,8.325528039531799,2.8446375272018174,0.34167652954800337,0,0,2,0,1.18961004,2,Typec,Toyota,Mail
2026-01-10 18:00:00,0.0,0.0,0.0,1,1,2,100,1.0,2,Typec,Toyota,Mail
2026-01-10 19:00:00,0.0,0.0,0.0,1,1,2,100,1.0,2,Typec,Toyota,Mail
2026-01-10 20:00:00,0.0,0.0,0.0,1,1,2,100,1.0,2,Typec,Toyota,Mail
2026-01-10 21:00:00,0.0,0.0,0.0,1,1,2,100,1.0,2,Typec,Toyota,Mail
2026-01-10 22:00:00,0.0,0.0,0.0,1,1,2,100,1.0,2,Typec,Toyota,Mail
2026-01-10 23:00:00,0.0,0.0,0.0,1,1,2,100,1.0,2,Typec,Toyota,Mail
2026-01-11 00:00:00,0.0,0.0,0.0,1,1,2,100,1.0,2,Typec,Toyota,Mail
2026-01-11 01:00:00,0.0,0.0,0.0,1,1,2,100,1.0,2,Typec,Toyota,Mail
2026-01-11 02:00:00,0.0,0.0,0.0,1,1,2,100,1.0,2,Typec,Toyota,Mail
2026-01-11 03:00:00,0.0,0.0,0.0,1,1,2,100,1.0,2,Typec,Toyota,Mail
2026-01-11 04:00:00,0.0,0.0,0.0,1,1,2,100,1.0,2,Typec,Toyota,Mail
2026-01-11 05:00:00,0.0,0.0,0.0,1,1,2,100,1.0,2,Typec,Toyota,Mail
2026-01-11 06:00:00,0.0,0.0,0.0,1,1,2,100,1.0,2,Typec,Toyota,Mail
2026-01-11 07:00:00,0.0,0.0,0.0,1,1,2,100,1.0,2,Typec,Toyota,Mail
2026-01-11 08:00:00,0.0,0.0,0.0,1,1,2,100,1.0,2,Typec,Toyota,Mail
2026-01-11 09:00:00,9.024588351655021,4.556796955723846,0.5049312808698,0,0,2,0,1.122069513044,2,Typec,Toyota,Mail
2026-01-11 10:00:00,9.024588351655021,1.9320413881948977,0.21408637301895106,0,0,2,0,1.122069513044,2,Typec,Toyota,Mail
2026-01-11 11:00:00,9.024588351655021,3.3342377560937138,0.3694614785927878,0,0,2,0,1.122069513044,2,Typec,Toyota,Mail
2026-01-11 12:00:00,9.024588351655021,1.0126215457164105,0.1122069513044,0,0,2,0,1.122069513044,2,Typec,Toyota,Mail
2026-01-11 13:00:00,9.024588351655021,1.0126215457164105,0.1122069513044,0,0,2,0,1.122069513044,2,Typec,Toyota,Mail
2026-01-11 14:00:00,9.024588351655021,3.299918102917914,0.36565857348083264,0,0,2,0,1.122069513044,2,Typec,Toyota,Mail
2026-01-11 15:00:00,9.024588351655021,2.1111465064561132,0.23393272071727786,0,0,2,0,1.122069513044,2,Typec,Toyota,Mail
2026-01-11 16:00:00,9.024588351655021,2.0987131651080357,0.23255500232574622,0,0,2,0,1.122069513044,2,Typec,Toyota,Mail
2026-01-11 17:00:00,9.024588351655021,3.38828651282942,0.3754505336753717,0,0,2,0,1.122069513044,2,Typec,Toyota,Mail
2026-01-11 18:00:00,9.024588351655021,1.0126215457164105,0.1122069513044,0,0,2,0,1.122069513044,2,Typec,Toyota,Mail
2026-01-11 19:00:00,9.024588351655021,2.547094359613865,0.2822393953455785,0,0,2,0,1.122069513044,2,Typec,Toyota,Mail
2026-01-11 20:00:00,0.0,0.0,0.0,1,1,2,100,1.0,2,Typec,Toyota,Mail
2026-01-11 21:00:00,0.0,0.0,0.0,1,1,2,100,1.0,2,Typec,Toyota,Mail
2026-01-11 22:00:00,0.0,0.0,0.0,1,1,2,100,1.0,2,Typec,Toyota,Mail
2026-01-11 23:00:00,0.0,0.0,0.0,1,1,2,100,1.0,2,Typec,Toyota,Mail
2026-01-12 00:00:00,0.0,0.0,0.0,1,1,2,100,1.0,2,Typec,Toyota,Mail
2026-01-12 01:00:00,0.0,0.0,0.0,1,1,2,100,1.0,2,Typec,Toyota,Mail
2026-01-12 02:00:00,0.0,0.0,0.0,1,1,2,100,1.0,2,Typec,Toyota,Mail
2026-01-12 03:00:00,0.0,0.0,0.0,1,1,2,100,1.0,2,Typec,Toyota,Mail
2026-01-12 04:00:00,0.0,0.0,0.0,1,1,2,100,1.0,2,Typec,Toyota,Mail
2026-01-12 05:00:00,0.0,0.0,0.0,1,1,2,100,1.0,2,Typec,Toyota,Mail
2026-01-12 06:00:00,0.0,0.0,0.0,1,1,2,100,1.0,2,Typec,Toyota,Mail
2026-01-12 07:00:00,0.0,0.0,0.0,1,1,2,100,1.0,2,Typec,Toyota,Mail
2026-01-12 08:00:00,9.964554664488567,1.6610269325599287,0.16669354411587056,0,0,2,0,1.119889326784,2,Typec,Toyota,Mail
2026-01-12 09:00:00,9.964554664488567,2.736498298048703,0.27462324109686187,0,0,2,0,1.119889326784,2,Typec,Toyota,Mail
2026-01-12 10:00:00,9.964554664488567,1.51837294137818,0.15237740094791388,0,0,2,0,1.119889326784,2,Typec,Toyota,Mail
2026-01-12 11:00:00,9.964554664488567,3.5367637762502935,0.3549344547081993,0,0,2,0,1.119889326784,2,Typec,Toyota,Mail
2026-01-12 12:00:00,9.964554664488567,1.7940846159218005,0.18004664295891865,0,0,2,0,1.119889326784,2,Typec,Toyota,Mail
2026-01-12 13:00:00,9.964554664488567,1.5953184505760098,0.16009932247763828,0,0,2,0,1.119889326784,2,Typec,Toyota,Mail
2026-01-12 14:00:00,9.964554664488567,2.580708829095699,0.2589888776758649,0,0,2,0,1.119889326784,2,Typec,Toyota,Mail
2026-01-12 15:00:00,9.964554664488567,4.191451117994723,0.4206360704640532,0,0,2,0,1.119889326784,2,Typec,Toyota,Mail
2026-01-12 16:00:00,9.964554664488567,5.0216392867124116,0.5039501970528,0,0,2,0,1.119889326784,2,Typec,Toyota,Mail
2026-01-12 17:00:00,9.964554664488567,3.3024173378745743,0.3314164505157112,0,0,2,0,1.119889326784,2,Typec,Toyota,Mail
2026-01-12 18:00:00,9.964554664488567,2.837925616098808,0.28480205203876663,0,0,2,0,1.119889326784,2,Typec,Toyota,Mail
2026-01-12 19:00:00,9.964554664488567,1.115919841491647,0.1119889326784,0,0,2,0,1.119889326784,2,Typec,Toyota,Mail
2026-01-12 20:00:00,9.964554664488567,3.2235726694697266,0.3235039375073946,0,0,2,0,1.119889326784,2,Typec,Toyota,Mail
2026-01-12 21:00:00,0.0,0.0,0.0,1,1,2,100,1.0,2,Typec,Toyota,Mail
2026-01-12 22:00:00,0.0,0.0,0.0,1,1,2,100,1.0,2,Typec,Toyota,Mail
2026-01-12 23:00:00,0.0,0.0,0.0,1,1,2,100,1.0,2,Typec,Toyota,Mail
2026-01-13 00:00:00,0.0,0.0,0.0,1,1,2,100,1.0,2,Typec,Toyota,Mail
2026-01-13 01:00:00,0.0,0.0,0.0,1,1,2,100,1.0,2,Typec,Toyota,Mail
2026-01-13 02:00:00,0.0,0.0,0.0,1,1,2,100,1.0,2,Typec,Toyota,Mail
2026-01-13 03:00:00,0.0,0.0,0.0,1,1,2,100,1.0,2,Typec,Toyota,Mail
2026-01-13 04:00:00,0.0,0.0,0.0,1,1,2,100,1.0,2,Typec,Toyota,Mail
2026-01-13 05:00:00,0.0,0.0,0.0,1,1,2,100,1.0,2,Typec,Toyota,Mail
2026-01-13 06:00:00,0.0,0.0,0.0,1,1,2,100,1.0,2,Typec,Toyota,Mail
2026-01-13 07:00:00,0.0,0.0,0.0,1,1,2,100,1.0,2,Typec,Toyota,Mail
2026-01-13 08:00:00,0.0,0.0,0.0,1,1,2,100,1.0,2,Typec,Toyota,Mail
2026-01-13 09:00:00,0.0,0.0,0.0,1,1,2,100,1.0,2,Typec,Toyota,Mail
2026-01-13 10:00:00,9.89615696039334,2.7743477493736424,0.2803459727323657,0,0,2,0,1.12425024,2,Typec,Toyota,Mail
2026-01-13 11:00:00,9.89615696039334,3.8265300329831664,0.38666828429437866,0,0,2,0,1.12425024,2,Typec,Toyota,Mail
2026-01-13 12:00:00,9.89615696039334,1.4724039877568447,0.1487854319257201,0,0,2,0,1.12425024,2,Typec,Toyota,Mail
2026-01-13 13:00:00,9.89615696039334,3.0023517689207377,0.30338562544398084,0,0,2,0,1.12425024,2,Typec,Toyota,Mail
2026-01-13 14:00:00,9.89615696039334,2.3435892527607622,0.23681811658205676,0,0,2,0,1.12425024,2,Typec,Toyota,Mail
2026-01-13 15:00:00,9.89615696039334,4.144904279345093,0.4188397875997661,0,0,2,0,1.12425024,2,Typec,Toyota,Mail
2026-01-13 16:00:00,9.89615696039334,5.0065905770099475,0.505912608,0,0,2,0,1.12425024,2,Typec,Toyota,Mail
2026-01-13 17:00:00,9.89615696039334,3.3149502256970527,0.334973489099277,0,0,2,0,1.12425024,2,Typec,Toyota,Mail
2026-01-13 18:00:00,9.89615696039334,1.4631674313549288,0.14785208411819417,0,0,2,0,1.12425024,2,Typec,Toyota,Mail
2026-01-13 19:00:00,9.89615696039334,2.410573231043634,0.24358680250235457,0,0,2,0,1.12425024,2,Typec,Toyota,Mail
2026-01-13 20:00:00,9.89615696039334,5.0065905770099475,0.505912608,0,0,2,0,1.12425024,2,Typec,Toyota,Mail
2026-01-13 21:00:00,0.0,0.0,0.0,1,1,2,100,1.0,2,Typec,Toyota,Mail
2026-01-13 22:00:00,0.0,0.0,0.0,1,1,2,100,1.0,2,Typec,Toyota,Mail
2026-01-13 23:00:00,0.0,0.0,0.0,1,1,2,100,1.0,2,Typec,Toyota,Mail
2026-01-14 00:00:00,0.0,0.0,0.0,1,1,2,100,1.0,2,Typec,Toyota,Mail
2026-01-14 01:00:00,0.0,0.0,0.0,1,1,2,100,1.0,2,Typec,Toyota,Mail
2026-01-14 02:00:00,0.0,0.0,0.0,1,1,2,100,1.0,2,Typec,Toyota,Mail
2026-01-14 03:00:00,0.0,0.0,0.0,1,1,2,100,1.0,2,Typec,Toyota,Mail
2026-01-14 04:00:00,0.0,0.0,0.0,1,1,2,100,1.0,2,Typec,Toyota,Mail
2026-01-14 05:00:00,0.0,0.0,0.0,1,1,2,100,1.0,2,Typec,Toyota,Mail
2026-01-14 06:00:00,0.0,0.0,0.0,1,1,2,100,1.0,2,Typec,Toyota,Mail
2026-01-14 07:00:00,0.0,0.0,0.0,1,1,2,100,1.0,2,Typec,Toyota,Mail
2026-01-14 08:00:00,0.0,0.0,0.0,1,1,2,100,1.0,2,Typec,Toyota,Mail
2026-01-14 09:00:00,10.074459450242085,2.8490036143471,0.2827946877366845,0,0,2,0,1.102475,2,Typec,Toyota,Mail
2026-01-14 10:00:00,10.074459450242085,1.9327685076867882,0.1918483584387592,0,0,2,0,1.102475,2,Typec,Toyota,Mail
2026-01-14 11:00:00,10.074459450242085,4.9980778570825395,0.4961137500000001,0,0,2,0,1.102475,2,Typec,Toyota,Mail
2026-01-14 12:00:00,10.074459450242085,3.6281105071562947,0.36012954591515206,0,0,2,0,1.102475,2,Typec,Toyota,Mail
2026-01-14 13:00:00,10.074459450242085,3.3587244254629693,0.3333900386469133,0,0,2,0,1.102475,2,Typec,Toyota,Mail
2026-01-14 14:00:00,10.074459450242085,4.345766828536206,0.43136476453153816,0,0,2,0,1.102475,2,Typec,Toyota,Mail
2026-01-14 15:00:00,10.074459450242085,3.4217004230533434,0.3396410933959461,0,0,2,0,1.102475,2,Typec,Toyota,Mail
2026-01-14 16:00:00,10.074459450242085,2.973671008531059,0.29516928657245256,0,0,2,0,1.102475,2,Typec,Toyota,Mail
2026-01-14 17:00:00,10.074459450242085,3.3168895688251983,0.3292374727604363,0,0,2,0,1.102475,2,Typec,Toyota,Mail
2026-01-14 18:00:00,10.074459450242085,3.374094275201633,0.3349156638990249,0,0,2,0,1.102475,2,Typec,Toyota,Mail
2026-01-14 19:00:00,10.074459450242085,3.7141190757355766,0.3686668345909445,0,0,2,0,1.102475,2,Typec,Toyota,Mail
2026-01-14 20:00:00,10.074459450242085,2.7763698267862154,0.2755849919788501,0,0,2,0,1.102475,2,Typec,Toyota,Mail
2026-01-14 21:00:00,0.0,0.0,0.0,1,1,2,100,1.0,2,Typec,Toyota,Mail
2026-01-14 22:00:00,0.0,0.0,0.0,1,1,2,100,1.0,2,Typec,Toyota,Mail
2026-01-14 23:00:00,0.0,0.0,0.0,1,1,2,100,1.0,2,Typec,Toyota,Mail
2026-01-01 00:00:00,0.0,0.0,0.0,1,1,3,100,1.0,3,Typec,Toyota,Mail
2026-01-01 01:00:00,0.0,0.0,0.0,1,1,3,100,1.0,3,Typec,Toyota,Mail
2026-01-01 02:00:00,0.0,0.0,0.0,1,1,3,100,1.0,3,Typec,Toyota,Mail
2026-01-01 03:00:00,0.0,0.0,0.0,1,1,3,100,1.0,3,Typec,Toyota,Mail
2026-01-01 04:00:00,0.0,0.0,0.0,1,1,3,100,1.0,3,Typec,Toyota,Mail
2026-01-01 05:00:00,0.0,0.0,0.0,1,1,3,100,1.0,3,Typec,Toyota,Mail
2026-01-01 06:00:00,0.0,0.0,0.0,1,1,3,100,1.0,3,Typec,Toyota,Mail
2026-01-01 07:00:00,0.0,0.0,0.0,1,1,3,100,1.0,3,Typec,Toyota,Mail
2026-01-01 08:00:00,0.0,0.0,0.0,1,1,3,100,1.0,3,Typec,Toyota,Mail
2026-01-01 09:00:00,8.975993605248647,3.4007991583394217,0.37887718150231625,0,0,3,0,1.1329772784640002,3,Typec,Toyota,Mail
2026-01-01 10:00:00,8.975993605248647,3.262735411667733,0.3634957370914204,0,0,3,0,1.1329772784640002,3,Typec,Toyota,Mail
2026-01-01 11:00:00,8.975993605248647,4.446993753593033,0.49543192087310384,0,0,3,0,1.1329772784640002,3,Typec,Toyota,Mail
2026-01-01 12:00:00,8.975993605248647,4.399935420568694,0.49018923297760186,0,0,3,0,1.1329772784640002,3,Typec,Toyota,Mail
2026-01-01 13:00:00,8.975993605248647,3.324633552641778,0.37039170245149494,0,0,3,0,1.1329772784640002,3,Typec,Toyota,Mail
2026-01-01 14:00:00,8.975993605248647,1.0169596806384882,0.11329772784640002,0,0,3,0,1.1329772784640002,3,Typec,Toyota,Mail
2026-01-01 15:00:00,8.975993605248647,1.7999915540182883,0.20053396127262796,0,0,3,0,1.1329772784640002,3,Typec,Toyota,Mail
2026-01-01 16:00:00,8.975993605248647,3.818789417891664,0.4254447569635806,0,0,3,0,1.1329772784640002,3,Typec,Toyota,Mail
2026-01-01 17:00:00,8.975993605248647,4.164642694818586,0.46397567533730666,0,0,3,0,1.1329772784640002,3,Typec,Toyota,Mail
2026-01-01 18:00:00,8.975993605248647,3.702142644205478,0.4124493406546855,0,0,3,0,1.1329772784640002,3,Typec,Toyota,Mail
2026-01-01 19:00:00,8.975993605248647,1.9744943141629376,0.21997501346350853,0,0,3,0,1.1329772784640002,3,Typec,Toyota,Mail
2026-01-01 20:00:00,8.975993605248647,3.380158986632809,0.3765776954939324,0,0,3,0,1.1329772784640002,3,Typec,Toyota,Mail
2026-01-01 21:00:00,0.0,0.0,0.0,1,1,3,100,1.0,3,Typec,Toyota,Mail
2026-01-01 22:00:00,0.0,0.0,0.0,1,1,3,100,1.0,3,Typec,Toyota,Mail
2026-01-01 23:00:00,0.0,0.0,0.0,1,1,3,100,1.0,3,Typec,Toyota,Mail
2026-01-02 00:00:00,0.0,0.0,0.0,1,1,3,100,1.0,3,Typec,Toyota,Mail
2026-01-02 01:00:00,0.0,0.0,0.0,1,1,3,100,1.0,3,Typec,Toyota,Mail
2026-01-02 02:00:00,0.0,0.0,0.0,1,1,3,100,1.0,3,Typec,Toyota,Mail
2026-01-02 03:00:00,0.0,0.0,0.0,1,1,3,100,1.0,3,Typec,Toyota,Mail
2026-01-02 04:00:00,0.0,0.0,0.0,1,1,3,100,1.0,3,Typec,Toyota,Mail
2026-01-02 05:00:00,0.0,0.0,0.0,1,1,3,100,1.0,3,Typec,Toyota,Mail
2026-01-02 06:00:00,0.0,0.0,0.0,1,1,3,100,1.0,3,Typec,Toyota,Mail
2026-01-02 07:00:00,0.0,0.0,0.0,1,1,3,100,1.0,3,Typec,Toyota,Mail
2026-01-02 08:00:00,0.0,0.0,0.0,1,1,3,100,1.0,3,Typec,Toyota,Mail
2026-01-02 09:00:00,0.0,0.0,0.0,1,1,3,100,1.0,3,Typec,Toyota,Mail
2026-01-02 10:00:00,16.717421647456682,9.272577337710974,0.5546655180000001,0,0,3,0,1.23259004,3,Typec,Toyota,Mail
2026-01-02 11:00:00,16.717421647456682,7.0760856164571955,0.42327613466241204,0,0,3,0,1.23259004,3,Typec,Toyota,Mail
2026-01-02 12:00:00,16.717421647456682,5.782660299991686,0.3459062301554998,0,0,3,0,1.23259004,3,Typec,Toyota,Mail
2026-01-02 13:00:00,16.717421647456682,7.541657660810578,0.4511256472350767,0,0,3,0,1.23259004,3,Typec,Toyota,Mail
2026-01-02 14:00:00,16.717421647456682,3.6856103048272617,0.2204652357612799,0,0,3,0,1.23259004,3,Typec,Toyota,Mail
2026-01-02 15:00:00,16.717421647456682,9.272577337710974,0.5546655180000001,0,0,3,0,1.23259004,3,Typec,Toyota,Mail
2026-01-02 16:00:00,16.717421647456682,6.037666461714337,0.3611601471230991,0,0,3,0,1.23259004,3,Typec,Toyota,Mail
2026-01-02 17:00:00,16.717421647456682,2.0605727417135498,0.123259004,0,0,3,0,1.23259004,3,Typec,Toyota,Mail
2026-01-02 18:00:00,16.717421647456682,2.0605727417135498,0.123259004,0,0,3,0,1.23259004,3,Typec,Toyota,Mail
2026-01-02 19:00:00,16.717421647456682,7.384441603479567,0.44172132277365894,0,0,3,0,1.23259004,3,Typec,Toyota,Mail
2026-01-02 20:00:00,16.717421647456682,7.100546975876185,0.42473936026830017,0,0,3,0,1.23259004,3,Typec,Toyota,Mail
2026-01-02 21:00:00,0.0,0.0,0.0,1,1,3,100,1.0,3,Typec,Toyota,Mail
2026-01-02 22:00:00,0.0,0.0,0.0,1,1,3,100,1.0,3,Typec,Toyota,Mail
2026-01-02 23:00:00,0.0,0.0,0.0,1,1,3,100,1.0,3,Typec,Toyota,Mail
2026-01-03 00:00:00,0.0,0.0,0.0,1,1,3,100,1.0,3,Typec,Toyota,Mail
2026-01-03 01:00:00,0.0,0.0,0.0,1,1,3,100,1.0,3,Typec,Toyota,Mail
2026-01-03 02:00:00,0.0,0.0,0.0,1,1,3,100,1.0,3,Typec,Toyota,Mail
2026-01-03 03:00:00,0.0,0.0,0.0,1,1,3,100,1.0,3,Typec,Toyota,Mail
2026-01-03 04:00:00,0.0,0.0,0.0,1,1,3,100,1.0,3,Typec,Toyota,Mail
2026-01-03 05:00:00,0.0,0.0,0.0,1,1,3,100,1.0,3,Typec,Toyota,Mail
2026-01-03 06:00:00,0.0,0.0,0.0,1,1,3,100,1.0,3,Typec,Toyota,Mail
2026-01-03 07:00:00,0.0,0.0,0.0,1,1,3,100,1.0,3,Typec,Toyota,Mail
2026-01-03 08:00:00,0.0,0.0,0.0,1,1,3,100,1.0,3,Typec,Toyota,Mail
2026-01-03 09:00:00,0.0,0.0,0.0,1,1,3,100,1.0,3,Typec,Toyota,Mail
2026-01-03 10:00:00,10.498892268052861,3.82151788138472,0.36399248452269944,0,0,3,0,1.209049010004,3,Typec,Toyota,Mail
2026-01-03 11:00:00,10.498892268052861,3.733604290127461,0.35561887814474163,0,0,3,0,1.209049010004,3,Typec,Toyota,Mail
2026-01-03 12:00:00,10.498892268052861,5.712153886272582,0.5440720545018,0,0,3,0,1.209049010004,3,Typec,Toyota,Mail
2026-01-03 13:00:00,10.498892268052861,3.0112926573344447,0.2868200359096478,0,0,3,0,1.209049010004,3,Typec,Toyota,Mail
2026-01-03 14:00:00,10.498892268052861,2.5068162710829083,0.23876959655171565,0,0,3,0,1.209049010004,3,Typec,Toyota,Mail
2026-01-03 15:00:00,10.498892268052861,3.5217400091660025,0.33543919865549293,0,0,3,0,1.209049010004,3,Typec,Toyota,Mail
2026-01-03 16:00:00,10.498892268052861,1.9710019743163214,0.18773427938811169,0,0,3,0,1.209049010004,3,Typec,Toyota,Mail
2026-01-03 17:00:00,10.498892268052861,3.3648617371894347,0.3204968344544683,0,0,3,0,1.209049010004,3,Typec,Toyota,Mail
2026-01-03 18:00:00,0.0,0.0,0.0,1,1,3,100,1.0,3,Typec,Toyota,Mail
2026-01-03 19:00:00,0.0,0.0,0.0,1,1,3,100,1.0,3,Typec,Toyota,Mail
2026-01-03 20:00:00,0.0,0.0,0.0,1,1,3,100,1.0,3,Typec,Toyota,Mail
2026-01-03 21:00:00,0.0,0.0,0.0,1,1,3,100,1.0,3,Typec,Toyota,Mail
2026-01-03 22:00:00,0.0,0.0,0.0,1,1,3,100,1.0,3,Typec,Toyota,Mail
2026-01-03 23:00:00,0.0,0.0,0.0,1,1,3,100,1.0,3,Typec,Toyota,Mail
2026-01-04 00:00:00,0.0,0.0,0.0,1,1,3,100,1.0,3,Typec,Toyota,Mail
2026-01-04 01:00:00,0.0,0.0,0.0,1,1,3,100,1.0,3,Typec,Toyota,Mail
2026-01-04 02:00:00,0.0,0.0,0.0,1,1,3,100,1.0,3,Typec,Toyota,Mail
2026-01-04 03:00:00,0.0,0.0,0.0,1,1,3,100,1.0,3,Typec,Toyota,Mail
2026-01-04 04:00:00,0.0,0.0,0.0,1,1,3,100,1.0,3,Typec,Toyota,Mail
2026-01-04 05:00:00,0.0,0.0,0.0,1,1,3,100,1.0,3,Typec,Toyota,Mail
2026-01-04 06:00:00,0.0,0.0,0.0,1,1,3,100,1.0,3,Typec,Toyota,Mail
2026-01-04 07:00:00,0.0,0.0,0.0,1,1,3,100,1.0,3,Typec,Toyota,Mail
2026-01-04 08:00:00,10.778005036506555,1.896934271834869,0.17600049966665418,0,0,3,0,1.3050301525,3,Typec,Toyota,Mail
2026-01-04 09:00:00,10.778005036506555,4.445197782652622,0.41243233488907627,0,0,3,0,1.3050301525,3,Typec,Toyota,Mail
2026-01-04 10:00:00,10.778005036506555,2.7732709882565207,0.25730837746531743,0,0,3,0,1.3050301525,3,Typec,Toyota,Mail
2026-01-04 11:00:00,10.778005036506555,2.414395137616059,0.22401132022467773,0,0,3,0,1.3050301525,3,Typec,Toyota,Mail
2026-01-04 12:00:00,10.778005036506555,3.481749353322931,0.32304209745029594,0,0,3,0,1.3050301525,3,Typec,Toyota,Mail
2026-01-04 13:00:00,10.778005036506555,1.406562155643792,0.13050301525000002,0,0,3,0,1.3050301525,3,Typec,Toyota,Mail
2026-01-04 14:00:00,10.778005036506555,6.329529700397063,0.5872635686250001,0,0,3,0,1.3050301525,3,Typec,Toyota,Mail
2026-01-04 15:00:00,10.778005036506555,5.729885978407018,0.5316276953851035,0,0,3,0,1.3050301525,3,Typec,Toyota,Mail
2026-01-04 16:00:00,10.778005036506555,6.329529700397063,0.5872635686250001,0,0,3,0,1.3050301525,3,Typec,Toyota,Mail
2026-01-04 17:00:00,10.778005036506555,1.6621939993854142,0.15422093362875036,0,0,3,0,1.3050301525,3,Typec,Toyota,Mail
2026-01-04 18:00:00,10.778005036506555,4.775064276644113,0.4430378590908362,0,0,3,0,1.3050301525,3,Typec,Toyota,Mail
2026-01-04 19:00:00,0.0,0.0,0.0,1,1,3,100,1.0,3,Typec,Toyota,Mail
2026-01-04 20:00:00,0.0,0.0,0.0,1,1,3,100,1.0,3,Typec,Toyota,Mail
2026-01-04 21:00:00,0.0,0.0,0.0,1,1,3,100,1.0,3,Typec,Toyota,Mail
2026-01-04 22:00:00,0.0,0.0,0.0,1,1,3,100,1.0,3,Typec,Toyota,Mail
2026-01-04 23:00:00,0.0,0.0,0.0,1,1,3,100,1.0,3,Typec,Toyota,Mail
2026-01-05 00:00:00,0.0,0.0,0.0,1,1,3,100,1.0,3,Typec,Toyota,Mail
2026-01-05 01:00:00,0.0,0.0,0.0,1,1,3,100,1.0,3,Typec,Toyota,Mail
2026-01-05 02:00:00,0.0,0.0,0.0,1,1,3,100,1.0,3,Typec,Toyota,Mail
2026-01-05 03:00:00,0.0,0.0,0.0,1,1,3,100,1.0,3,Typec,Toyota,Mail
2026-01-05 04:00:00,0.0,0.0,0.0,1,1,3,100,1.0,3,Typec,Toyota,Mail
2026-01-05 05:00:00,0.0,0.0,0.0,1,1,3,100,1.0,3,Typec,Toyota,Mail
2026-01-05 06:00:00,0.0,0.0,0.0,1,1,3,100,1.0,3,Typec,Toyota,Mail
2026-01-05 07:00:00,0.0,0.0,0.0,1,1,3,100,1.0,3,Typec,Toyota,Mail
2026-01-05 08:00:00,0.0,0.0,0.0,1,1,3,100,1.0,3,Typec,Toyota,Mail
2026-01-05 09:00:00,7.559950815138644,1.7056652009473878,0.2256185579318623,0,0,3,0,1.226197579604,3,Typec,Toyota,Mail
2026-01-05 10:00:00,7.559950815138644,3.806250430207125,0.5034755547066772,0,0,3,0,1.226197579604,3,Typec,Toyota,Mail
2026-01-05 11:00:00,7.559950815138644,2.9320027467030645,0.3878335743708531,0,0,3,0,1.226197579604,3,Typec,Toyota,Mail
2026-01-05 12:00:00,7.559950815138644,2.23028645734629,0.29501335549434893,0,0,3,0,1.226197579604,3,Typec,Toyota,Mail
2026-01-05 13:00:00,7.559950815138644,1.8289603260012475,0.2419275430124218,0,0,3,0,1.226197579604,3,Typec,Toyota,Mail
2026-01-05 14:00:00,7.559950815138644,1.3591302624978148,0.17978030488983932,0,0,3,0,1.226197579604,3,Typec,Toyota,Mail
2026-01-05 15:00:00,7.559950815138644,0.9269993391448295,0.12261975796040002,0,0,3,0,1.226197579604,3,Typec,Toyota,Mail
2026-01-05 16:00:00,7.559950815138644,1.9861106212070894,0.2627147543380764,0,0,3,0,1.226197579604,3,Typec,Toyota,Mail
2026-01-05 17:00:00,7.559950815138644,0.9269993391448295,0.12261975796040002,0,0,3,0,1.226197579604,3,Typec,Toyota,Mail
2026-01-05 18:00:00,7.559950815138644,2.8201993613749483,0.3730446705721362,0,0,3,0,1.226197579604,3,Typec,Toyota,Mail
2026-01-05 19:00:00,7.559950815138644,4.171497026151732,0.5517889108218,0,0,3,0,1.226197579604,3,Typec,Toyota,Mail
2026-01-05 20:00:00,7.559950815138644,3.0342741337334553,0.4013616236308555,0,0,3,0,1.226197579604,3,Typec,Toyota,Mail
2026-01-05 21:00:00,0.0,0.0,0.0,1,1,3,100,1.0,3,Typec,Toyota,Mail
2026-01-05 22:00:00,0.0,0.0,0.0,1,1,3,100,1.0,3,Typec,Toyota,Mail
2026-01-05 23:00:00,0.0,0.0,0.0,1,1,3,100,1.0,3,Typec,Toyota,Mail
2026-01-06 00:00:00,0.0,0.0,0.0,1,1,3,100,1.0,3,Typec,Toyota,Mail
2026-01-06 01:00:00,0.0,0.0,0.0,1,1,3,100,1.0,3,Typec,Toyota,Mail
2026-01-06 02:00:00,0.0,0.0,0.0,1,1,3,100,1.0,3,Typec,Toyota,Mail
2026-01-06 03:00:00,0.0,0.0,0.0,1,1,3,100,1.0,3,Typec,Toyota,Mail
2026-01-06 04:00:00,0.0,0.0,0.0,1,1,3,100,1.0,3,Typec,Toyota,Mail
2026-01-06 05:00:00,0.0,0.0,0.0,1,1,3,100,1.0,3,Typec,Toyota,Mail
2026-01-06 06:00:00,0.0,0.0,0.0,1,1,3,100,1.0,3,Typec,Toyota,Mail
2026-01-06 07:00:00,0.0,0.0,0.0,1,1,3,100,1.0,3,Typec,Toyota,Mail
2026-01-06 08:00:00,0.0,0.0,0.0,1,1,3,100,1.0,3,Typec,Toyota,Mail
2026-01-06 09:00:00,10.604390535050722,2.438956533620016,0.229994974775639,0,0,3,0,1.3306301459840002,3,Typec,Toyota,Mail
2026-01-06 10:00:00,10.604390535050722,2.0275171235102527,0.1911960066737164,0,0,3,0,1.3306301459840002,3,Typec,Toyota,Mail
2026-01-06 11:00:00,10.604390535050722,6.3497347765766525,0.5987835656928001,0,0,3,0,1.3306301459840002,3,Typec,Toyota,Mail
2026-01-06 12:00:00,10.604390535050722,2.5019970590963703,0.23593973183338657,0,0,3,0,1.3306301459840002,3,Typec,Toyota,Mail
2026-01-06 13:00:00,10.604390535050722,4.464818692459526,0.42103491734880455,0,0,3,0,1.3306301459840002,3,Typec,Toyota,Mail
2026-01-06 14:00:00,10.604390535050722,2.7942269341951387,0.2634971736432539,0,0,3,0,1.3306301459840002,3,Typec,Toyota,Mail
2026-01-06 15:00:00,10.604390535050722,6.244915380796992,0.5888990376349924,0,0,3,0,1.3306301459840002,3,Typec,Toyota,Mail
2026-01-06 16:00:00,10.604390535050722,3.9464109330000308,0.3721487736570949,0,0,3,0,1.3306301459840002,3,Typec,Toyota,Mail
2026-01-06 17:00:00,10.604390535050722,3.9219432246590635,0.36984145497997767,0,0,3,0,1.3306301459840002,3,Typec,Toyota,Mail
2026-01-06 18:00:00,10.604390535050722,4.685945943078642,0.4418873416242236,0,0,3,0,1.3306301459840002,3,Typec,Toyota,Mail
2026-01-06 19:00:00,10.604390535050722,1.4110521725725893,0.13306301459840003,0,0,3,0,1.3306301459840002,3,Typec,Toyota,Mail
2026-01-06 20:00:00,10.604390535050722,6.3497347765766525,0.5987835656928001,0,0,3,0,1.3306301459840002,3,Typec,Toyota,Mail
2026-01-06 21:00:00,0.0,0.0,0.0,1,1,3,100,1.0,3,Typec,Toyota,Mail
2026-01-06 22:00:00,0.0,0.0,0.0,1,1,3,100,1.0,3,Typec,Toyota,Mail
2026-01-06 23:00:00,0.0,0.0,0.0,1,1,3,100,1.0,3,Typec,Toyota,Mail
2026-01-07 00:00:00,0.0,0.0,0.0,1,1,3,100,1.0,3,Typec,Toyota,Mail
2026-01-07 01:00:00,0.0,0.0,0.0,1,1,3,100,1.0,3,Typec,Toyota,Mail
2026-01-07 02:00:00,0.0,0.0,0.0,1,1,3,100,1.0,3,Typec,Toyota,Mail
2026-01-07 03:00:00,0.0,0.0,0.0,1,1,3,100,1.0,3,Typec,Toyota,Mail
2026-01-07 04:00:00,0.0,0.0,0.0,1,1,3,100,1.0,3,Typec,Toyota,Mail
2026-01-07 05:00:00,0.0,0.0,0.0,1,1,3,100,1.0,3,Typec,Toyota,Mail
2026-01-07 06:00:00,0.0,0.0,0.0,1,1,3,100,1.0,3,Typec,Toyota,Mail
2026-01-07 07:00:00,0.0,0.0,0.0,1,1,3,100,1.0,3,Typec,Toyota,Mail
2026-01-07 08:00:00,0.0,0.0,0.0,1,1,3,100,1.0,3,Typec,Toyota,Mail
2026-01-07 09:00:00,11.655844458298851,2.240347639032299,0.19220809329153263,0,0,3,0,1.282756305344,3,Typec,Toyota,Mail
2026-01-07 10:00:00,11.655844458298851,1.8255339519154983,0.156619621894125,0,0,3,0,1.282756305344,3,Typec,Toyota,Mail
2026-01-07 11:00:00,11.655844458298851,2.9012659887962666,0.24891083603389996,0,0,3,0,1.282756305344,3,Typec,Toyota,Mail
2026-01-07 12:00:00,11.655844458298851,1.9308363311985315,0.16565392049512073,0,0,3,0,1.282756305344,3,Typec,Toyota,Mail
2026-01-07 13:00:00,11.655844458298851,1.4951607972991774,0.12827563053440003,0,0,3,0,1.282756305344,3,Typec,Toyota,Mail
2026-01-07 14:00:00,11.655844458298851,3.6722279560656923,0.31505464655125015,0,0,3,0,1.282756305344,3,Typec,Toyota,Mail
2026-01-07 15:00:00,11.655844458298851,6.728223587846299,0.5772403374048001,0,0,3,0,1.282756305344,3,Typec,Toyota,Mail
2026-01-07 16:00:00,11.655844458298851,4.209375310588518,0.3611385966626796,0,0,3,0,1.282756305344,3,Typec,Toyota,Mail
2026-01-07 17:00:00,11.655844458298851,4.283219255882947,0.36747395447897685,0,0,3,0,1.282756305344,3,Typec,Toyota,Mail
2026-01-07 18:00:00,11.655844458298851,5.754233631442783,0.49367797005439806,0,0,3,0,1.282756305344,3,Typec,Toyota,Mail
2026-01-07 19:00:00,11.655844458298851,3.9161147050989014,0.3359786345047411,0,0,3,0,1.282756305344,3,Typec,Toyota,Mail
2026-01-07 20:00:00,11.655844458298851,3.793770829090411,0.32548227995521006,0,0,3,0,1.282756305344,3,Typec,Toyota,Mail
2026-01-07 21:00:00,0.0,0.0,0.0,1,1,3,100,1.0,3,Typec,Toyota,Mail
2026-01-07 22:00:00,0.0,0.0,0.0,1,1,3,100,1.0,3,Typec,Toyota,Mail
2026-01-07 23:00:00,0.0,0.0,0.0,1,1,3,100,1.0,3,Typec,Toyota,Mail
2026-01-08 00:00:00,0.0,0.0,0.0,1,1,3,100,1.0,3,Typec,Toyota,Mail
2026-01-08 01:00:00,0.0,0.0,0.0,1,1,3,100,1.0,3,Typec,Toyota,Mail
2026-01-08 02:00:00,0.0,0.0,0.0,1,1,3,100,1.0,3,Typec,Toyota,Mail
2026-01-08 03:00:00,0.0,0.0,0.0,1,1,3,100,1.0,3,Typec,Toyota,Mail
2026-01-08 04:00:00,0.0,0.0,0.0,1,1,3,100,1.0,3,Typec,Toyota,Mail
2026-01-08 05:00:00,0.0,0.0,0.0,1,1,3,100,1.0,3,Typec,Toyota,Mail
2026-01-08 06:00:00,0.0,0.0,0.0,1,1,3,100,1.0,3,Typec,Toyota,Mail
2026-01-08 07:00:00,0.0,0.0,0.0,1,1,3,100,1.0,3,Typec,Toyota,Mail
2026-01-08 08:00:00,0.0,0.0,0.0,1,1,3,100,1.0,3,Typec,Toyota,Mail
2026-01-08 09:00:00,12.064597782277058,3.2656669747117797,0.2706817942583264,0,0,3,0,1.176585222144,3,Typec,Toyota,Mail
2026-01-08 10:00:00,12.064597782277058,6.321968413705964,0.5240098781405677,0,0,3,0,1.176585222144,3,Typec,Toyota,Mail
2026-01-08 11:00:00,12.064597782277058,4.42686027383538,0.3669297852878656,0,0,3,0,1.176585222144,3,Typec,Toyota,Mail
2026-01-08 12:00:00,12.064597782277058,5.518926993094838,0.4574480718455582,0,0,3,0,1.176585222144,3,Typec,Toyota,Mail
2026-01-08 13:00:00,12.064597782277058,6.387762357782309,0.5294633499648,0,0,3,0,1.176585222144,3,Typec,Toyota,Mail
2026-01-08 14:00:00,12.064597782277058,4.149540714643613,0.3439435602850602,0,0,3,0,1.176585222144,3,Typec,Toyota,Mail
2026-01-08 15:00:00,12.064597782277058,1.4195027461738465,0.11765852221440001,0,0,3,0,1.176585222144,3,Typec,Toyota,Mail
2026-01-08 16:00:00,12.064597782277058,3.1419523933154645,0.2604274464857009,0,0,3,0,1.176585222144,3,Typec,Toyota,Mail
2026-01-08 17:00:00,12.064597782277058,3.1081087049545255,0.25762223996562483,0,0,3,0,1.176585222144,3,Typec,Toyota,Mail
2026-01-08 18:00:00,12.064597782277058,5.104386721679068,0.42308801451942585,0,0,3,0,1.176585222144,3,Typec,Toyota,Mail
2026-01-08 19:00:00,12.064597782277058,6.387762357782309,0.5294633499648,0,0,3,0,1.176585222144,3,Typec,Toyota,Mail
2026-01-08 20:00:00,0.0,0.0,0.0,1,1,3,100,1.0,3,Typec,Toyota,Mail
2026-01-08 21:00:00,0.0,0.0,0.0,1,1,3,100,1.0,3,Typec,Toyota,Mail
2026-01-08 22:00:00,0.0,0.0,0.0,1,1,3,100,1.0,3,Typec,Toyota,Mail
2026-01-08 23:00:00,0.0,0.0,0.0,1,1,3,100,1.0,3,Typec,Toyota,Mail
2026-01-09 00:00:00,0.0,0.0,0.0,1,1,3,100,1.0,3,Typec,Toyota,Mail
2026-01-09 01:00:00,0.0,0.0,0.0,1,1,3,100,1.0,3,Typec,Toyota,Mail
2026-01-09 02:00:00,0.0,0.0,0.0,1,1,3,100,1.0,3,Typec,Toyota,Mail
2026-01-09 03:00:00,0.0,0.0,0.0,1,1,3,100,1.0,3,Typec,Toyota,Mail
2026-01-09 04:00:00,0.0,0.0,0.0,1,1,3,100,1.0,3,Typec,Toyota,Mail
2026-01-09 05:00:00,0.0,0.0,0.0,1,1,3,100,1.0,3,Typec,Toyota,Mail
2026-01-09 06:00:00,0.0,0.0,0.0,1,1,3,100,1.0,3,Typec,Toyota,Mail
2026-01-09 07:00:00,0.0,0.0,0.0,1,1,3,100,1.0,3,Typec,Toyota,Mail
2026-01-09 08:00:00,6.816696499838582,2.4726413600182937,0.36273308633835244,0,0,3,0,1.137342385344,3,Typec,Toyota,Mail
2026-01-09 09:00:00,6.816696499838582,1.5240180234815714,0.22357134772212017,0,0,3,0,1.137342385344,3,Typec,Toyota,Mail
2026-01-09 10:00:00,6.816696499838582,1.7000393460194292,0.2493934336169559,0,0,3,0,1.137342385344,3,Typec,Toyota,Mail
2026-01-09 11:00:00,6.816696499838582,0.7752917857292508,0.1137342385344,0,0,3,0,1.137342385344,3,Typec,Toyota,Mail
2026-01-09 12:00:00,6.816696499838582,1.0619018646664546,0.15577954287558501,0,0,3,0,1.137342385344,3,Typec,Toyota,Mail
2026-01-09 13:00:00,6.816696499838582,3.41132426727288,0.5004365776521896,0,0,3,0,1.137342385344,3,Typec,Toyota,Mail
2026-01-09 14:00:00,6.816696499838582,0.7752917857292508,0.1137342385344,0,0,3,0,1.137342385344,3,Typec,Toyota,Mail
2026-01-09 15:00:00,6.816696499838582,1.3181367205278385,0.19336884377338082,0,0,3,0,1.137342385344,3,Typec,Toyota,Mail
2026-01-09 16:00:00,6.816696499838582,2.426168908038353,0.35591564155684563,0,0,3,0,1.137342385344,3,Typec,Toyota,Mail
2026-01-09 17:00:00,6.816696499838582,1.0632028321085563,0.15597039300983,0,0,3,0,1.137342385344,3,Typec,Toyota,Mail
2026-01-09 18:00:00,6.816696499838582,1.9030625146317544,0.2791766531892418,0,0,3,0,1.137342385344,3,Typec,Toyota,Mail
2026-01-09 19:00:00,6.816696499838582,3.4888130357816287,0.5118040734047999,0,0,3,0,1.137342385344,3,Typec,Toyota,Mail
2026-01-09 20:00:00,6.816696499838582,2.1935784642424627,0.321794943385613,0,0,3,0,1.137342385344,3,Typec,Toyota,Mail
2026-01-09 21:00:00,0.0,0.0,0.0,1,1,3,100,1.0,3,Typec,Toyota,Mail
2026-01-09 22:00:00,0.0,0.0,0.0,1,1,3,100,1.0,3,Typec,Toyota,Mail
2026-01-09 23:00:00,0.0,0.0,0.0,1,1,3,100,1.0,3,Typec,Toyota,Mail
2026-01-10 00:00:00,0.0,0.0,0.0,1,1,3,100,1.0,3,Typec,Toyota,Mail
2026-01-10 01:00:00,0.0,0.0,0.0,1,1,3,100,1.0,3,Typec,Toyota,Mail
2026-01-10 02:00:00,0.0,0.0,0.0,1,1,3,100,1.0,3,Typec,Toyota,Mail
2026-01-10 03:00:00,0.0,0.0,0.0,1,1,3,100,1.0,3,Typec,Toyota,Mail
2026-01-10 04:00:00,0.0,0.0,0.0,1,1,3,100,1.0,3,Typec,Toyota,Mail
2026-01-10 05:00:00,0.0,0.0,0.0,1,1,3,100,1.0,3,Typec,Toyota,Mail
2026-01-10 06:00:00,0.0,0.0,0.0,1,1,3,100,1.0,3,Typec,Toyota,Mail
2026-01-10 07:00:00,0.0,0.0,0.0,1,1,3,100,1.0,3,Typec,Toyota,Mail
2026-01-10 08:00:00,0.0,0.0,0.0,1,1,3,100,1.0,3,Typec,Toyota,Mail
2026-01-10 09:00:00,5.093127958968199,2.4548074439246736,0.48198424695027403,0,0,3,0,1.18961004,3,Typec,Toyota,Mail
2026-01-10 10:00:00,5.093127958968199,1.5690938837036847,0.3080805933691017,0,0,3,0,1.18961004,3,Typec,Toyota,Mail
2026-01-10 11:00:00,5.093127958968199,2.726476269746975,0.535324518,0,0,3,0,1.18961004,3,Typec,Toyota,Mail
2026-01-10 12:00:00,5.093127958968199,0.6058836154993278,0.11896100400000001,0,0,3,0,1.18961004,3,Typec,Toyota,Mail
2026-01-10 13:00:00,5.093127958968199,1.9676781671495323,0.38633982554566687,0,0,3,0,1.18961004,3,Typec,Toyota,Mail
2026-01-10 14:00:00,5.093127958968199,1.7207571091332994,0.33785860535926965,0,0,3,0,1.18961004,3,Typec,Toyota,Mail
2026-01-10 15:00:00,5.093127958968199,0.6058836154993278,0.11896100400000001,0,0,3,0,1.18961004,3,Typec,Toyota,Mail
2026-01-10 16:00:00,5.093127958968199,0.9692513933839155,0.1903057219831314,0,0,3,0,1.18961004,3,Typec,Toyota,Mail
2026-01-10 17:00:00,5.093127958968199,1.453303392577252,0.2853459414892989,0,0,3,0,1.18961004,3,Typec,Toyota,Mail
2026-01-10 18:00:00,5.093127958968199,2.0465414891874256,0.40182408643077333,0,0,3,0,1.18961004,3,Typec,Toyota,Mail
2026-01-10 19:00:00,5.093127958968199,0.9532476651370352,0.18716350203974663,0,0,3,0,1.18961004,3,Typec,Toyota,Mail
2026-01-10 20:00:00,5.093127958968199,1.864347957374609,0.3660516626313668,0,0,3,0,1.18961004,3,Typec,Toyota,Mail
2026-01-10 21:00:00,0.0,0.0,0.0,1,1,3,100,1.0,3,Typec,Toyota,Mail
2026-01-10 22:00:00,0.0,0.0,0.0,1,1,3,100,1.0,3,Typec,Toyota,Mail
2026-01-10 23:00:00,0.0,0.0,0.0,1,1,3,100,1.0,3,Typec,Toyota,Mail
2026-01-11 00:00:00,0.0,0.0,0.0,1,1,3,100,1.0,3,Typec,Toyota,Mail
2026-01-11 01:00:00,0.0,0.0,0.0,1,1,3,100,1.0,3,Typec,Toyota,Mail
2026-01-11 02:00:00,0.0,0.0,0.0,1,1,3,100,1.0,3,Typec,Toyota,Mail
2026-01-11 03:00:00,0.0,0.0,0.0,1,1,3,100,1.0,3,Typec,Toyota,Mail
2026-01-11 04:00:00,0.0,0.0,0.0,1,1,3,100,1.0,3,Typec,Toyota,Mail
2026-01-11 05:00:00,0.0,0.0,0.0,1,1,3,100,1.0,3,Typec,Toyota,Mail
2026-01-11 06:00:00,0.0,0.0,0.0,1,1,3,100,1.0,3,Typec,Toyota,Mail
2026-01-11 07:00:00,0.0,0.0,0.0,1,1,3,100,1.0,3,Typec,Toyota,Mail
2026-01-11 08:00:00,0.0,0.0,0.0,1,1,3,100,1.0,3,Typec,Toyota,Mail
2026-01-11 09:00:00,7.808170377971842,1.6630040050810952,0.2129825457923803,0,0,3,0,1.122069513044,3,Typec,Toyota,Mail
2026-01-11 10:00:00,7.808170377971842,2.292824106300452,0.2936442207727553,0,0,3,0,1.122069513044,3,Typec,Toyota,Mail
2026-01-11 11:00:00,7.808170377971842,1.7384224897948064,0.22264146472766372,0,0,3,0,1.122069513044,3,Typec,Toyota,Mail
2026-01-11 12:00:00,7.808170377971842,3.1744398961532383,0.4065536153141414,0,0,3,0,1.122069513044,3,Typec,Toyota,Mail
2026-01-11 13:00:00,7.808170377971842,0.8761309933775451,0.1122069513044,0,0,3,0,1.122069513044,3,Typec,Toyota,Mail
2026-01-11 14:00:00,7.808170377971842,1.9941884611315719,0.2553976622689372,0,0,3,0,1.122069513044,3,Typec,Toyota,Mail
2026-01-11 15:00:00,7.808170377971842,3.377315064262779,0.4325360360720037,0,0,3,0,1.122069513044,3,Typec,Toyota,Mail
2026-01-11 16:00:00,7.808170377971842,3.2040774301863335,0.4103493232198895,0,0,3,0,1.122069513044,3,Typec,Toyota,Mail
2026-01-11 17:00:00,7.808170377971842,2.594041965406636,0.3322214859354073,0,0,3,0,1.122069513044,3,Typec,Toyota,Mail
2026-01-11 18:00:00,7.808170377971842,0.8761309933775451,0.1122069513044,0,0,3,0,1.122069513044,3,Typec,Toyota,Mail
2026-01-11 19:00:00,7.808170377971842,2.7105120051751843,0.34713791758719725,0,0,3,0,1.122069513044,3,Typec,Toyota,Mail
2026-01-11 20:00:00,0.0,0.0,0.0,1,1,3,100,1.0,3,Typec,Toyota,Mail
2026-01-11 21:00:00,0.0,0.0,0.0,1,1,3,100,1.0,3,Typec,Toyota,Mail
2026-01-11 22:00:00,0.0,0.0,0.0,1,1,3,100,1.0,3,Typec,Toyota,Mail
2026-01-11 23:00:00,0.0,0.0,0.0,1,1,3,100,1.0,3,Typec,Toyota,Mail
2026-01-12 00:00:00,0.0,0.0,0.0,1,1,3,100,1.0,3,Typec,Toyota,Mail
2026-01-12 01:00:00,0.0,0.0,0.0,1,1,3,100,1.0,3,Typec,Toyota,Mail
2026-01-12 02:00:00,0.0,0.0,0.0,1,1,3,100,1.0,3,Typec,Toyota,Mail
2026-01-12 03:00:00,0.0,0.0,0.0,1,1,3,100,1.0,3,Typec,Toyota,Mail
2026-01-12 04:00:00,0.0,0.0,0.0,1,1,3,100,1.0,3,Typec,Toyota,Mail
2026-01-12 05:00:00,0.0,0.0,0.0,1,1,3,100,1.0,3,Typec,Toyota,Mail
2026-01-12 06:00:00,0.0,0.0,0.0,1,1,3,100,1.0,3,Typec,Toyota,Mail
2026-01-12 07:00:00,0.0,0.0,0.0,1,1,3,100,1.0,3,Typec,Toyota,Mail
2026-01-12 08:00:00,7.577215682740711,1.9955310916506743,0.26335941527915996,0,0,3,0,1.119889326784,3,Typec,Toyota,Mail
2026-01-12 09:00:00,7.577215682740711,2.1682451729897223,0.28615328687667224,0,0,3,0,1.119889326784,3,Typec,Toyota,Mail
2026-01-12 10:00:00,7.577215682740711,2.9747063624480323,0.3925856788297293,0,0,3,0,1.119889326784,3,Typec,Toyota,Mail
2026-01-12 11:00:00,7.577215682740711,1.8259710763427306,0.2409818002807951,0,0,3,0,1.119889326784,3,Typec,Toyota,Mail
2026-01-12 12:00:00,7.577215682740711,1.4075713578249258,0.1857636652776131,0,0,3,0,1.119889326784,3,Typec,Toyota,Mail
2026-01-12 13:00:00,7.577215682740711,1.666193926702826,0.21989527505440581,0,0,3,0,1.119889326784,3,Typec,Toyota,Mail
2026-01-12 14:00:00,7.577215682740711,2.8779195451973494,0.379812277450758,0,0,3,0,1.119889326784,3,Typec,Toyota,Mail
2026-01-12 15:00:00,7.577215682740711,0.8485642969841661,0.1119889326784,0,0,3,0,1.119889326784,3,Typec,Toyota,Mail
2026-01-12 16:00:00,7.577215682740711,2.5733528803535357,0.3396172140401239,0,0,3,0,1.119889326784,3,Typec,Toyota,Mail
2026-01-12 17:00:00,7.577215682740711,1.4035653894469224,0.18523497920798881,0,0,3,0,1.119889326784,3,Typec,Toyota,Mail
2026-01-12 18:00:00,7.577215682740711,2.1502540157805785,0.283778911121456,0,0,3,0,1.119889326784,3,Typec,Toyota,Mail
2026-01-12 19:00:00,7.577215682740711,3.0470111576490266,0.4021280751700748,0,0,3,0,1.119889326784,3,Typec,Toyota,Mail
2026-01-12 20:00:00,0.0,0.0,0.0,1,1,3,100,1.0,3,Typec,Toyota,Mail
2026-01-12 21:00:00,0.0,0.0,0.0,1,1,3,100,1.0,3,Typec,Toyota,Mail
2026-01-12 22:00:00,0.0,0.0,0.0,1,1,3,100,1.0,3,Typec,Toyota,Mail
2026-01-12 23:00:00,0.0,0.0,0.0,1,1,3,100,1.0,3,Typec,Toyota,Mail
2026-01-13 00:00:00,0.0,0.0,0.0,1,1,3,100,1.0,3,Typec,Toyota,Mail
2026-01-13 01:00:00,0.0,0.0,0.0,1,1,3,100,1.0,3,Typec,Toyota,Mail
2026-01-13 02:00:00,0.0,0.0,0.0,1,1,3,100,1.0,3,Typec,Toyota,Mail
2026-01-13 03:00:00,0.0,0.0,0.0,1,1,3,100,1.0,3,Typec,Toyota,Mail
2026-01-13 04:00:00,0.0,0.0,0.0,1,1,3,100,1.0,3,Typec,Toyota,Mail
2026-01-13 05:00:00,0.0,0.0,0.0,1,1,3,100,1.0,3,Typec,Toyota,Mail
2026-01-13 06:00:00,0.0,0.0,0.0,1,1,3,100,1.0,3,Typec,Toyota,Mail
2026-01-13 07:00:00,0.0,0.0,0.0,1,1,3,100,1.0,3,Typec,Toyota,Mail
2026-01-13 08:00:00,0.0,0.0,0.0,1,1,3,100,1.0,3,Typec,Toyota,Mail
2026-01-13 09:00:00,7.645836319302893,0.8595833316976995,0.11242502400000001,0,0,3,0,1.12425024,3,Typec,Toyota,Mail
2026-01-13 10:00:00,7.645836319302893,3.4264485620895857,0.44814568596493204,0,0,3,0,1.12425024,3,Typec,Toyota,Mail
2026-01-13 11:00:00,7.645836319302893,2.9948125289823375,0.39169194891362635,0,0,3,0,1.12425024,3,Typec,Toyota,Mail
2026-01-13 12:00:00,7.645836319302893,1.8959889406319186,0.24797665833432136,0,0,3,0,1.12425024,3,Typec,Toyota,Mail
2026-01-13 13:00:00,7.645836319302893,0.8595833316976995,0.11242502400000001,0,0,3,0,1.12425024,3,Typec,Toyota,Mail
2026-01-13 14:00:00,7.645836319302893,3.8681249926396473,0.505912608,0,0,3,0,1.12425024,3,Typec,Toyota,Mail
2026-01-13 15:00:00,7.645836319302893,3.6336043860453113,0.47523962511096557,0,0,3,0,1.12425024,3,Typec,Toyota,Mail
2026-01-13 16:00:00,7.645836319302893,2.4852927436065877,0.32505178502607335,0,0,3,0,1.12425024,3,Typec,Toyota,Mail
2026-01-13 17:00:00,7.645836319302893,1.8431389263383307,0.2410643975839622,0,0,3,0,1.12425024,3,Typec,Toyota,Mail
2026-01-13 18:00:00,7.645836319302893,1.3918079021972611,0.18203474990478985,0,0,3,0,1.12425024,3,Typec,Toyota,Mail
2026-01-13 19:00:00,7.645836319302893,2.2767910236788005,0.2977818159578894,0,0,3,0,1.12425024,3,Typec,Toyota,Mail
2026-01-13 20:00:00,7.645836319302893,3.8681249926396473,0.505912608,0,0,3,0,1.12425024,3,Typec,Toyota,Mail
2026-01-13 21:00:00,0.0,0.0,0.0,1,1,3,100,1.0,3,Typec,Toyota,Mail
2026-01-13 22:00:00,0.0,0.0,0.0,1,1,3,100,1.0,3,Typec,Toyota,Mail
2026-01-13 23:00:00,0.0,0.0,0.0,1,1,3,100,1.0,3,Typec,Toyota,Mail
2026-01-14 00:00:00,0.0,0.0,0.0,1,1,3,100,1.0,3,Typec,Toyota,Mail
2026-01-14 01:00:00,0.0,0.0,0.0,1,1,3,100,1.0,3,Typec,Toyota,Mail
2026-01-14 02:00:00,0.0,0.0,0.0,1,1,3,100,1.0,3,Typec,Toyota,Mail
2026-01-14 03:00:00,0.0,0.0,0.0,1,1,3,100,1.0,3,Typec,Toyota,Mail
2026-01-14 04:00:00,0.0,0.0,0.0,1,1,3,100,1.0,3,Typec,Toyota,Mail
2026-01-14 05:00:00,0.0,0.0,0.0,1,1,3,100,1.0,3,Typec,Toyota,Mail
2026-01-14 06:00:00,0.0,0.0,0.0,1,1,3,100,1.0,3,Typec,Toyota,Mail
2026-01-14 07:00:00,0.0,0.0,0.0,1,1,3,100,1.0,3,Typec,Toyota,Mail
2026-01-14 08:00:00,0.0,0.0,0.0,1,1,3,100,1.0,3,Typec,Toyota,Mail
2026-01-14 09:00:00,0.0,0.0,0.0,1,1,3,100,1.0,3,Typec,Toyota,Mail
2026-01-14 10:00:00,12.230421891278024,5.645933878663991,0.46163034512246215,0,0,3,0,1.102475,3,Typec,Toyota,Mail
2026-01-14 11:00:00,12.230421891278024,2.9192846474154948,0.23869042894565615,0,0,3,0,1.102475,3,Typec,Toyota,Mail
2026-01-14 12:00:00,12.230421891278024,1.9553384915713008,0.15987498296896255,0,0,3,0,1.102475,3,Typec,Toyota,Mail
2026-01-14 13:00:00,12.230421891278024,5.836792320656353,0.4772355665685409,0,0,3,0,1.102475,3,Typec,Toyota,Mail
2026-01-14 14:00:00,12.230421891278024,3.450107881786493,0.2820923033118666,0,0,3,0,1.102475,3,Typec,Toyota,Mail
2026-01-14 15:00:00,12.230421891278024,6.067680468564033,0.4961137500000001,0,0,3,0,1.102475,3,Typec,Toyota,Mail
2026-01-14 16:00:00,12.230421891278024,5.5118539949577485,0.4506675275763349,0,0,3,0,1.102475,3,Typec,Toyota,Mail
2026-01-14 17:00:00,12.230421891278024,6.067680468564033,0.4961137500000001,0,0,3,0,1.102475,3,Typec,Toyota,Mail
2026-01-14 18:00:00,12.230421891278024,3.383272809936786,0.2766276453921451,0,0,3,0,1.102475,3,Typec,Toyota,Mail
2026-01-14 19:00:00,12.230421891278024,4.211926534566103,0.34438113190271774,0,0,3,0,1.102475,3,Typec,Toyota,Mail
2026-01-14 20:00:00,0.0,0.0,0.0,1,1,3,100,1.0,3,Typec,Toyota,Mail
2026-01-14 21:00:00,0.0,0.0,0.0,1,1,3,100,1.0,3,Typec,Toyota,Mail
2026-01-14 22:00:00,0.0,0.0,0.0,1,1,3,100,1.0,3,Typec,Toyota,Mail
2026-01-14 23:00:00,0.0,0.0,0.0,1,1,3,100,1.0,3,Typec,Toyota,Mail
