date,Distance_km,Consumption_kWh,Consumption_km,Location,ChargingStation,ID,PowerRating_kW,consumption_factor,VehicleID,ScheduleType,VehicleType,CompanyType
2026-01-01 00:00:00,0.0,0.0,0.0,1,1,0,80,1.0,0,Typec,Renault,Food
2026-01-01 01:00:00,0.0,0.0,0.0,1,1,0,80,1.0,0,Typec,Renault,Food
2026-01-01 02:00:00,0.0,0.0,0.0,1,1,0,80,1.0,0,Typec,Renault,Food
2026-01-01 03:00:00,0.0,0.0,0.0,1,1,0,80,1.0,0,Typec,Renault,Food
2026-01-01 04:00:00,0.0,0.0,0.0,1,1,0,80,1.0,0,Typec,Renault,Food
2026-01-01 05:00:00,0.0,0.0,0.0,1,1,0,80,1.0,0,Typec,Renault,Food
2026-01-01 06:00:00,0.0,0.0,0.0,1,1,0,80,1.0,0,Typec,Renault,Food
2026-01-01 07:00:00,0.0,0.0,0.0,1,1,0,80,1.0,0,Typec,Renault,Food
2026-01-01 08:00:00,7.408762425217609,1.343353028903611,0.18131949059820934,0,0,0,0,1.1329772784640002,0,Typec,Renault,Food
2026-01-01 09:00:00,7.408762425217609,1.343371839986515,0.18132202962994293,0,0,0,0,1.1329772784640002,0,Typec,Renault,Food
2026-01-01 10:00:00,7.408762425217609,3.421063528324536,0.4617591079287514,0,0,0,0,1.1329772784640002,0,Typec,Renault,Food
2026-01-01 11:00:00,7.408762425217609,2.490948109660018,0.33621649159398637,0,0,0,0,1.1329772784640002,0,Typec,Renault,Food
2026-01-01 12:00:00,7.408762425217609,1.073727986613331,0.14492676711546645,0,0,0,0,1.1329772784640002,0,Typec,Renault,Food
2026-01-01 13:00:00,7.408762425217609,2.233292211048072,0.30143930698148635,0,0,0,0,1.1329772784640002,0,Typec,Renault,Food
2026-01-01 14:00:00,7.408762425217609,1.0806675970241586,0.14586344317720745,0,0,0,0,1.1329772784640002,0,Typec,Renault,Food
2026-01-01 15:00:00,7.408762425217609,1.0780184945220557,0.14550587974757365,0,0,0,0,1.1329772784640002,0,Typec,Renault,Food
2026-01-01 16:00:00,7.408762425217609,1.88887465744359,0.25495144114951296,0,0,0,0,1.1329772784640002,0,Typec,Renault,Food
2026-01-01 17:00:00,7.408762425217609,0.8393959489309394,0.11329772784640002,0,0,0,0,1.1329772784640002,0,Typec,Renault,Food
2026-01-01 18:00:00,7.408762425217609,0.8393959489309394,0.11329772784640002,0,0,0,0,1.1329772784640002,0,Typec,Renault,Food
2026-01-01 19:00:00,7.408762425217609,0.9673849636927141,0.13057308470305015,0,0,0,0,1.1329772784640002,0,Typec,Renault,Food
2026-01-01 20:00:00,7.408762425217609,0.8393959489309394,0.11329772784640002,0,0,0,0,1.1329772784640002,0,Typec,Renault,Food
2026-01-01 21:00:00,7.408762425217609,1.9716971072393616,0.2661304269290899,0,0,0,0,1.1329772784640002,0,Typec,Renault,Food
2026-01-01 22:00:00,7.408762425217609,0.8393959489309394,0.11329772784640002,0,0,0,0,1.1329772784640002,0,Typec,Renault,Food
2026-01-01 23:00:00,0.0,0.0,0.0,1,1,0,80,1.0,0,Typec,Renault,Food
2026-01-02 00:00:00,0.0,0.0,0.0,1,1,0,80,1.0,0,Typec,Renault,Food
2026-01-02 01:00:00,0.0,0.0,0.0,1,1,0,80,1.0,0,Typec,Renault,Food
2026-01-02 02:00:00,0.0,0.0,0.0,1,1,0,80,1.0,0,Typec,Renault,Food
2026-01-02 03:00:00,0.0,0.0,0.0,1,1,0,80,1.0,0,Typec,Renault,Food
2026-01-02 04:00:00,0.0,0.0,0.0,1,1,0,80,1.0,0,Typec,Renault,Food
2026-01-02 05:00:00,0.0,0.0,0.0,1,1,0,80,1.0,0,Typec,Renault,Food
2026-01-02 06:00:00,0.0,0.0,0.0,1,1,0,80,1.0,0,Typec,Renault,Food
2026-01-02 07:00:00,0.0,0.0,0.0,1,1,0,80,1.0,0,Typec,Renault,Food
2026-01-02 08:00:00,5.587667274470942,0.688730302934683,0.123259004,0,0,0,0,1.23259004,0,Typec,Renault,Food
2026-01-02 09:00:00,5.587667274470942,0.8105788021072116,0.14506568882699977,0,0,0,0,1.23259004,0,Typec,Renault,Food
2026-01-02 10:00:00,5.587667274470942,1.4266423787645761,0.2553198515027284,0,0,0,0,1.23259004,0,Typec,Renault,Food
2026-01-02 11:00:00,5.587667274470942,0.688730302934683,0.123259004,0,0,0,0,1.23259004,0,Typec,Renault,Food
2026-01-02 12:00:00,5.587667274470942,1.6755622242670847,0.2998679309203736,0,0,0,0,1.23259004,0,Typec,Renault,Food
2026-01-02 13:00:00,5.587667274470942,0.7576916203678662,0.13560070475735456,0,0,0,0,1.23259004,0,Typec,Renault,Food
2026-01-02 14:00:00,5.587667274470942,1.048135968474678,0.18758024001597676,0,0,0,0,1.23259004,0,Typec,Renault,Food
2026-01-02 15:00:00,5.587667274470942,0.7566876485947645,0.13542102838727277,0,0,0,0,1.23259004,0,Typec,Renault,Food
2026-01-02 16:00:00,5.587667274470942,3.06372013879543,0.5483003887495275,0,0,0,0,1.23259004,0,Typec,Renault,Food
2026-01-02 17:00:00,5.587667274470942,1.3096732130479314,0.23438639931758204,0,0,0,0,1.23259004,0,Typec,Renault,Food
2026-01-02 18:00:00,5.587667274470942,0.688730302934683,0.123259004,0,0,0,0,1.23259004,0,Typec,Renault,Food
2026-01-02 19:00:00,5.587667274470942,2.09565052449373,0.37504926860416055,0,0,0,0,1.23259004,0,Typec,Renault,Food
2026-01-02 20:00:00,5.587667274470942,0.688730302934683,0.123259004,0,0,0,0,1.23259004,0,Typec,Renault,Food
2026-01-02 21:00:00,5.587667274470942,1.5187183694710162,0.2717982826947787,0,0,0,0,1.23259004,0,Typec,Renault,Food
2026-01-02 22:00:00,5.587667274470942,0.688730302934683,0.123259004,0,0,0,0,1.23259004,0,Typec,Renault,Food
2026-01-02 23:00:00,0.0,0.0,0.0,1,1,0,80,1.0,0,Typec,Renault,Food
2026-01-03 00:00:00,0.0,0.0,0.0,1,1,0,80,1.0,0,Typec,Renault,Food
2026-01-03 01:00:00,0.0,0.0,0.0,1,1,0,80,1.0,0,Typec,Renault,Food
2026-01-03 02:00:00,0.0,0.0,0.0,1,1,0,80,1.0,0,Typec,Renault,Food
2026-01-03 03:00:00,0.0,0.0,0.0,1,1,0,80,1.0,0,Typec,Renault,Food
2026-01-03 04:00:00,0.0,0.0,0.0,1,1,0,80,1.0,0,Typec,Renault,Food
2026-01-03 05:00:00,0.0,0.0,0.0,1,1,0,80,1.0,0,Typec,Renault,Food
2026-01-03 06:00:00,0.0,0.0,0.0,1,1,0,80,1.0,0,Typec,Renault,Food
2026-01-03 07:00:00,0.0,0.0,0.0,1,1,0,80,1.0,0,Typec,Renault,Food
2026-01-03 08:00:00,4.586554124887945,0.9771716567613796,0.21305137367920043,0,0,0,0,1.209049010004,0,Typec,Renault,Food
2026-01-03 09:00:00,4.586554124887945,0.8367925113003264,0.18244470434997215,0,0,0,0,1.209049010004,0,Typec,Renault,Food
2026-01-03 10:00:00,4.586554124887945,0.5545368724025532,0.1209049010004,0,0,0,0,1.209049010004,0,Typec,Renault,Food
2026-01-03 11:00:00,4.586554124887945,0.5545368724025532,0.1209049010004,0,0,0,0,1.209049010004,0,Typec,Renault,Food
2026-01-03 12:00:00,4.586554124887945,0.7160335797327858,0.1561158028959877,0,0,0,0,1.209049010004,0,Typec,Renault,Food
2026-01-03 13:00:00,4.586554124887945,1.8648918854598155,0.4065997772358954,0,0,0,0,1.209049010004,0,Typec,Renault,Food
2026-01-03 14:00:00,4.586554124887945,1.3248101958436391,0.2888465195809732,0,0,0,0,1.209049010004,0,Typec,Renault,Food
2026-01-03 15:00:00,4.586554124887945,0.5545368724025532,0.1209049010004,0,0,0,0,1.209049010004,0,Typec,Renault,Food
2026-01-03 16:00:00,4.586554124887945,1.3100238322330544,0.2856226693422178,0,0,0,0,1.209049010004,0,Typec,Renault,Food
2026-01-03 17:00:00,4.586554124887945,0.7732255235723019,0.16858528265840378,0,0,0,0,1.209049010004,0,Typec,Renault,Food
2026-01-03 18:00:00,4.586554124887945,0.5545368724025532,0.1209049010004,0,0,0,0,1.209049010004,0,Typec,Renault,Food
2026-01-03 19:00:00,0.0,0.0,0.0,1,1,0,80,1.0,0,Typec,Renault,Food
2026-01-03 20:00:00,0.0,0.0,0.0,1,1,0,80,1.0,0,Typec,Renault,Food
2026-01-03 21:00:00,0.0,0.0,0.0,1,1,0,80,1.0,0,Typec,Renault,Food
2026-01-03 22:00:00,0.0,0.0,0.0,1,1,0,80,1.0,0,Typec,Renault,Food
2026-01-03 23:00:00,0.0,0.0,0.0,1,1,0,80,1.0,0,Typec,Renault,Food
2026-01-04 00:00:00,0.0,0.0,0.0,1,1,0,80,1.0,0,Typec,Renault,Food
2026-01-04 01:00:00,0.0,0.0,0.0,1,1,0,80,1.0,0,Typec,Renault,Food
2026-01-04 02:00:00,0.0,0.0,0.0,1,1,0,80,1.0,0,Typec,Renault,Food
2026-01-04 03:00:00,0.0,0.0,0.0,1,1,0,80,1.0,0,Typec,Renault,Food
2026-01-04 04:00:00,0.0,0.0,0.0,1,1,0,80,1.0,0,Typec,Renault,Food
2026-01-04 05:00:00,0.0,0.0,0.0,1,1,0,80,1.0,0,Typec,Renault,Food
2026-01-04 06:00:00,0.0,0.0,0.0,1,1,0,80,1.0,0,Typec,Renault,Food
2026-01-04 07:00:00,0.0,0.0,0.0,1,1,0,80,1.0,0,Typec,Renault,Food
2026-01-04 08:00:00,0.0,0.0,0.0,1,1,0,80,1.0,0,Typec,Renault,Food
2026-01-04 09:00:00,2.8257146057976366,0.5523812680096953,0.19548374307736233,0,0,0,0,1.3050301525,0,Typec,Renault,Food
2026-01-04 10:00:00,2.8257146057976366,0.8747732436588925,0.30957593589390936,0,0,0,0,1.3050301525,0,Typec,Renault,Food
2026-01-04 11:00:00,2.8257146057976366,1.1990809636455286,0.42434609680161056,0,0,0,0,1.3050301525,0,Typec,Renault,Food
2026-01-04 12:00:00,2.8257146057976366,0.46682871496612777,0.1652073121639092,0,0,0,0,1.3050301525,0,Typec,Renault,Food
2026-01-04 13:00:00,2.8257146057976366,0.6145735069842327,0.2174931274811995,0,0,0,0,1.3050301525,0,Typec,Renault,Food
2026-01-04 14:00:00,2.8257146057976366,0.36876427629255676,0.13050301525000002,0,0,0,0,1.3050301525,0,Typec,Renault,Food
2026-01-04 15:00:00,2.8257146057976366,0.36876427629255676,0.13050301525000002,0,0,0,0,1.3050301525,0,Typec,Renault,Food
2026-01-04 16:00:00,2.8257146057976366,1.1170230387013569,0.39530638954461783,0,0,0,0,1.3050301525,0,Typec,Renault,Food
2026-01-04 17:00:00,2.8257146057976366,1.3907087816010693,0.49216179820414063,0,0,0,0,1.3050301525,0,Typec,Renault,Food
2026-01-04 18:00:00,2.8257146057976366,0.6717801625762347,0.23773814991716266,0,0,0,0,1.3050301525,0,Typec,Renault,Food
2026-01-04 19:00:00,2.8257146057976366,1.2131689785404611,0.4293317435707596,0,0,0,0,1.3050301525,0,Typec,Renault,Food
2026-01-04 20:00:00,0.0,0.0,0.0,1,1,0,80,1.0,0,Typec,Renault,Food
2026-01-04 21:00:00,0.0,0.0,0.0,1,1,0,80,1.0,0,Typec,Renault,Food
2026-01-04 22:00:00,0.0,0.0,0.0,1,1,0,80,1.0,0,Typec,Renault,Food
2026-01-04 23:00:00,0.0,0.0,0.0,1,1,0,80,1.0,0,Typec,Renault,Food
2026-01-05 00:00:00,0.0,0.0,0.0,1,1,0,80,1.0,0,Typec,Renault,Food
2026-01-05 01:00:00,0.0,0.0,0.0,1,1,0,80,1.0,0,Typec,Renault,Food
2026-01-05 02:00:00,0.0,0.0,0.0,1,1,0,80,1.0,0,Typec,Renault,Food
2026-01-05 03:00:00,0.0,0.0,0.0,1,1,0,80,1.0,0,Typec,Renault,Food
2026-01-05 04:00:00,0.0,0.0,0.0,1,1,0,80,1.0,0,Typec,Renault,Food
2026-01-05 05:00:00,0.0,0.0,0.0,1,1,0,80,1.0,0,Typec,Renault,Food
2026-01-05 06:00:00,0.0,0.0,0.0,1,1,0,80,1.0,0,Typec,Renault,Food
2026-01-05 07:00:00,0.0,0.0,0.0,1,1,0,80,1.0,0,Typec,Renault,Food
2026-01-05 08:00:00,7.429427403002318,1.7045596602276323,0.2294335172504411,0,0,0,0,1.226197579604,0,Typec,Renault,Food
2026-01-05 09:00:00,7.429427403002318,3.6947559138724944,0.4973136842792758,0,0,0,0,1.226197579604,0,Typec,Renault,Food
2026-01-05 10:00:00,7.429427403002318,0.9109945899405075,0.12261975796040002,0,0,0,0,1.226197579604,0,Typec,Renault,Food
2026-01-05 11:00:00,7.429427403002318,2.7711516358848574,0.3729966638835454,0,0,0,0,1.226197579604,0,Typec,Renault,Food
2026-01-05 12:00:00,7.429427403002318,1.8573533049267628,0.24999952273255738,0,0,0,0,1.226197579604,0,Typec,Renault,Food
2026-01-05 13:00:00,7.429427403002318,1.377291695360123,0.18538329007744841,0,0,0,0,1.226197579604,0,Typec,Renault,Food
2026-01-05 14:00:00,7.429427403002318,1.8632148370906494,0.2507884842293099,0,0,0,0,1.226197579604,0,Typec,Renault,Food
2026-01-05 15:00:00,7.429427403002318,0.9109945899405075,0.12261975796040002,0,0,0,0,1.226197579604,0,Typec,Renault,Food
2026-01-05 16:00:00,7.429427403002318,1.4759459472993561,0.19866214005979912,0,0,0,0,1.226197579604,0,Typec,Renault,Food
2026-01-05 17:00:00,7.429427403002318,2.1931818148688524,0.29520199820279047,0,0,0,0,1.226197579604,0,Typec,Renault,Food
2026-01-05 18:00:00,7.429427403002318,3.5868821118822476,0.48279388401221157,0,0,0,0,1.226197579604,0,Typec,Renault,Food
2026-01-05 19:00:00,7.429427403002318,1.1046366494954745,0.14868395497734832,0,0,0,0,1.226197579604,0,Typec,Renault,Food
2026-01-05 20:00:00,7.429427403002318,0.9109945899405075,0.12261975796040002,0,0,0,0,1.226197579604,0,Typec,Renault,Food
2026-01-05 21:00:00,7.429427403002318,1.1251709079736476,0.15144786360237572,0,0,0,0,1.226197579604,0,Typec,Renault,Food
2026-01-05 22:00:00,7.429427403002318,2.887419117081483,0.388646252322843,0,0,0,0,1.226197579604,0,Typec,Renault,Food
2026-01-05 23:00:00,0.0,0.0,0.0,1,1,0,80,1.0,0,Typec,Renault,Food
2026-01-06 00:00:00,0.0,0.0,0.0,1,1,0,80,1.0,0,Typec,Renault,Food
2026-01-06 01:00:00,0.0,0.0,0.0,1,1,0,80,1.0,0,Typec,Renault,Food
2026-01-06 02:00:00,0.0,0.0,0.0,1,1,0,80,1.0,0,Typec,Renault,Food
2026-01-06 03:00:00,0.0,0.0,0.0,1,1,0,80,1.0,0,Typec,Renault,Food
2026-01-06 04:00:00,0.0,0.0,0.0,1,1,0,80,1.0,0,Typec,Renault,Food
2026-01-06 05:00:00,0.0,0.0,0.0,1,1,0,80,1.0,0,Typec,Renault,Food
2026-01-06 06:00:00,0.0,0.0,0.0,1,1,0,80,1.0,0,Typec,Renault,Food
2026-01-06 07:00:00,0.0,0.0,0.0,1,1,0,80,1.0,0,Typec,Renault,Food
2026-01-06 08:00:00,5.357330873310248,2.311243403166329,0.43141696076319286,0,0,0,0,1.3306301459840002,0,Typec,Renault,Food
2026-01-06 09:00:00,5.357330873310248,0.7128625962037407,0.13306301459840003,0,0,0,0,1.3306301459840002,0,Typec,Renault,Food
2026-01-06 10:00:00,5.357330873310248,1.0498620939068044,0.19596737978927622,0,0,0,0,1.3306301459840002,0,Typec,Renault,Food
2026-01-06 11:00:00,5.357330873310248,0.9871524275241664,0.18426198621445486,0,0,0,0,1.3306301459840002,0,Typec,Renault,Food
2026-01-06 12:00:00,5.357330873310248,0.7128625962037407,0.13306301459840003,0,0,0,0,1.3306301459840002,0,Typec,Renault,Food
2026-01-06 13:00:00,5.357330873310248,1.656838224574348,0.30926561449257695,0,0,0,0,1.3306301459840002,0,Typec,Renault,Food
2026-01-06 14:00:00,5.357330873310248,1.6227179605537851,0.30289672206695756,0,0,0,0,1.3306301459840002,0,Typec,Renault,Food
2026-01-06 15:00:00,5.357330873310248,1.3736718717607699,0.2564097503486825,0,0,0,0,1.3306301459840002,0,Typec,Renault,Food
2026-01-06 16:00:00,5.357330873310248,1.140429428356544,0.21287268890522765,0,0,0,0,1.3306301459840002,0,Typec,Renault,Food
2026-01-06 17:00:00,5.357330873310248,0.7128625962037407,0.13306301459840003,0,0,0,0,1.3306301459840002,0,Typec,Renault,Food
2026-01-06 18:00:00,5.357330873310248,0.9593841221870797,0.17907875113083777,0,0,0,0,1.3306301459840002,0,Typec,Renault,Food
2026-01-06 19:00:00,5.357330873310248,1.0352152733002857,0.19323340256201785,0,0,0,0,1.3306301459840002,0,Typec,Renault,Food
2026-01-06 20:00:00,5.357330873310248,0.7128625962037407,0.13306301459840003,0,0,0,0,1.3306301459840002,0,Typec,Renault,Food
2026-01-06 21:00:00,5.357330873310248,1.2117559223930712,0.22618650052583697,0,0,0,0,1.3306301459840002,0,Typec,Renault,Food
2026-01-06 22:00:00,5.357330873310248,1.7618608786156524,0.3288691552342023,0,0,0,0,1.3306301459840002,0,Typec,Renault,Food
2026-01-06 23:00:00,0.0,0.0,0.0,1,1,0,80,1.0,0,Typec,Renault,Food
2026-01-07 00:00:00,0.0,0.0,0.0,1,1,0,80,1.0,0,Typec,Renault,Food
2026-01-07 01:00:00,0.0,0.0,0.0,1,1,0,80,1.0,0,Typec,Renault,Food
2026-01-07 02:00:00,0.0,0.0,0.0,1,1,0,80,1.0,0,Typec,Renault,Food
2026-01-07 03:00:00,0.0,0.0,0.0,1,1,0,80,1.0,0,Typec,Renault,Food
2026-01-07 04:00:00,0.0,0.0,0.0,1,1,0,80,1.0,0,Typec,Renault,Food
2026-01-07 05:00:00,0.0,0.0,0.0,1,1,0,80,1.0,0,Typec,Renault,Food
2026-01-07 06:00:00,0.0,0.0,0.0,1,1,0,80,1.0,0,Typec,Renault,Food
2026-01-07 07:00:00,0.0,0.0,0.0,1,1,0,80,1.0,0,Typec,Renault,Food
2026-01-07 08:00:00,0.0,0.0,0.0,1,1,0,80,1.0,0,Typec,Renault,Food
2026-01-07 09:00:00,5.7772098741025815,0.7410752393300704,0.12827563053440003,0,0,0,0,1.282756305344,0,Typec,Renault,Food
2026-01-07 10:00:00,5.7772098741025815,1.396043879462794,0.2416467308416162,0,0,0,0,1.282756305344,0,Typec,Renault,Food
2026-01-07 11:00:00,5.7772098741025815,1.483791394555817,0.25683529366090513,0,0,0,0,1.282756305344,0,Typec,Renault,Food
2026-01-07 12:00:00,5.7772098741025815,3.334838576985317,0.5772403374048001,0,0,0,0,1.282756305344,0,Typec,Renault,Food
2026-01-07 13:00:00,5.7772098741025815,1.2282783204760805,0.21260752980120504,0,0,0,0,1.282756305344,0,Typec,Renault,Food
2026-01-07 14:00:00,5.7772098741025815,1.727900011547532,0.29908901514780784,0,0,0,0,1.282756305344,0,Typec,Renault,Food
2026-01-07 15:00:00,5.7772098741025815,1.3877511544115642,0.24021131041688776,0,0,0,0,1.282756305344,0,Typec,Renault,Food
2026-01-07 16:00:00,5.7772098741025815,0.7410752393300704,0.12827563053440003,0,0,0,0,1.282756305344,0,Typec,Renault,Food
2026-01-07 17:00:00,5.7772098741025815,2.5789071074265015,0.4463931834962293,0,0,0,0,1.282756305344,0,Typec,Renault,Food
2026-01-07 18:00:00,5.7772098741025815,2.183495629210138,0.37794985413253956,0,0,0,0,1.282756305344,0,Typec,Renault,Food
2026-01-07 19:00:00,5.7772098741025815,2.2230468281439126,0.3847959268554763,0,0,0,0,1.282756305344,0,Typec,Renault,Food
2026-01-07 20:00:00,5.7772098741025815,0.7410752393300704,0.12827563053440003,0,0,0,0,1.282756305344,0,Typec,Renault,Food
2026-01-07 21:00:00,5.7772098741025815,2.8418858765649246,0.4919132139035154,0,0,0,0,1.282756305344,0,Typec,Renault,Food
2026-01-07 22:00:00,5.7772098741025815,0.7410752393300704,0.12827563053440003,0,0,0,0,1.282756305344,0,Typec,Renault,Food
2026-01-07 23:00:00,0.0,0.0,0.0,1,1,0,80,1.0,0,Typec,Renault,Food
2026-01-08 00:00:00,0.0,0.0,0.0,1,1,0,80,1.0,0,Typec,Renault,Food
2026-01-08 01:00:00,0.0,0.0,0.0,1,1,0,80,1.0,0,Typec,Renault,Food
2026-01-08 02:00:00,0.0,0.0,0.0,1,1,0,80,1.0,0,Typec,Renault,Food
2026-01-08 03:00:00,0.0,0.0,0.0,1,1,0,80,1.0,0,Typec,Renault,Food
2026-01-08 04:00:00,0.0,0.0,0.0,1,1,0,80,1.0,0,Typec,Renault,Food
2026-01-08 05:00:00,0.0,0.0,0.0,1,1,0,80,1.0,0,Typec,Renault,Food
2026-01-08 06:00:00,0.0,0.0,0.0,1,1,0,80,1.0,0,Typec,Renault,Food
2026-01-08 07:00:00,0.0,0.0,0.0,1,1,0,80,1.0,0,Typec,Renault,Food
2026-01-08 08:00:00,4.936267691310128,1.1941263903750332,0.24190875881330126,0,0,0,0,1.176585222144,0,Typec,Renault,Food
2026-01-08 09:00:00,4.936267691310128,0.7159770856138001,0.14504421769390988,0,0,0,0,1.176585222144,0,Typec,Renault,Food
2026-01-08 10:00:00,4.936267691310128,0.5807939618142378,0.11765852221440001,0,0,0,0,1.176585222144,0,Typec,Renault,Food
2026-01-08 11:00:00,4.936267691310128,1.169480019501246,0.23691584262336793,0,0,0,0,1.176585222144,0,Typec,Renault,Food
2026-01-08 12:00:00,4.936267691310128,0.5807939618142378,0.11765852221440001,0,0,0,0,1.176585222144,0,Typec,Renault,Food
2026-01-08 13:00:00,4.936267691310128,1.4905807935441304,0.30196514588707757,0,0,0,0,1.176585222144,0,Typec,Renault,Food
2026-01-08 14:00:00,4.936267691310128,0.5807939618142378,0.11765852221440001,0,0,0,0,1.176585222144,0,Typec,Renault,Food
2026-01-08 15:00:00,4.936267691310128,2.3438872287551176,0.4748298462178881,0,0,0,0,1.176585222144,0,Typec,Renault,Food
2026-01-08 16:00:00,4.936267691310128,0.5807939618142378,0.11765852221440001,0,0,0,0,1.176585222144,0,Typec,Renault,Food
2026-01-08 17:00:00,4.936267691310128,0.8597992675984188,0.17418003264126478,0,0,0,0,1.176585222144,0,Typec,Renault,Food
2026-01-08 18:00:00,4.936267691310128,1.7600676433668436,0.35655838650429966,0,0,0,0,1.176585222144,0,Typec,Renault,Food
2026-01-08 19:00:00,4.936267691310128,0.5807939618142378,0.11765852221440001,0,0,0,0,1.176585222144,0,Typec,Renault,Food
2026-01-08 20:00:00,4.936267691310128,1.2954509484051262,0.2624353113356586,0,0,0,0,1.176585222144,0,Typec,Renault,Food
2026-01-08 21:00:00,4.936267691310128,2.1514059515043127,0.43583656439290697,0,0,0,0,1.176585222144,0,Typec,Renault,Food
2026-01-08 22:00:00,0.0,0.0,0.0,1,1,0,80,1.0,0,Typec,Renault,Food
2026-01-08 23:00:00,0.0,0.0,0.0,1,1,0,80,1.0,0,Typec,Renault,Food
2026-01-09 00:00:00,0.0,0.0,0.0,1,1,0,80,1.0,0,Typec,Renault,Food
2026-01-09 01:00:00,0.0,0.0,0.0,1,1,0,80,1.0,0,Typec,Renault,Food
2026-01-09 02:00:00,0.0,0.0,0.0,1,1,0,80,1.0,0,Typec,Renault,Food
2026-01-09 03:00:00,0.0,0.0,0.0,1,1,0,80,1.0,0,Typec,Renault,Food
2026-01-09 04:00:00,0.0,0.0,0.0,1,1,0,80,1.0,0,Typec,Renault,Food
2026-01-09 05:00:00,0.0,0.0,0.0,1,1,0,80,1.0,0,Typec,Renault,Food
2026-01-09 06:00:00,0.0,0.0,0.0,1,1,0,80,1.0,0,Typec,Renault,Food
2026-01-09 07:00:00,0.0,0.0,0.0,1,1,0,80,1.0,0,Typec,Renault,Food
2026-01-09 08:00:00,6.494552020488234,0.7386529286722783,0.1137342385344,0,0,0,0,1.137342385344,0,Typec,Renault,Food
2026-01-09 09:00:00,6.494552020488234,0.7386529286722783,0.1137342385344,0,0,0,0,1.137342385344,0,Typec,Renault,Food
2026-01-09 10:00:00,6.494552020488234,1.9444670771936208,0.29939972319252345,0,0,0,0,1.137342385344,0,Typec,Renault,Food
2026-01-09 11:00:00,6.494552020488234,1.717651760214129,0.2644757875209079,0,0,0,0,1.137342385344,0,Typec,Renault,Food
2026-01-09 12:00:00,6.494552020488234,1.6707758568648214,0.2572580605396736,0,0,0,0,1.137342385344,0,Typec,Renault,Food
2026-01-09 13:00:00,6.494552020488234,1.7675239270000285,0.2721548647888347,0,0,0,0,1.137342385344,0,Typec,Renault,Food
2026-01-09 14:00:00,6.494552020488234,0.7386529286722783,0.1137342385344,0,0,0,0,1.137342385344,0,Typec,Renault,Food
2026-01-09 15:00:00,6.494552020488234,1.652386025518787,0.254426482428047,0,0,0,0,1.137342385344,0,Typec,Renault,Food
2026-01-09 16:00:00,6.494552020488234,1.7137072406271574,0.26386842929596366,0,0,0,0,1.137342385344,0,Typec,Renault,Food
2026-01-09 17:00:00,6.494552020488234,0.7386529286722783,0.1137342385344,0,0,0,0,1.137342385344,0,Typec,Renault,Food
2026-01-09 18:00:00,6.494552020488234,3.2994017594681315,0.5080260730931978,0,0,0,0,1.137342385344,0,Typec,Renault,Food
2026-01-09 19:00:00,6.494552020488234,1.8959609950610894,0.29193098909361864,0,0,0,0,1.137342385344,0,Typec,Renault,Food
2026-01-09 20:00:00,6.494552020488234,0.7386529286722783,0.1137342385344,0,0,0,0,1.137342385344,0,Typec,Renault,Food
2026-01-09 21:00:00,6.494552020488234,2.0801911836329268,0.32029787074929716,0,0,0,0,1.137342385344,0,Typec,Renault,Food
2026-01-09 22:00:00,6.494552020488234,0.7386529286722783,0.1137342385344,0,0,0,0,1.137342385344,0,Typec,Renault,Food
2026-01-09 23:00:00,0.0,0.0,0.0,1,1,0,80,1.0,0,Typec,Renault,Food
2026-01-10 00:00:00,0.0,0.0,0.0,1,1,0,80,1.0,0,Typec,Renault,Food
2026-01-10 01:00:00,0.0,0.0,0.0,1,1,0,80,1.0,0,Typec,Renault,Food
2026-01-10 02:00:00,0.0,0.0,0.0,1,1,0,80,1.0,0,Typec,Renault,Food
2026-01-10 03:00:00,0.0,0.0,0.0,1,1,0,80,1.0,0,Typec,Renault,Food
2026-01-10 04:00:00,0.0,0.0,0.0,1,1,0,80,1.0,0,Typec,Renault,Food
2026-01-10 05:00:00,0.0,0.0,0.0,1,1,0,80,1.0,0,Typec,Renault,Food
2026-01-10 06:00:00,0.0,0.0,0.0,1,1,0,80,1.0,0,Typec,Renault,Food
2026-01-10 07:00:00,0.0,0.0,0.0,1,1,0,80,1.0,0,Typec,Renault,Food
2026-01-10 08:00:00,0.0,0.0,0.0,1,1,0,80,1.0,0,Typec,Renault,Food
2026-01-10 09:00:00,6.998040893757001,2.0674537927801935,0.2954332254080685,0,0,0,0,1.18961004,0,Typec,Renault,Food
2026-01-10 10:00:00,6.998040893757001,2.5325399969206046,0.36189271188453614,0,0,0,0,1.18961004,0,Typec,Renault,Food
2026-01-10 11:00:00,6.998040893757001,3.746222868394756,0.535324518,0,0,0,0,1.18961004,0,Typec,Renault,Food
2026-01-10 12:00:00,6.998040893757001,1.319540590401744,0.18855857095361003,0,0,0,0,1.18961004,0,Typec,Renault,Food
2026-01-10 13:00:00,6.998040893757001,0.8324939707543902,0.11896100400000001,0,0,0,0,1.18961004,0,Typec,Renault,Food
2026-01-10 14:00:00,6.998040893757001,0.8324939707543902,0.11896100400000001,0,0,0,0,1.18961004,0,Typec,Renault,Food
2026-01-10 15:00:00,6.998040893757001,0.8324939707543902,0.11896100400000001,0,0,0,0,1.18961004,0,Typec,Renault,Food
2026-01-10 16:00:00,6.998040893757001,1.5107735671252647,0.21588521559984536,0,0,0,0,1.18961004,0,Typec,Renault,Food
2026-01-10 17:00:00,6.998040893757001,1.986057927177459,0.28380198934665196,0,0,0,0,1.18961004,0,Typec,Renault,Food
2026-01-10 18:00:00,6.998040893757001,1.9128071951588737,0.2733346695452011,0,0,0,0,1.18961004,0,Typec,Renault,Food
2026-01-10 19:00:00,0.0,0.0,0.0,1,1,0,80,1.0,0,Typec,Renault,Food
2026-01-10 20:00:00,0.0,0.0,0.0,1,1,0,80,1.0,0,Typec,Renault,Food
2026-01-10 21:00:00,0.0,0.0,0.0,1,1,0,80,1.0,0,Typec,Renault,Food
2026-01-10 22:00:00,0.0,0.0,0.0,1,1,0,80,1.0,0,Typec,Renault,Food
2026-01-10 23:00:00,0.0,0.0,0.0,1,1,0,80,1.0,0,Typec,Renault,Food
2026-01-11 00:00:00,0.0,0.0,0.0,1,1,0,80,1.0,0,Typec,Renault,Food
2026-01-11 01:00:00,0.0,0.0,0.0,1,1,0,80,1.0,0,Typec,Renault,Food
2026-01-11 02:00:00,0.0,0.0,0.0,1,1,0,80,1.0,0,Typec,Renault,Food
2026-01-11 03:00:00,0.0,0.0,0.0,1,1,0,80,1.0,0,Typec,Renault,Food
2026-01-11 04:00:00,0.0,0.0,0.0,1,1,0,80,1.0,0,Typec,Renault,Food
2026-01-11 05:00:00,0.0,0.0,0.0,1,1,0,80,1.0,0,Typec,Renault,Food
2026-01-11 06:00:00,0.0,0.0,0.0,1,1,0,80,1.0,0,Typec,Renault,Food
2026-01-11 07:00:00,0.0,0.0,0.0,1,1,0,80,1.0,0,Typec,Renault,Food
2026-01-11 08:00:00,0.0,0.0,0.0,1,1,0,80,1.0,0,Typec,Renault,Food
2026-01-11 09:00:00,3.858382409272993,1.9482179719997172,0.5049312808698,0,0,0,0,1.122069513044,0,Typec,Renault,Food
2026-01-11 10:00:00,3.858382409272993,1.2009837007139978,0.31126611448041785,0,0,0,0,1.122069513044,0,Typec,Renault,Food
2026-01-11 11:00:00,3.858382409272993,0.4329373271110483,0.1122069513044,0,0,0,0,1.122069513044,0,Typec,Renault,Food
2026-01-11 12:00:00,3.858382409272993,0.4329373271110483,0.1122069513044,0,0,0,0,1.122069513044,0,Typec,Renault,Food
2026-01-11 13:00:00,3.858382409272993,1.1163613019323808,0.2893340222704179,0,0,0,0,1.122069513044,0,Typec,Renault,Food
2026-01-11 14:00:00,3.858382409272993,0.6991822230049151,0.18121123020998245,0,0,0,0,1.122069513044,0,Typec,Renault,Food
2026-01-11 15:00:00,3.858382409272993,1.2531850084173028,0.3247954389916036,0,0,0,0,1.122069513044,0,Typec,Renault,Food
2026-01-11 16:00:00,3.858382409272993,1.110903915103472,0.28791959875039747,0,0,0,0,1.122069513044,0,Typec,Renault,Food
2026-01-11 17:00:00,3.858382409272993,0.7882007337756866,0.2042826890049505,0,0,0,0,1.122069513044,0,Typec,Renault,Food
2026-01-11 18:00:00,3.858382409272993,0.4329373271110483,0.1122069513044,0,0,0,0,1.122069513044,0,Typec,Renault,Food
2026-01-11 19:00:00,3.858382409272993,0.4329373271110483,0.1122069513044,0,0,0,0,1.122069513044,0,Typec,Renault,Food
2026-01-11 20:00:00,0.0,0.0,0.0,1,1,0,80,1.0,0,Typec,Renault,Food
2026-01-11 21:00:00,0.0,0.0,0.0,1,1,0,80,1.0,0,Typec,Renault,Food
2026-01-11 22:00:00,0.0,0.0,0.0,1,1,0,80,1.0,0,Typec,Renault,Food
2026-01-11 23:00:00,0.0,0.0,0.0,1,1,0,80,1.0,0,Typec,Renault,Food
2026-01-12 00:00:00,0.0,0.0,0.0,1,1,0,80,1.0,0,Typec,Renault,Food
2026-01-12 01:00:00,0.0,0.0,0.0,1,1,0,80,1.0,0,Typec,Renault,Food
2026-01-12 02:00:00,0.0,0.0,0.0,1,1,0,80,1.0,0,Typec,Renault,Food
2026-01-12 03:00:00,0.0,0.0,0.0,1,1,0,80,1.0,0,Typec,Renault,Food
2026-01-12 04:00:00,0.0,0.0,0.0,1,1,0,80,1.0,0,Typec,Renault,Food
2026-01-12 05:00:00,0.0,0.0,0.0,1,1,0,80,1.0,0,Typec,Renault,Food
2026-01-12 06:00:00,0.0,0.0,0.0,1,1,0,80,1.0,0,Typec,Renault,Food
2026-01-12 07:00:00,0.0,0.0,0.0,1,1,0,80,1.0,0,Typec,Renault,Food
2026-01-12 08:00:00,3.655965709803217,0.8828865971791912,0.2414920344607698,0,0,0,0,1.119889326784,0,Typec,Renault,Food
2026-01-12 09:00:00,3.655965709803217,1.001443044169871,0.2739202508066668,0,0,0,0,1.119889326784,0,Typec,Renault,Food
2026-01-12 10:00:00,3.655965709803217,0.40942769774969134,0.1119889326784,0,0,0,0,1.119889326784,0,Typec,Renault,Food
2026-01-12 11:00:00,3.655965709803217,0.8720133463109779,0.2385179226306021,0,0,0,0,1.119889326784,0,Typec,Renault,Food
2026-01-12 12:00:00,3.655965709803217,0.8186322167392547,0.22391682026561396,0,0,0,0,1.119889326784,0,Typec,Renault,Food
2026-01-12 13:00:00,3.655965709803217,0.40942769774969134,0.1119889326784,0,0,0,0,1.119889326784,0,Typec,Renault,Food
2026-01-12 14:00:00,3.655965709803217,0.9860573750701821,0.269711877336852,0,0,0,0,1.119889326784,0,Typec,Renault,Food
2026-01-12 15:00:00,3.655965709803217,1.0995061591550825,0.300743017421316,0,0,0,0,1.119889326784,0,Typec,Renault,Food
2026-01-12 16:00:00,3.655965709803217,1.391384736336543,0.38057926325885444,0,0,0,0,1.119889326784,0,Typec,Renault,Food
2026-01-12 17:00:00,3.655965709803217,1.3750382757656792,0.3761080887817438,0,0,0,0,1.119889326784,0,Typec,Renault,Food
2026-01-12 18:00:00,3.655965709803217,0.40942769774969134,0.1119889326784,0,0,0,0,1.119889326784,0,Typec,Renault,Food
2026-01-12 19:00:00,3.655965709803217,0.40942769774969134,0.1119889326784,0,0,0,0,1.119889326784,0,Typec,Renault,Food
2026-01-12 20:00:00,3.655965709803217,1.0739383252478416,0.29374956181020817,0,0,0,0,1.119889326784,0,Typec,Renault,Food
2026-01-12 21:00:00,3.655965709803217,1.0732401213391431,0.2935585852080956,0,0,0,0,1.119889326784,0,Typec,Renault,Food
2026-01-12 22:00:00,3.655965709803217,1.073945265893988,0.29375146025420285,0,0,0,0,1.119889326784,0,Typec,Renault,Food
2026-01-12 23:00:00,0.0,0.0,0.0,1,1,0,80,1.0,0,Typec,Renault,Food
2026-01-13 00:00:00,0.0,0.0,0.0,1,1,0,80,1.0,0,Typec,Renault,Food
2026-01-13 01:00:00,0.0,0.0,0.0,1,1,0,80,1.0,0,Typec,Renault,Food
2026-01-13 02:00:00,0.0,0.0,0.0,1,1,0,80,1.0,0,Typec,Renault,Food
2026-01-13 03:00:00,0.0,0.0,0.0,1,1,0,80,1.0,0,Typec,Renault,Food
2026-01-13 04:00:00,0.0,0.0,0.0,1,1,0,80,1.0,0,Typec,Renault,Food
2026-01-13 05:00:00,0.0,0.0,0.0,1,1,0,80,1.0,0,Typec,Renault,Food
2026-01-13 06:00:00,0.0,0.0,0.0,1,1,0,80,1.0,0,Typec,Renault,Food
2026-01-13 07:00:00,0.0,0.0,0.0,1,1,0,80,1.0,0,Typec,Renault,Food
2026-01-13 08:00:00,0.0,0.0,0.0,1,1,0,80,1.0,0,Typec,Renault,Food
2026-01-13 09:00:00,7.347929966062345,2.320613324152005,0.31581865026887157,0,0,0,0,1.12425024,0,Typec,Renault,Food
2026-01-13 10:00:00,7.347929966062345,1.2305929402712448,0.16747477806061653,0,0,0,0,1.12425024,0,Typec,Renault,Food
2026-01-13 11:00:00,7.347929966062345,2.441919801206356,0.33232758239188104,0,0,0,0,1.12425024,0,Typec,Renault,Food
2026-01-13 12:00:00,7.347929966062345,0.8260912027848785,0.11242502400000001,0,0,0,0,1.12425024,0,Typec,Renault,Food
2026-01-13 13:00:00,7.347929966062345,1.3190550164587254,0.17951382532917484,0,0,0,0,1.12425024,0,Typec,Renault,Food
2026-01-13 14:00:00,7.347929966062345,1.0387921390227473,0.14137207945919247,0,0,0,0,1.12425024,0,Typec,Renault,Food
2026-01-13 15:00:00,7.347929966062345,1.6784175754227482,0.22842046442668928,0,0,0,0,1.12425024,0,Typec,Renault,Food
2026-01-13 16:00:00,7.347929966062345,3.7174104125319527,0.505912608,0,0,0,0,1.12425024,0,Typec,Renault,Food
2026-01-13 17:00:00,7.347929966062345,0.8260912027848785,0.11242502400000001,0,0,0,0,1.12425024,0,Typec,Renault,Food
2026-01-13 18:00:00,7.347929966062345,2.3599320451596273,0.3211696431592805,0,0,0,0,1.12425024,0,Typec,Renault,Food
2026-01-13 19:00:00,7.347929966062345,0.8260912027848785,0.11242502400000001,0,0,0,0,1.12425024,0,Typec,Renault,Food
2026-01-13 20:00:00,7.347929966062345,1.0539378983399472,0.1434333075039824,0,0,0,0,1.12425024,0,Typec,Renault,Food
2026-01-13 21:00:00,7.347929966062345,2.8140115833431096,0.3829665764834582,0,0,0,0,1.12425024,0,Typec,Renault,Food
2026-01-13 22:00:00,7.347929966062345,1.6585781904122785,0.22572046795120554,0,0,0,0,1.12425024,0,Typec,Renault,Food
2026-01-13 23:00:00,0.0,0.0,0.0,1,1,0,80,1.0,0,Typec,Renault,Food
2026-01-14 00:00:00,0.0,0.0,0.0,1,1,0,80,1.0,0,Typec,Renault,Food
2026-01-14 01:00:00,0.0,0.0,0.0,1,1,0,80,1.0,0,Typec,Renault,Food
2026-01-14 02:00:00,0.0,0.0,0.0,1,1,0,80,1.0,0,Typec,Renault,Food
2026-01-14 03:00:00,0.0,0.0,0.0,1,1,0,80,1.0,0,Typec,Renault,Food
2026-01-14 04:00:00,0.0,0.0,0.0,1,1,0,80,1.0,0,Typec,Renault,Food
2026-01-14 05:00:00,0.0,0.0,0.0,1,1,0,80,1.0,0,Typec,Renault,Food
2026-01-14 06:00:00,0.0,0.0,0.0,1,1,0,80,1.0,0,Typec,Renault,Food
2026-01-14 07:00:00,0.0,0.0,0.0,1,1,0,80,1.0,0,Typec,Renault,Food
2026-01-14 08:00:00,4.377486715596008,1.0691993138658737,0.24424958505449146,0,0,0,0,1.102475,0,Typec,Renault,Food
2026-01-14 09:00:00,4.377486715596008,0.9566262133520218,0.21853320763802117,0,0,0,0,1.102475,0,Typec,Renault,Food
2026-01-14 10:00:00,4.377486715596008,0.4973581022328509,0.11361727277455233,0,0,0,0,1.102475,0,Typec,Renault,Food
2026-01-14 11:00:00,4.377486715596008,2.1717313500495194,0.4961137500000001,0,0,0,0,1.102475,0,Typec,Renault,Food
2026-01-14 12:00:00,4.377486715596008,1.3442049263165607,0.3070723028187518,0,0,0,0,1.102475,0,Typec,Renault,Food
2026-01-14 13:00:00,4.377486715596008,0.482606966677671,0.11024750000000001,0,0,0,0,1.102475,0,Typec,Renault,Food
2026-01-14 14:00:00,4.377486715596008,1.049433742511281,0.2397343066221955,0,0,0,0,1.102475,0,Typec,Renault,Food
2026-01-14 15:00:00,4.377486715596008,0.4906479108730902,0.11208438603023536,0,0,0,0,1.102475,0,Typec,Renault,Food
2026-01-14 16:00:00,4.377486715596008,1.4881530891124075,0.33995604916639727,0,0,0,0,1.102475,0,Typec,Renault,Food
2026-01-14 17:00:00,4.377486715596008,0.482606966677671,0.11024750000000001,0,0,0,0,1.102475,0,Typec,Renault,Food
2026-01-14 18:00:00,4.377486715596008,0.8510217688533366,0.19440876104120106,0,0,0,0,1.102475,0,Typec,Renault,Food
2026-01-14 19:00:00,4.377486715596008,1.2592700432463404,0.2876696435787782,0,0,0,0,1.102475,0,Typec,Renault,Food
2026-01-14 20:00:00,4.377486715596008,1.496928977337525,0.3419608269750542,0,0,0,0,1.102475,0,Typec,Renault,Food
2026-01-14 21:00:00,4.377486715596008,0.482606966677671,0.11024750000000001,0,0,0,0,1.102475,0,Typec,Renault,Food
2026-01-14 22:00:00,4.377486715596008,0.7062498404676127,0.16133683237721821,0,0,0,0,1.102475,0,Typec,Renault,Food
2026-01-14 23:00:00,0.0,0.0,0.0,1,1,0,80,1.0,0,Typec,Renault,Food
2026-01-01 00:00:00,0.0,0.0,0.0,1,1,1,80,1.0,1,Typec,Renault,Food
2026-01-01 01:00:00,0.0,0.0,0.0,1,1,1,80,1.0,1,Typec,Renault,Food
2026-01-01 02:00:00,0.0,0.0,0.0,1,1,1,80,1.0,1,Typec,Renault,Food
2026-01-01 03:00:00,0.0,0.0,0.0,1,1,1,80,1.0,1,Typec,Renault,Food
2026-01-01 04:00:00,0.0,0.0,0.0,1,1,1,80,1.0,1,Typec,Renault,Food
2026-01-01 05:00:00,0.0,0.0,0.0,1,1,1,80,1.0,1,Typec,Renault,Food
2026-01-01 06:00:00,0.0,0.0,0.0,1,1,1,80,1.0,1,Typec,Renault,Food
2026-01-01 07:00:00,0.0,0.0,0.0,1,1,1,80,1.0,1,Typec,Renault,Food
2026-01-01 08:00:00,6.11327990163696,1.1957110626650818,0.19559239588308477,0,0,1,0,1.1329772784640002,1,Typec,Renault,Food
2026-01-01 09:00:00,6.11327990163696,1.6988582085840531,0.27789635611632113,0,0,1,0,1.1329772784640002,1,Typec,Renault,Food
2026-01-01 10:00:00,6.11327990163696,1.7559525230253985,0.2872357476311865,0,0,1,0,1.1329772784640002,1,Typec,Renault,Food
2026-01-01 11:00:00,6.11327990163696,0.6926207225445314,0.11329772784640002,0,0,1,0,1.1329772784640002,1,Typec,Renault,Food
2026-01-01 12:00:00,6.11327990163696,1.2213121643837246,0.19978018085785545,0,0,1,0,1.1329772784640002,1,Typec,Renault,Food
2026-01-01 13:00:00,6.11327990163696,1.6094593649657105,0.263272644286211,0,0,1,0,1.1329772784640002,1,Typec,Renault,Food
2026-01-01 14:00:00,6.11327990163696,0.6926207225445314,0.11329772784640002,0,0,1,0,1.1329772784640002,1,Typec,Renault,Food
2026-01-01 15:00:00,6.11327990163696,0.7557976534599034,0.12363210348957235,0,0,1,0,1.1329772784640002,1,Typec,Renault,Food
2026-01-01 16:00:00,6.11327990163696,1.723878418698353,0.28198911982367236,0,0,1,0,1.1329772784640002,1,Typec,Renault,Food
2026-01-01 17:00:00,6.11327990163696,0.6926207225445314,0.11329772784640002,0,0,1,0,1.1329772784640002,1,Typec,Renault,Food
2026-01-01 18:00:00,6.11327990163696,0.846641154175263,0.13849212988735507,0,0,1,0,1.1329772784640002,1,Typec,Renault,Food
2026-01-01 19:00:00,6.11327990163696,1.0027016795491537,0.16402024701677068,0,0,1,0,1.1329772784640002,1,Typec,Renault,Food
2026-01-01 20:00:00,6.11327990163696,2.442142952000248,0.3994816189172547,0,0,1,0,1.1329772784640002,1,Typec,Renault,Food
2026-01-01 21:00:00,6.11327990163696,2.1547289976952206,0.3524669297602824,0,0,1,0,1.1329772784640002,1,Typec,Renault,Food
2026-01-01 22:00:00,0.0,0.0,0.0,1,1,1,80,1.0,1,Typec,Renault,Food
2026-01-01 23:00:00,0.0,0.0,0.0,1,1,1,80,1.0,1,Typec,Renault,Food
2026-01-02 00:00:00,0.0,0.0,0.0,1,1,1,80,1.0,1,Typec,Renault,Food
2026-01-02 01:00:00,0.0,0.0,0.0,1,1,1,80,1.0,1,Typec,Renault,Food
2026-01-02 02:00:00,0.0,0.0,0.0,1,1,1,80,1.0,1,Typec,Renault,Food
2026-01-02 03:00:00,0.0,0.0,0.0,1,1,1,80,1.0,1,Typec,Renault,Food
2026-01-02 04:00:00,0.0,0.0,0.0,1,1,1,80,1.0,1,Typec,Renault,Food
2026-01-02 05:00:00,0.0,0.0,0.0,1,1,1,80,1.0,1,Typec,Renault,Food
2026-01-02 06:00:00,0.0,0.0,0.0,1,1,1,80,1.0,1,Typec,Renault,Food
2026-01-02 07:00:00,0.0,0.0,0.0,1,1,1,80,1.0,1,Typec,Renault,Food
2026-01-02 08:00:00,7.795183161230407,0.9608265124508315,0.123259004,0,0,1,0,1.23259004,1,Typec,Renault,Food
2026-01-02 09:00:00,7.795183161230407,1.704195874492487,0.21862165894553443,0,0,1,0,1.23259004,1,Typec,Renault,Food
2026-01-02 10:00:00,7.795183161230407,3.2376347296120866,0.4153378647617373,0,0,1,0,1.23259004,1,Typec,Renault,Food
2026-01-02 11:00:00,7.795183161230407,1.1242475456158811,0.1442233649117268,0,0,1,0,1.23259004,1,Typec,Renault,Food
2026-01-02 12:00:00,7.795183161230407,2.075028407711567,0.26619366919199366,0,0,1,0,1.23259004,1,Typec,Renault,Food
2026-01-02 13:00:00,7.795183161230407,2.497409109111217,0.32037850265432644,0,0,1,0,1.23259004,1,Typec,Renault,Food
2026-01-02 14:00:00,7.795183161230407,4.3237193060287415,0.5546655180000001,0,0,1,0,1.23259004,1,Typec,Renault,Food
2026-01-02 15:00:00,7.795183161230407,2.7957037112769503,0.35864503161150485,0,0,1,0,1.23259004,1,Typec,Renault,Food
2026-01-02 16:00:00,7.795183161230407,1.8717379369937306,0.24011468342435865,0,0,1,0,1.23259004,1,Typec,Renault,Food
2026-01-02 17:00:00,7.795183161230407,0.9608265124508315,0.123259004,0,0,1,0,1.23259004,1,Typec,Renault,Food
2026-01-02 18:00:00,7.795183161230407,3.6323584315376927,0.4659747380412231,0,0,1,0,1.23259004,1,Typec,Renault,Food
2026-01-02 19:00:00,7.795183161230407,4.3237193060287415,0.5546655180000001,0,0,1,0,1.23259004,1,Typec,Renault,Food
2026-01-02 20:00:00,7.795183161230407,0.9608265124508315,0.123259004,0,0,1,0,1.23259004,1,Typec,Renault,Food
2026-01-02 21:00:00,7.795183161230407,3.459969959211843,0.4438599950313052,0,0,1,0,1.23259004,1,Typec,Renault,Food
2026-01-02 22:00:00,0.0,0.0,0.0,1,1,1,80,1.0,1,Typec,Renault,Food
2026-01-02 23:00:00,0.0,0.0,0.0,1,1,1,80,1.0,1,Typec,Renault,Food
2026-01-03 00:00:00,0.0,0.0,0.0,1,1,1,80,1.0,1,Typec,Renault,Food
2026-01-03 01:00:00,0.0,0.0,0.0,1,1,1,80,1.0,1,Typec,Renault,Food
2026-01-03 02:00:00,0.0,0.0,0.0,1,1,1,80,1.0,1,Typec,Renault,Food
2026-01-03 03:00:00,0.0,0.0,0.0,1,1,1,80,1.0,1,Typec,Renault,Food
2026-01-03 04:00:00,0.0,0.0,0.0,1,1,1,80,1.0,1,Typec,Renault,Food
2026-01-03 05:00:00,0.0,0.0,0.0,1,1,1,80,1.0,1,Typec,Renault,Food
2026-01-03 06:00:00,0.0,0.0,0.0,1,1,1,80,1.0,1,Typec,Renault,Food
2026-01-03 07:00:00,0.0,0.0,0.0,1,1,1,80,1.0,1,Typec,Renault,Food
2026-01-03 08:00:00,6.673201670286871,1.8884684202573196,0.2829928591347573,0,0,1,0,1.209049010004,1,Typec,Renault,Food
2026-01-03 09:00:00,6.673201670286871,1.5863691726585116,0.23772234843763024,0,0,1,0,1.209049010004,1,Typec,Renault,Food
2026-01-03 10:00:00,6.673201670286871,3.6307025428578212,0.5440720545018,0,0,1,0,1.209049010004,1,Typec,Renault,Food
2026-01-03 11:00:00,6.673201670286871,2.04822327874148,0.3069326209428689,0,0,1,0,1.209049010004,1,Typec,Renault,Food
2026-01-03 12:00:00,6.673201670286871,2.8396338805636208,0.4255279580725677,0,0,1,0,1.209049010004,1,Typec,Renault,Food
2026-01-03 13:00:00,6.673201670286871,2.057559366682533,0.3083316627225626,0,0,1,0,1.209049010004,1,Typec,Renault,Food
2026-01-03 14:00:00,6.673201670286871,2.2008031962833643,0.32979719556246456,0,0,1,0,1.209049010004,1,Typec,Renault,Food
2026-01-03 15:00:00,6.673201670286871,3.6307025428578212,0.5440720545018,0,0,1,0,1.209049010004,1,Typec,Renault,Food
2026-01-03 16:00:00,6.673201670286871,1.8776950866733648,0.281378441630799,0,0,1,0,1.209049010004,1,Typec,Renault,Food
2026-01-03 17:00:00,6.673201670286871,1.063967816549071,0.15943888243127718,0,0,1,0,1.209049010004,1,Typec,Renault,Food
2026-01-03 18:00:00,6.673201670286871,0.8068227873017381,0.1209049010004,0,0,1,0,1.209049010004,1,Typec,Renault,Food
2026-01-03 19:00:00,0.0,0.0,0.0,1,1,1,80,1.0,1,Typec,Renault,Food
2026-01-03 20:00:00,0.0,0.0,0.0,1,1,1,80,1.0,1,Typec,Renault,Food
2026-01-03 21:00:00,0.0,0.0,0.0,1,1,1,80,1.0,1,Typec,Renault,Food
2026-01-03 22:00:00,0.0,0.0,0.0,1,1,1,80,1.0,1,Typec,Renault,Food
2026-01-03 23:00:00,0.0,0.0,0.0,1,1,1,80,1.0,1,Typec,Renault,Food
2026-01-04 00:00:00,0.0,0.0,0.0,1,1,1,80,1.0,1,Typec,Renault,Food
2026-01-04 01:00:00,0.0,0.0,0.0,1,1,1,80,1.0,1,Typec,Renault,Food
2026-01-04 02:00:00,0.0,0.0,0.0,1,1,1,80,1.0,1,Typec,Renault,Food
2026-01-04 03:00:00,0.0,0.0,0.0,1,1,1,80,1.0,1,Typec,Renault,Food
2026-01-04 04:00:00,0.0,0.0,0.0,1,1,1,80,1.0,1,Typec,Renault,Food
2026-01-04 05:00:00,0.0,0.0,0.0,1,1,1,80,1.0,1,Typec,Renault,Food
2026-01-04 06:00:00,0.0,0.0,0.0,1,1,1,80,1.0,1,Typec,Renault,Food
2026-01-04 07:00:00,0.0,0.0,0.0,1,1,1,80,1.0,1,Typec,Renault,Food
2026-01-04 08:00:00,2.857142857142857,0.4260405641053027,0.14911419743685594,0,0,1,0,1.3050301525,1,Typec,Renault,Food
2026-01-04 09:00:00,2.857142857142857,0.37286575785714293,0.13050301525000002,0,0,1,0,1.3050301525,1,Typec,Renault,Food
2026-01-04 10:00:00,2.857142857142857,0.37286575785714293,0.13050301525000002,0,0,1,0,1.3050301525,1,Typec,Renault,Food
2026-01-04 11:00:00,2.857142857142857,0.37286575785714293,0.13050301525000002,0,0,1,0,1.3050301525,1,Typec,Renault,Food
2026-01-04 12:00:00,2.857142857142857,0.738975083621421,0.2586412792674973,0,0,1,0,1.3050301525,1,Typec,Renault,Food
2026-01-04 13:00:00,2.857142857142857,0.43699232796797244,0.15294731478879034,0,0,1,0,1.3050301525,1,Typec,Renault,Food
2026-01-04 14:00:00,2.857142857142857,1.201955912199057,0.42068456926967,0,0,1,0,1.3050301525,1,Typec,Renault,Food
2026-01-04 15:00:00,2.857142857142857,1.4351165339937952,0.5022907868978284,0,0,1,0,1.3050301525,1,Typec,Renault,Food
2026-01-04 16:00:00,2.857142857142857,0.7856237855125457,0.274968324929391,0,0,1,0,1.3050301525,1,Typec,Renault,Food
2026-01-04 17:00:00,2.857142857142857,0.37286575785714293,0.13050301525000002,0,0,1,0,1.3050301525,1,Typec,Renault,Food
2026-01-04 18:00:00,0.0,0.0,0.0,1,1,1,80,1.0,1,Typec,Renault,Food
2026-01-04 19:00:00,0.0,0.0,0.0,1,1,1,80,1.0,1,Typec,Renault,Food
2026-01-04 20:00:00,0.0,0.0,0.0,1,1,1,80,1.0,1,Typec,Renault,Food
2026-01-04 21:00:00,0.0,0.0,0.0,1,1,1,80,1.0,1,Typec,Renault,Food
2026-01-04 22:00:00,0.0,0.0,0.0,1,1,1,80,1.0,1,Typec,Renault,Food
2026-01-04 23:00:00,0.0,0.0,0.0,1,1,1,80,1.0,1,Typec,Renault,Food
2026-01-05 00:00:00,0.0,0.0,0.0,1,1,1,80,1.0,1,Typec,Renault,Food
2026-01-05 01:00:00,0.0,0.0,0.0,1,1,1,80,1.0,1,Typec,Renault,Food
2026-01-05 02:00:00,0.0,0.0,0.0,1,1,1,80,1.0,1,Typec,Renault,Food
2026-01-05 03:00:00,0.0,0.0,0.0,1,1,1,80,1.0,1,Typec,Renault,Food
2026-01-05 04:00:00,0.0,0.0,0.0,1,1,1,80,1.0,1,Typec,Renault,Food
2026-01-05 05:00:00,0.0,0.0,0.0,1,1,1,80,1.0,1,Typec,Renault,Food
2026-01-05 06:00:00,0.0,0.0,0.0,1,1,1,80,1.0,1,Typec,Renault,Food
2026-01-05 07:00:00,0.0,0.0,0.0,1,1,1,80,1.0,1,Typec,Renault,Food
2026-01-05 08:00:00,5.963285731914841,1.1989093435285516,0.20104844835995742,0,0,1,0,1.226197579604,1,Typec,Renault,Food
2026-01-05 09:00:00,5.963285731914841,1.7580227653794032,0.29480773593837056,0,0,1,0,1.226197579604,1,Typec,Renault,Food
2026-01-05 10:00:00,5.963285731914841,1.9781445187259694,0.33172056608643796,0,0,1,0,1.226197579604,1,Typec,Renault,Food
2026-01-05 11:00:00,5.963285731914841,3.000182539369793,0.5031089694919616,0,0,1,0,1.226197579604,1,Typec,Renault,Food
2026-01-05 12:00:00,5.963285731914841,2.03132376061851,0.34063834133372,0,0,1,0,1.226197579604,1,Typec,Renault,Food
2026-01-05 13:00:00,5.963285731914841,3.046925293913496,0.5109473922416113,0,0,1,0,1.226197579604,1,Typec,Renault,Food
2026-01-05 14:00:00,5.963285731914841,3.076046848121399,0.5158308668086687,0,0,1,0,1.226197579604,1,Typec,Renault,Food
2026-01-05 15:00:00,5.963285731914841,1.5870512685318086,0.26613704925089987,0,0,1,0,1.226197579604,1,Typec,Renault,Food
2026-01-05 16:00:00,5.963285731914841,1.5848192096302787,0.2657627490744746,0,0,1,0,1.226197579604,1,Typec,Renault,Food
2026-01-05 17:00:00,5.963285731914841,0.7312166530961046,0.12261975796040002,0,0,1,0,1.226197579604,1,Typec,Renault,Food
2026-01-05 18:00:00,5.963285731914841,1.4577116223709896,0.24444772360470327,0,0,1,0,1.226197579604,1,Typec,Renault,Food
2026-01-05 19:00:00,5.963285731914841,0.7312166530961046,0.12261975796040002,0,0,1,0,1.226197579604,1,Typec,Renault,Food
2026-01-05 20:00:00,5.963285731914841,1.1085582112101124,0.1858972152344189,0,0,1,0,1.226197579604,1,Typec,Renault,Food
2026-01-05 21:00:00,5.963285731914841,1.719347360411467,0.288322149517289,0,0,1,0,1.226197579604,1,Typec,Renault,Food
2026-01-05 22:00:00,5.963285731914841,1.4888691953781943,0.24967262383721317,0,0,1,0,1.226197579604,1,Typec,Renault,Food
2026-01-05 23:00:00,0.0,0.0,0.0,1,1,1,80,1.0,1,Typec,Renault,Food
2026-01-06 00:00:00,0.0,0.0,0.0,1,1,1,80,1.0,1,Typec,Renault,Food
2026-01-06 01:00:00,0.0,0.0,0.0,1,1,1,80,1.0,1,Typec,Renault,Food
2026-01-06 02:00:00,0.0,0.0,0.0,1,1,1,80,1.0,1,Typec,Renault,Food
2026-01-06 03:00:00,0.0,0.0,0.0,1,1,1,80,1.0,1,Typec,Renault,Food
2026-01-06 04:00:00,0.0,0.0,0.0,1,1,1,80,1.0,1,Typec,Renault,Food
2026-01-06 05:00:00,0.0,0.0,0.0,1,1,1,80,1.0,1,Typec,Renault,Food
2026-01-06 06:00:00,0.0,0.0,0.0,1,1,1,80,1.0,1,Typec,Renault,Food
2026-01-06 07:00:00,0.0,0.0,0.0,1,1,1,80,1.0,1,Typec,Renault,Food
2026-01-06 08:00:00,5.285223083701462,1.44613264551138,0.2736180900236652,0,0,1,0,1.3306301459840002,1,Typec,Renault,Food
2026-01-06 09:00:00,5.285223083701462,3.164704723540658,0.5987835656928001,0,0,1,0,1.3306301459840002,1,Typec,Renault,Food
2026-01-06 10:00:00,5.285223083701462,2.256141262427062,0.4268772058807766,0,0,1,0,1.3306301459840002,1,Typec,Renault,Food
2026-01-06 11:00:00,5.285223083701462,0.7032677163423685,0.13306301459840003,0,0,1,0,1.3306301459840002,1,Typec,Renault,Food
2026-01-06 12:00:00,5.285223083701462,0.7032677163423685,0.13306301459840003,0,0,1,0,1.3306301459840002,1,Typec,Renault,Food
2026-01-06 13:00:00,5.285223083701462,1.9311198357921104,0.36538095085281935,0,0,1,0,1.3306301459840002,1,Typec,Renault,Food
2026-01-06 14:00:00,5.285223083701462,2.0025805511153023,0.3789018021378979,0,0,1,0,1.3306301459840002,1,Typec,Renault,Food
2026-01-06 15:00:00,5.285223083701462,2.333384229824124,0.4414920984167725,0,0,1,0,1.3306301459840002,1,Typec,Renault,Food
2026-01-06 16:00:00,5.285223083701462,1.791588925380538,0.3389807576723542,0,0,1,0,1.3306301459840002,1,Typec,Renault,Food
2026-01-06 17:00:00,5.285223083701462,3.164704723540658,0.5987835656928001,0,0,1,0,1.3306301459840002,1,Typec,Renault,Food
2026-01-06 18:00:00,5.285223083701462,1.4321644112821668,0.27097520551188586,0,0,1,0,1.3306301459840002,1,Typec,Renault,Food
2026-01-06 19:00:00,5.285223083701462,0.7121325525553515,0.13474030164429981,0,0,1,0,1.3306301459840002,1,Typec,Renault,Food
2026-01-06 20:00:00,5.285223083701462,1.0566632044827409,0.19992783421787289,0,0,1,0,1.3306301459840002,1,Typec,Renault,Food
2026-01-06 21:00:00,0.0,0.0,0.0,1,1,1,80,1.0,1,Typec,Renault,Food
2026-01-06 22:00:00,0.0,0.0,0.0,1,1,1,80,1.0,1,Typec,Renault,Food
2026-01-06 23:00:00,0.0,0.0,0.0,1,1,1,80,1.0,1,Typec,Renault,Food
2026-01-07 00:00:00,0.0,0.0,0.0,1,1,1,80,1.0,1,Typec,Renault,Food
2026-01-07 01:00:00,0.0,0.0,0.0,1,1,1,80,1.0,1,Typec,Renault,Food
2026-01-07 02:00:00,0.0,0.0,0.0,1,1,1,80,1.0,1,Typec,Renault,Food
2026-01-07 03:00:00,0.0,0.0,0.0,1,1,1,80,1.0,1,Typec,Renault,Food
2026-01-07 04:00:00,0.0,0.0,0.0,1,1,1,80,1.0,1,Typec,Renault,Food
2026-01-07 05:00:00,0.0,0.0,0.0,1,1,1,80,1.0,1,Typec,Renault,Food
2026-01-07 06:00:00,0.0,0.0,0.0,1,1,1,80,1.0,1,Typec,Renault,Food
2026-01-07 07:00:00,0.0,0.0,0.0,1,1,1,80,1.0,1,Typec,Renault,Food
2026-01-07 08:00:00,4.977856172118467,0.6385376391880512,0.12827563053440003,0,0,1,0,1.282756305344,1,Typec,Renault,Food
2026-01-07 09:00:00,4.977856172118467,2.2154950712476347,0.44507012550038544,0,0,1,0,1.282756305344,1,Typec,Renault,Food
2026-01-07 10:00:00,4.977856172118467,1.0395483819145541,0.2088345556742241,0,0,1,0,1.282756305344,1,Typec,Renault,Food
2026-01-07 11:00:00,4.977856172118467,0.6385376391880512,0.12827563053440003,0,0,1,0,1.282756305344,1,Typec,Renault,Food
2026-01-07 12:00:00,4.977856172118467,0.6385376391880512,0.12827563053440003,0,0,1,0,1.282756305344,1,Typec,Renault,Food
2026-01-07 13:00:00,4.977856172118467,2.0594937187536932,0.4137310616343537,0,0,1,0,1.282756305344,1,Typec,Renault,Food
2026-01-07 14:00:00,4.977856172118467,2.7427170825831655,0.5509835936894747,0,0,1,0,1.282756305344,1,Typec,Renault,Food
2026-01-07 15:00:00,4.977856172118467,0.6385376391880512,0.12827563053440003,0,0,1,0,1.282756305344,1,Typec,Renault,Food
2026-01-07 16:00:00,4.977856172118467,0.6385376391880512,0.12827563053440003,0,0,1,0,1.282756305344,1,Typec,Renault,Food
2026-01-07 17:00:00,4.977856172118467,0.7547300422566111,0.1516174867574397,0,0,1,0,1.282756305344,1,Typec,Renault,Food
2026-01-07 18:00:00,4.977856172118467,1.8707968898064193,0.3758238135293991,0,0,1,0,1.282756305344,1,Typec,Renault,Food
2026-01-07 19:00:00,4.977856172118467,2.2632956913251383,0.45467277741010526,0,0,1,0,1.282756305344,1,Typec,Renault,Food
2026-01-07 20:00:00,4.977856172118467,0.8797122331302578,0.17672512075733024,0,0,1,0,1.282756305344,1,Typec,Renault,Food
2026-01-07 21:00:00,4.977856172118467,0.6385376391880512,0.12827563053440003,0,0,1,0,1.282756305344,1,Typec,Renault,Food
2026-01-07 22:00:00,0.0,0.0,0.0,1,1,1,80,1.0,1,Typec,Renault,Food
2026-01-07 23:00:00,0.0,0.0,0.0,1,1,1,80,1.0,1,Typec,Renault,Food
2026-01-08 00:00:00,0.0,0.0,0.0,1,1,1,80,1.0,1,Typec,Renault,Food
2026-01-08 01:00:00,0.0,0.0,0.0,1,1,1,80,1.0,1,Typec,Renault,Food
2026-01-08 02:00:00,0.0,0.0,0.0,1,1,1,80,1.0,1,Typec,Renault,Food
2026-01-08 03:00:00,0.0,0.0,0.0,1,1,1,80,1.0,1,Typec,Renault,Food
2026-01-08 04:00:00,0.0,0.0,0.0,1,1,1,80,1.0,1,Typec,Renault,Food
2026-01-08 05:00:00,0.0,0.0,0.0,1,1,1,80,1.0,1,Typec,Renault,Food
2026-01-08 06:00:00,0.0,0.0,0.0,1,1,1,80,1.0,1,Typec,Renault,Food
2026-01-08 07:00:00,0.0,0.0,0.0,1,1,1,80,1.0,1,Typec,Renault,Food
2026-01-08 08:00:00,4.546853661845425,0.8212542991279395,0.18062034985190575,0,0,1,0,1.176585222144,1,Typec,Renault,Food
2026-01-08 09:00:00,4.546853661845425,0.6045060536409035,0.13295040891981413,0,0,1,0,1.176585222144,1,Typec,Renault,Food
2026-01-08 10:00:00,4.546853661845425,1.7147081781167814,0.3771197196218616,0,0,1,0,1.176585222144,1,Typec,Renault,Food
2026-01-08 11:00:00,4.546853661845425,0.9346232085459415,0.20555383525728146,0,0,1,0,1.176585222144,1,Typec,Renault,Food
2026-01-08 12:00:00,4.546853661845425,1.4564075837298684,0.32031107487606236,0,0,1,0,1.176585222144,1,Typec,Renault,Food
2026-01-08 13:00:00,4.546853661845425,1.239457134301767,0.2725966627654144,0,0,1,0,1.176585222144,1,Typec,Renault,Food
2026-01-08 14:00:00,4.546853661845425,2.3029917841446306,0.5065022882680412,0,0,1,0,1.176585222144,1,Typec,Renault,Food
2026-01-08 15:00:00,4.546853661845425,1.0095188832063653,0.22202581351532505,0,0,1,0,1.176585222144,1,Typec,Renault,Food
2026-01-08 16:00:00,4.546853661845425,1.4684434520266767,0.32295815111645393,0,0,1,0,1.176585222144,1,Typec,Renault,Food
2026-01-08 17:00:00,4.546853661845425,1.1791096184842282,0.25932429459488354,0,0,1,0,1.176585222144,1,Typec,Renault,Food
2026-01-08 18:00:00,4.546853661845425,1.359392066658017,0.29897422872111584,0,0,1,0,1.176585222144,1,Typec,Renault,Food
2026-01-08 19:00:00,4.546853661845425,1.2678759875993404,0.27884688663693413,0,0,1,0,1.176585222144,1,Typec,Renault,Food
2026-01-08 20:00:00,4.546853661845425,2.2484688498881398,0.4945109337377611,0,0,1,0,1.176585222144,1,Typec,Renault,Food
2026-01-08 21:00:00,4.546853661845425,0.534976082577866,0.11765852221440001,0,0,1,0,1.176585222144,1,Typec,Renault,Food
2026-01-08 22:00:00,0.0,0.0,0.0,1,1,1,80,1.0,1,Typec,Renault,Food
2026-01-08 23:00:00,0.0,0.0,0.0,1,1,1,80,1.0,1,Typec,Renault,Food
2026-01-09 00:00:00,0.0,0.0,0.0,1,1,1,80,1.0,1,Typec,Renault,Food
2026-01-09 01:00:00,0.0,0.0,0.0,1,1,1,80,1.0,1,Typec,Renault,Food
2026-01-09 02:00:00,0.0,0.0,0.0,1,1,1,80,1.0,1,Typec,Renault,Food
2026-01-09 03:00:00,0.0,0.0,0.0,1,1,1,80,1.0,1,Typec,Renault,Food
2026-01-09 04:00:00,0.0,0.0,0.0,1,1,1,80,1.0,1,Typec,Renault,Food
2026-01-09 05:00:00,0.0,0.0,0.0,1,1,1,80,1.0,1,Typec,Renault,Food
2026-01-09 06:00:00,0.0,0.0,0.0,1,1,1,80,1.0,1,Typec,Renault,Food
2026-01-09 07:00:00,4.183341334217712,0.4757891411767323,0.1137342385344,0,0,1,0,1.137342385344,1,Typec,Renault,Food
2026-01-09 08:00:00,4.183341334217712,1.3153277408665809,0.3144203725638726,0,0,1,0,1.137342385344,1,Typec,Renault,Food
2026-01-09 09:00:00,4.183341334217712,1.286712406932714,0.3075800667777281,0,0,1,0,1.137342385344,1,Typec,Renault,Food
2026-01-09 10:00:00,4.183341334217712,0.9161069099709277,0.21898928076406668,0,0,1,0,1.137342385344,1,Typec,Renault,Food
2026-01-09 11:00:00,4.183341334217712,1.367365864258619,0.3268597408187151,0,0,1,0,1.137342385344,1,Typec,Renault,Food
2026-01-09 12:00:00,4.183341334217712,0.4757891411767323,0.1137342385344,0,0,1,0,1.137342385344,1,Typec,Renault,Food
2026-01-09 13:00:00,4.183341334217712,1.8359615752483007,0.4388744375772117,0,0,1,0,1.137342385344,1,Typec,Renault,Food
2026-01-09 14:00:00,4.183341334217712,1.056892609895373,0.2526431685720938,0,0,1,0,1.137342385344,1,Typec,Renault,Food
2026-01-09 15:00:00,4.183341334217712,2.094767522140374,0.5007402826554428,0,0,1,0,1.137342385344,1,Typec,Renault,Food
2026-01-09 16:00:00,4.183341334217712,1.2600368832249234,0.3012034597603667,0,0,1,0,1.137342385344,1,Typec,Renault,Food
2026-01-09 17:00:00,4.183341334217712,0.7045910076094046,0.16842780718039677,0,0,1,0,1.137342385344,1,Typec,Renault,Food
2026-01-09 18:00:00,4.183341334217712,0.4757891411767323,0.1137342385344,0,0,1,0,1.137342385344,1,Typec,Renault,Food
2026-01-09 19:00:00,4.183341334217712,0.4757891411767323,0.1137342385344,0,0,1,0,1.137342385344,1,Typec,Renault,Food
2026-01-09 20:00:00,4.183341334217712,0.4757891411767323,0.1137342385344,0,0,1,0,1.137342385344,1,Typec,Renault,Food
2026-01-09 21:00:00,4.183341334217712,1.2834954136426155,0.3068110658683868,0,0,1,0,1.137342385344,1,Typec,Renault,Food
2026-01-09 22:00:00,0.0,0.0,0.0,1,1,1,80,1.0,1,Typec,Renault,Food
2026-01-09 23:00:00,0.0,0.0,0.0,1,1,1,80,1.0,1,Typec,Renault,Food
2026-01-10 00:00:00,0.0,0.0,0.0,1,1,1,80,1.0,1,Typec,Renault,Food
2026-01-10 01:00:00,0.0,0.0,0.0,1,1,1,80,1.0,1,Typec,Renault,Food
2026-01-10 02:00:00,0.0,0.0,0.0,1,1,1,80,1.0,1,Typec,Renault,Food
2026-01-10 03:00:00,0.0,0.0,0.0,1,1,1,80,1.0,1,Typec,Renault,Food
2026-01-10 04:00:00,0.0,0.0,0.0,1,1,1,80,1.0,1,Typec,Renault,Food
2026-01-10 05:00:00,0.0,0.0,0.0,1,1,1,80,1.0,1,Typec,Renault,Food
2026-01-10 06:00:00,0.0,0.0,0.0,1,1,1,80,1.0,1,Typec,Renault,Food
2026-01-10 07:00:00,0.0,0.0,0.0,1,1,1,80,1.0,1,Typec,Renault,Food
2026-01-10 08:00:00,2.857142857142857,0.5120693562073958,0.17922427467258856,0,0,1,0,1.18961004,1,Typec,Renault,Food
2026-01-10 09:00:00,2.857142857142857,0.3937527698081845,0.13781346943286457,0,0,1,0,1.18961004,1,Typec,Renault,Food
2026-01-10 10:00:00,2.857142857142857,1.1528110294773972,0.403483860317089,0,0,1,0,1.18961004,1,Typec,Renault,Food
2026-01-10 11:00:00,2.857142857142857,0.6271333633854926,0.21949667718492238,0,0,1,0,1.18961004,1,Typec,Renault,Food
2026-01-10 12:00:00,2.857142857142857,0.3398885828571429,0.11896100400000001,0,0,1,0,1.18961004,1,Typec,Renault,Food
2026-01-10 13:00:00,2.857142857142857,0.45767990853609325,0.16018796798763263,0,0,1,0,1.18961004,1,Typec,Renault,Food
2026-01-10 14:00:00,2.857142857142857,1.0870225031740712,0.38045787611092485,0,0,1,0,1.18961004,1,Typec,Renault,Food
2026-01-10 15:00:00,2.857142857142857,0.7582410826520324,0.2653843789282113,0,0,1,0,1.18961004,1,Typec,Renault,Food
2026-01-10 16:00:00,2.857142857142857,0.3398885828571429,0.11896100400000001,0,0,1,0,1.18961004,1,Typec,Renault,Food
2026-01-10 17:00:00,2.857142857142857,0.8407170023118655,0.2942509508091529,0,0,1,0,1.18961004,1,Typec,Renault,Food
2026-01-10 18:00:00,2.857142857142857,0.872627072263824,0.30541947529233837,0,0,1,0,1.18961004,1,Typec,Renault,Food
2026-01-10 19:00:00,0.0,0.0,0.0,1,1,1,80,1.0,1,Typec,Renault,Food
2026-01-10 20:00:00,0.0,0.0,0.0,1,1,1,80,1.0,1,Typec,Renault,Food
2026-01-10 21:00:00,0.0,0.0,0.0,1,1,1,80,1.0,1,Typec,Renault,Food
2026-01-10 22:00:00,0.0,0.0,0.0,1,1,1,80,1.0,1,Typec,Renault,Food
2026-01-10 23:00:00,0.0,0.0,0.0,1,1,1,80,1.0,1,Typec,Renault,Food
2026-01-11 00:00:00,0.0,0.0,0.0,1,1,1,80,1.0,1,Typec,Renault,Food
2026-01-11 01:00:00,0.0,0.0,0.0,1,1,1,80,1.0,1,Typec,Renault,Food
2026-01-11 02:00:00,0.0,0.0,0.0,1,1,1,80,1.0,1,Typec,Renault,Food
2026-01-11 03:00:00,0.0,0.0,0.0,1,1,1,80,1.0,1,Typec,Renault,Food
2026-01-11 04:00:00,0.0,0.0,0.0,1,1,1,80,1.0,1,Typec,Renault,Food
2026-01-11 05:00:00,0.0,0.0,0.0,1,1,1,80,1.0,1,Typec,Renault,Food
2026-01-11 06:00:00,0.0,0.0,0.0,1,1,1,80,1.0,1,Typec,Renault,Food
2026-01-11 07:00:00,0.0,0.0,0.0,1,1,1,80,1.0,1,Typec,Renault,Food
2026-01-11 08:00:00,0.0,0.0,0.0,1,1,1,80,1.0,1,Typec,Renault,Food
2026-01-11 09:00:00,3.0,0.694627904920036,0.23154263497334535,0,0,1,0,1.122069513044,1,Typec,Renault,Food
2026-01-11 10:00:00,3.0,0.6584737329036143,0.2194912443012048,0,0,1,0,1.122069513044,1,Typec,Renault,Food
2026-01-11 11:00:00,3.0,0.3366208539132,0.1122069513044,0,0,1,0,1.122069513044,1,Typec,Renault,Food
2026-01-11 12:00:00,3.0,0.9401716637041644,0.3133905545680548,0,0,1,0,1.122069513044,1,Typec,Renault,Food
2026-01-11 13:00:00,3.0,0.3528794762377106,0.11762649207923688,0,0,1,0,1.122069513044,1,Typec,Renault,Food
2026-01-11 14:00:00,3.0,0.5026131800853179,0.16753772669510597,0,0,1,0,1.122069513044,1,Typec,Renault,Food
2026-01-11 15:00:00,3.0,0.3366208539132,0.1122069513044,0,0,1,0,1.122069513044,1,Typec,Renault,Food
2026-01-11 16:00:00,3.0,0.43605743599925906,0.14535247866641968,0,0,1,0,1.122069513044,1,Typec,Renault,Food
2026-01-11 17:00:00,3.0,1.5147938426094,0.5049312808698,0,0,1,0,1.122069513044,1,Typec,Renault,Food
2026-01-11 18:00:00,3.0,1.277052964997038,0.4256843216656793,0,0,1,0,1.122069513044,1,Typec,Renault,Food
2026-01-11 19:00:00,0.0,0.0,0.0,1,1,1,80,1.0,1,Typec,Renault,Food
2026-01-11 20:00:00,0.0,0.0,0.0,1,1,1,80,1.0,1,Typec,Renault,Food
2026-01-11 21:00:00,0.0,0.0,0.0,1,1,1,80,1.0,1,Typec,Renault,Food
2026-01-11 22:00:00,0.0,0.0,0.0,1,1,1,80,1.0,1,Typec,Renault,Food
2026-01-11 23:00:00,0.0,0.0,0.0,1,1,1,80,1.0,1,Typec,Renault,Food
2026-01-12 00:00:00,0.0,0.0,0.0,1,1,1,80,1.0,1,Typec,Renault,Food
2026-01-12 01:00:00,0.0,0.0,0.0,1,1,1,80,1.0,1,Typec,Renault,Food
2026-01-12 02:00:00,0.0,0.0,0.0,1,1,1,80,1.0,1,Typec,Renault,Food
2026-01-12 03:00:00,0.0,0.0,0.0,1,1,1,80,1.0,1,Typec,Renault,Food
2026-01-12 04:00:00,0.0,0.0,0.0,1,1,1,80,1.0,1,Typec,Renault,Food
2026-01-12 05:00:00,0.0,0.0,0.0,1,1,1,80,1.0,1,Typec,Renault,Food
2026-01-12 06:00:00,0.0,0.0,0.0,1,1,1,80,1.0,1,Typec,Renault,Food
2026-01-12 07:00:00,0.0,0.0,0.0,1,1,1,80,1.0,1,Typec,Renault,Food
2026-01-12 08:00:00,6.355318216375485,0.7117253038834833,0.1119889326784,0,0,1,0,1.119889326784,1,Typec,Renault,Food
2026-01-12 09:00:00,6.355318216375485,1.3994508688525529,0.22020154163903957,0,0,1,0,1.119889326784,1,Typec,Renault,Food
2026-01-12 10:00:00,6.355318216375485,1.973389005786641,0.3105098656904215,0,0,1,0,1.119889326784,1,Typec,Renault,Food
2026-01-12 11:00:00,6.355318216375485,1.0233008461214579,0.16101488726162616,0,0,1,0,1.119889326784,1,Typec,Renault,Food
2026-01-12 12:00:00,6.355318216375485,1.2105651323291817,0.19048064803584008,0,0,1,0,1.119889326784,1,Typec,Renault,Food
2026-01-12 13:00:00,6.355318216375485,1.7680059950163585,0.2781931501810264,0,0,1,0,1.119889326784,1,Typec,Renault,Food
2026-01-12 14:00:00,6.355318216375485,2.1402415297092263,0.3367638656070053,0,0,1,0,1.119889326784,1,Typec,Renault,Food
2026-01-12 15:00:00,6.355318216375485,0.7952156203754005,0.12512601152313685,0,0,1,0,1.119889326784,1,Typec,Renault,Food
2026-01-12 16:00:00,6.355318216375485,1.0702194844354114,0.16839746618474918,0,0,1,0,1.119889326784,1,Typec,Renault,Food
2026-01-12 17:00:00,6.355318216375485,1.0703911709126572,0.16842448080013125,0,0,1,0,1.119889326784,1,Typec,Renault,Food
2026-01-12 18:00:00,6.355318216375485,2.949243593501143,0.4640591537811512,0,0,1,0,1.119889326784,1,Typec,Renault,Food
2026-01-12 19:00:00,6.355318216375485,2.1482969974182966,0.3380313816360712,0,0,1,0,1.119889326784,1,Typec,Renault,Food
2026-01-12 20:00:00,6.355318216375485,1.30867831417688,0.20591861329694913,0,0,1,0,1.119889326784,1,Typec,Renault,Food
2026-01-12 21:00:00,6.355318216375485,0.7117253038834833,0.1119889326784,0,0,1,0,1.119889326784,1,Typec,Renault,Food
2026-01-12 22:00:00,6.355318216375485,3.2027638674756753,0.5039501970528,0,0,1,0,1.119889326784,1,Typec,Renault,Food
2026-01-12 23:00:00,0.0,0.0,0.0,1,1,1,80,1.0,1,Typec,Renault,Food
2026-01-13 00:00:00,0.0,0.0,0.0,1,1,1,80,1.0,1,Typec,Renault,Food
2026-01-13 01:00:00,0.0,0.0,0.0,1,1,1,80,1.0,1,Typec,Renault,Food
2026-01-13 02:00:00,0.0,0.0,0.0,1,1,1,80,1.0,1,Typec,Renault,Food
2026-01-13 03:00:00,0.0,0.0,0.0,1,1,1,80,1.0,1,Typec,Renault,Food
2026-01-13 04:00:00,0.0,0.0,0.0,1,1,1,80,1.0,1,Typec,Renault,Food
2026-01-13 05:00:00,0.0,0.0,0.0,1,1,1,80,1.0,1,Typec,Renault,Food
2026-01-13 06:00:00,0.0,0.0,0.0,1,1,1,80,1.0,1,Typec,Renault,Food
2026-01-13 07:00:00,0.0,0.0,0.0,1,1,1,80,1.0,1,Typec,Renault,Food
2026-01-13 08:00:00,2.580249631354041,0.2900846267309692,0.11242502400000001,0,0,1,0,1.12425024,1,Typec,Renault,Food
2026-01-13 09:00:00,2.580249631354041,1.3053808202893615,0.505912608,0,0,1,0,1.12425024,1,Typec,Renault,Food
2026-01-13 10:00:00,2.580249631354041,1.114410478232557,0.43190025673901417,0,0,1,0,1.12425024,1,Typec,Renault,Food
2026-01-13 11:00:00,2.580249631354041,0.536801499524359,0.20804246728742326,0,0,1,0,1.12425024,1,Typec,Renault,Food
2026-01-13 12:00:00,2.580249631354041,0.3823904987343376,0.1481990324066707,0,0,1,0,1.12425024,1,Typec,Renault,Food
2026-01-13 13:00:00,2.580249631354041,0.6714851700701375,0.2602403898872999,0,0,1,0,1.12425024,1,Typec,Renault,Food
2026-01-13 14:00:00,2.580249631354041,0.4803709848314069,0.18617229084897574,0,0,1,0,1.12425024,1,Typec,Renault,Food
2026-01-13 15:00:00,2.580249631354041,1.1202363503550905,0.43415812824560807,0,0,1,0,1.12425024,1,Typec,Renault,Food
2026-01-13 16:00:00,2.580249631354041,0.653618838931189,0.2533161253038097,0,0,1,0,1.12425024,1,Typec,Renault,Food
2026-01-13 17:00:00,2.580249631354041,0.2900846267309692,0.11242502400000001,0,0,1,0,1.12425024,1,Typec,Renault,Food
2026-01-13 18:00:00,2.580249631354041,0.6899765393112867,0.2674068938629038,0,0,1,0,1.12425024,1,Typec,Renault,Food
2026-01-13 19:00:00,2.580249631354041,0.40609376438987116,0.15738545583156033,0,0,1,0,1.12425024,1,Typec,Renault,Food
2026-01-13 20:00:00,2.580249631354041,0.40588144537025506,0.1573031695996252,0,0,1,0,1.12425024,1,Typec,Renault,Food
2026-01-13 21:00:00,2.580249631354041,1.1171200255773688,0.4329503672833145,0,0,1,0,1.12425024,1,Typec,Renault,Food
2026-01-13 22:00:00,2.580249631354041,0.6660703164382586,0.258141812460496,0,0,1,0,1.12425024,1,Typec,Renault,Food
2026-01-13 23:00:00,0.0,0.0,0.0,1,1,1,80,1.0,1,Typec,Renault,Food
2026-01-14 00:00:00,0.0,0.0,0.0,1,1,1,80,1.0,1,Typec,Renault,Food
2026-01-14 01:00:00,0.0,0.0,0.0,1,1,1,80,1.0,1,Typec,Renault,Food
2026-01-14 02:00:00,0.0,0.0,0.0,1,1,1,80,1.0,1,Typec,Renault,Food
2026-01-14 03:00:00,0.0,0.0,0.0,1,1,1,80,1.0,1,Typec,Renault,Food
2026-01-14 04:00:00,0.0,0.0,0.0,1,1,1,80,1.0,1,Typec,Renault,Food
2026-01-14 05:00:00,0.0,0.0,0.0,1,1,1,80,1.0,1,Typec,Renault,Food
2026-01-14 06:00:00,0.0,0.0,0.0,1,1,1,80,1.0,1,Typec,Renault,Food
2026-01-14 07:00:00,0.0,0.0,0.0,1,1,1,80,1.0,1,Typec,Renault,Food
2026-01-14 08:00:00,5.303988485859139,0.5847514705947555,0.11024750000000001,0,0,1,0,1.102475,1,Typec,Renault,Food
2026-01-14 09:00:00,5.303988485859139,0.9043951892632469,0.17051228366623294,0,0,1,0,1.102475,1,Typec,Renault,Food
2026-01-14 10:00:00,5.303988485859139,1.8820755521536623,0.3548415606805006,0,0,1,0,1.102475,1,Typec,Renault,Food
2026-01-14 11:00:00,5.303988485859139,1.504869855692239,0.283724193539323,0,0,1,0,1.102475,1,Typec,Renault,Food
2026-01-14 12:00:00,5.303988485859139,1.6159101033868433,0.3046594289740617,0,0,1,0,1.102475,1,Typec,Renault,Food
2026-01-14 13:00:00,5.303988485859139,1.3703846165866111,0.2583687012594705,0,0,1,0,1.102475,1,Typec,Renault,Food
2026-01-14 14:00:00,5.303988485859139,2.316271388643714,0.43670369851274765,0,0,1,0,1.102475,1,Typec,Renault,Food
2026-01-14 15:00:00,5.303988485859139,1.0069251545011666,0.18984301289222444,0,0,1,0,1.102475,1,Typec,Renault,Food
2026-01-14 16:00:00,5.303988485859139,1.4752464587597607,0.2781390764125689,0,0,1,0,1.102475,1,Typec,Renault,Food
2026-01-14 17:00:00,5.303988485859139,0.9251498015240224,0.17442530352216,0,0,1,0,1.102475,1,Typec,Renault,Food
2026-01-14 18:00:00,5.303988485859139,1.7410207907044377,0.32824746798492105,0,0,1,0,1.102475,1,Typec,Renault,Food
2026-01-14 19:00:00,5.303988485859139,0.5847514705947555,0.11024750000000001,0,0,1,0,1.102475,1,Typec,Renault,Food
2026-01-14 20:00:00,0.0,0.0,0.0,1,1,1,80,1.0,1,Typec,Renault,Food
2026-01-14 21:00:00,0.0,0.0,0.0,1,1,1,80,1.0,1,Typec,Renault,Food
2026-01-14 22:00:00,0.0,0.0,0.0,1,1,1,80,1.0,1,Typec,Renault,Food
2026-01-14 23:00:00,0.0,0.0,0.0,1,1,1,80,1.0,1,Typec,Renault,Food
2026-01-01 00:00:00,0.0,0.0,0.0,1,1,2,80,1.0,2,Typec,Renault,Food
2026-01-01 01:00:00,0.0,0.0,0.0,1,1,2,80,1.0,2,Typec,Renault,Food
2026-01-01 02:00:00,0.0,0.0,0.0,1,1,2,80,1.0,2,Typec,Renault,Food
2026-01-01 03:00:00,0.0,0.0,0.0,1,1,2,80,1.0,2,Typec,Renault,Food
2026-01-01 04:00:00,0.0,0.0,0.0,1,1,2,80,1.0,2,Typec,Renault,Food
2026-01-01 05:00:00,0.0,0.0,0.0,1,1,2,80,1.0,2,Typec,Renault,Food
2026-01-01 06:00:00,0.0,0.0,0.0,1,1,2,80,1.0,2,Typec,Renault,Food
2026-01-01 07:00:00,0.0,0.0,0.0,1,1,2,80,1.0,2,Typec,Renault,Food
2026-01-01 08:00:00,6.251766470749631,1.1169893351743532,0.17866779579826791,0,0,2,0,1.1329772784640002,2,Typec,Renault,Food
2026-01-01 09:00:00,6.251766470749631,1.9663348989718579,0.314524688049661,0,0,2,0,1.1329772784640002,2,Typec,Renault,Food
2026-01-01 10:00:00,6.251766470749631,1.1786790345304405,0.18853535877342337,0,0,2,0,1.1329772784640002,2,Typec,Renault,Food
2026-01-01 11:00:00,6.251766470749631,2.0468424897007753,0.3274022629087974,0,0,2,0,1.1329772784640002,2,Typec,Renault,Food
2026-01-01 12:00:00,6.251766470749631,2.3684034741840057,0.378837483016223,0,0,2,0,1.1329772784640002,2,Typec,Renault,Food
2026-01-01 13:00:00,6.251766470749631,3.187399212730082,0.5098397753088001,0,0,2,0,1.1329772784640002,2,Typec,Renault,Food
2026-01-01 14:00:00,6.251766470749631,1.1704797855248361,0.18722384961133828,0,0,2,0,1.1329772784640002,2,Typec,Renault,Food
2026-01-01 15:00:00,6.251766470749631,0.7083109361622405,0.11329772784640002,0,0,2,0,1.1329772784640002,2,Typec,Renault,Food
2026-01-01 16:00:00,6.251766470749631,0.7083109361622405,0.11329772784640002,0,0,2,0,1.1329772784640002,2,Typec,Renault,Food
2026-01-01 17:00:00,6.251766470749631,1.529788087232319,0.24469693396095243,0,0,2,0,1.1329772784640002,2,Typec,Renault,Food
2026-01-01 18:00:00,6.251766470749631,2.1690974043745257,0.3469575222496172,0,0,2,0,1.1329772784640002,2,Typec,Renault,Food
2026-01-01 19:00:00,6.251766470749631,1.5762877287874508,0.2521347744133576,0,0,2,0,1.1329772784640002,2,Typec,Renault,Food
2026-01-01 20:00:00,6.251766470749631,0.7083109361622405,0.11329772784640002,0,0,2,0,1.1329772784640002,2,Typec,Renault,Food
2026-01-01 21:00:00,6.251766470749631,2.810865966881292,0.44961147861689865,0,0,2,0,1.1329772784640002,2,Typec,Renault,Food
2026-01-01 22:00:00,6.251766470749631,1.3099728137502806,0.20953642780473303,0,0,2,0,1.1329772784640002,2,Typec,Renault,Food
2026-01-01 23:00:00,0.0,0.0,0.0,1,1,2,80,1.0,2,Typec,Renault,Food
2026-01-02 00:00:00,0.0,0.0,0.0,1,1,2,80,1.0,2,Typec,Renault,Food
2026-01-02 01:00:00,0.0,0.0,0.0,1,1,2,80,1.0,2,Typec,Renault,Food
2026-01-02 02:00:00,0.0,0.0,0.0,1,1,2,80,1.0,2,Typec,Renault,Food
2026-01-02 03:00:00,0.0,0.0,0.0,1,1,2,80,1.0,2,Typec,Renault,Food
2026-01-02 04:00:00,0.0,0.0,0.0,1,1,2,80,1.0,2,Typec,Renault,Food
2026-01-02 05:00:00,0.0,0.0,0.0,1,1,2,80,1.0,2,Typec,Renault,Food
2026-01-02 06:00:00,0.0,0.0,0.0,1,1,2,80,1.0,2,Typec,Renault,Food
2026-01-02 07:00:00,0.0,0.0,0.0,1,1,2,80,1.0,2,Typec,Renault,Food
2026-01-02 08:00:00,0.0,0.0,0.0,1,1,2,80,1.0,2,Typec,Renault,Food
2026-01-02 09:00:00,7.84203356396697,0.9666012464291391,0.123259004,0,0,2,0,1.23259004,2,Typec,Renault,Food
2026-01-02 10:00:00,7.84203356396697,0.9666012464291391,0.123259004,0,0,2,0,1.23259004,2,Typec,Renault,Food
2026-01-02 11:00:00,7.84203356396697,2.9581866671787815,0.3772218829528132,0,0,2,0,1.23259004,2,Typec,Renault,Food
2026-01-02 12:00:00,7.84203356396697,0.9666012464291391,0.123259004,0,0,2,0,1.23259004,2,Typec,Renault,Food
2026-01-02 13:00:00,7.84203356396697,4.349705608931126,0.5546655180000001,0,0,2,0,1.23259004,2,Typec,Renault,Food
2026-01-02 14:00:00,7.84203356396697,1.1045853802373138,0.1408544571031584,0,0,2,0,1.23259004,2,Typec,Renault,Food
2026-01-02 15:00:00,7.84203356396697,1.8416683053564302,0.234845756567357,0,0,2,0,1.23259004,2,Typec,Renault,Food
2026-01-02 16:00:00,7.84203356396697,2.117866881198845,0.2700660312052402,0,0,2,0,1.23259004,2,Typec,Renault,Food
2026-01-02 17:00:00,7.84203356396697,1.6699007415362588,0.2129423099142569,0,0,2,0,1.23259004,2,Typec,Renault,Food
2026-01-02 18:00:00,7.84203356396697,1.507296871590367,0.19220739866712402,0,0,2,0,1.23259004,2,Typec,Renault,Food
2026-01-02 19:00:00,7.84203356396697,3.413409806250447,0.435271001890961,0,0,2,0,1.23259004,2,Typec,Renault,Food
2026-01-02 20:00:00,7.84203356396697,2.2779119201956113,0.2904746455896711,0,0,2,0,1.23259004,2,Typec,Renault,Food
2026-01-02 21:00:00,7.84203356396697,3.019404860103928,0.38502830107456615,0,0,2,0,1.23259004,2,Typec,Renault,Food
2026-01-02 22:00:00,7.84203356396697,1.542390725807793,0.19668249481803535,0,0,2,0,1.23259004,2,Typec,Renault,Food
2026-01-02 23:00:00,0.0,0.0,0.0,1,1,2,80,1.0,2,Typec,Renault,Food
2026-01-03 00:00:00,0.0,0.0,0.0,1,1,2,80,1.0,2,Typec,Renault,Food
2026-01-03 01:00:00,0.0,0.0,0.0,1,1,2,80,1.0,2,Typec,Renault,Food
2026-01-03 02:00:00,0.0,0.0,0.0,1,1,2,80,1.0,2,Typec,Renault,Food
2026-01-03 03:00:00,0.0,0.0,0.0,1,1,2,80,1.0,2,Typec,Renault,Food
2026-01-03 04:00:00,0.0,0.0,0.0,1,1,2,80,1.0,2,Typec,Renault,Food
2026-01-03 05:00:00,0.0,0.0,0.0,1,1,2,80,1.0,2,Typec,Renault,Food
2026-01-03 06:00:00,0.0,0.0,0.0,1,1,2,80,1.0,2,Typec,Renault,Food
2026-01-03 07:00:00,4.0742710600340635,1.6680254039840012,0.40940462217799906,0,0,2,0,1.209049010004,2,Typec,Renault,Food
2026-01-03 08:00:00,4.0742710600340635,1.497090058378117,0.3674497931822927,0,0,2,0,1.209049010004,2,Typec,Renault,Food
2026-01-03 09:00:00,4.0742710600340635,0.6315802628179489,0.15501675109772114,0,0,2,0,1.209049010004,2,Typec,Renault,Food
2026-01-03 10:00:00,4.0742710600340635,0.8599728223891369,0.2110740325612864,0,0,2,0,1.209049010004,2,Typec,Renault,Food
2026-01-03 11:00:00,4.0742710600340635,0.7116874282103831,0.17467846830113284,0,0,2,0,1.209049010004,2,Typec,Renault,Food
2026-01-03 12:00:00,4.0742710600340635,0.4925993391622132,0.1209049010004,0,0,2,0,1.209049010004,2,Typec,Renault,Food
2026-01-03 13:00:00,4.0742710600340635,1.0972724009618051,0.2693174766218503,0,0,2,0,1.209049010004,2,Typec,Renault,Food
2026-01-03 14:00:00,4.0742710600340635,1.2971651492780225,0.3183796880876103,0,0,2,0,1.209049010004,2,Typec,Renault,Food
2026-01-03 15:00:00,4.0742710600340635,1.206841840052725,0.29621049318270815,0,0,2,0,1.209049010004,2,Typec,Renault,Food
2026-01-03 16:00:00,4.0742710600340635,1.0375940323915893,0.25466985801944025,0,0,2,0,1.209049010004,2,Typec,Renault,Food
2026-01-03 17:00:00,4.0742710600340635,1.9230609218839685,0.472001222684455,0,0,2,0,1.209049010004,2,Typec,Renault,Food
2026-01-03 18:00:00,4.0742710600340635,1.4318710089594118,0.3514422550343129,0,0,2,0,1.209049010004,2,Typec,Renault,Food
2026-01-03 19:00:00,0.0,0.0,0.0,1,1,2,80,1.0,2,Typec,Renault,Food
2026-01-03 20:00:00,0.0,0.0,0.0,1,1,2,80,1.0,2,Typec,Renault,Food
2026-01-03 21:00:00,0.0,0.0,0.0,1,1,2,80,1.0,2,Typec,Renault,Food
2026-01-03 22:00:00,0.0,0.0,0.0,1,1,2,80,1.0,2,Typec,Renault,Food
2026-01-03 23:00:00,0.0,0.0,0.0,1,1,2,80,1.0,2,Typec,Renault,Food
2026-01-04 00:00:00,0.0,0.0,0.0,1,1,2,80,1.0,2,Typec,Renault,Food
2026-01-04 01:00:00,0.0,0.0,0.0,1,1,2,80,1.0,2,Typec,Renault,Food
2026-01-04 02:00:00,0.0,0.0,0.0,1,1,2,80,1.0,2,Typec,Renault,Food
2026-01-04 03:00:00,0.0,0.0,0.0,1,1,2,80,1.0,2,Typec,Renault,Food
2026-01-04 04:00:00,0.0,0.0,0.0,1,1,2,80,1.0,2,Typec,Renault,Food
2026-01-04 05:00:00,0.0,0.0,0.0,1,1,2,80,1.0,2,Typec,Renault,Food
2026-01-04 06:00:00,0.0,0.0,0.0,1,1,2,80,1.0,2,Typec,Renault,Food
2026-01-04 07:00:00,0.0,0.0,0.0,1,1,2,80,1.0,2,Typec,Renault,Food
2026-01-04 08:00:00,3.942888529584926,1.2754284518016576,0.32347565553315905,0,0,2,0,1.3050301525,2,Typec,Renault,Food
2026-01-04 09:00:00,3.942888529584926,0.5145588419054717,0.13050301525000002,0,0,2,0,1.3050301525,2,Typec,Renault,Food
2026-01-04 10:00:00,3.942888529584926,2.315514788574623,0.5872635686250001,0,0,2,0,1.3050301525,2,Typec,Renault,Food
2026-01-04 11:00:00,3.942888529584926,1.36872212870837,0.347136906975267,0,0,2,0,1.3050301525,2,Typec,Renault,Food
2026-01-04 12:00:00,3.942888529584926,0.5145588419054717,0.13050301525000002,0,0,2,0,1.3050301525,2,Typec,Renault,Food
2026-01-04 13:00:00,3.942888529584926,1.424297421896454,0.361231977827786,0,0,2,0,1.3050301525,2,Typec,Renault,Food
2026-01-04 14:00:00,3.942888529584926,1.0990166802164976,0.27873389571380874,0,0,2,0,1.3050301525,2,Typec,Renault,Food
2026-01-04 15:00:00,3.942888529584926,1.82074473032376,0.4617794078280556,0,0,2,0,1.3050301525,2,Typec,Renault,Food
2026-01-04 16:00:00,3.942888529584926,0.5424380037526366,0.13757376088178172,0,0,2,0,1.3050301525,2,Typec,Renault,Food
2026-01-04 17:00:00,3.942888529584926,1.2006561382081182,0.30451181391488974,0,0,2,0,1.3050301525,2,Typec,Renault,Food
2026-01-04 18:00:00,0.0,0.0,0.0,1,1,2,80,1.0,2,Typec,Renault,Food
2026-01-04 19:00:00,0.0,0.0,0.0,1,1,2,80,1.0,2,Typec,Renault,Food
2026-01-04 20:00:00,0.0,0.0,0.0,1,1,2,80,1.0,2,Typec,Renault,Food
2026-01-04 21:00:00,0.0,0.0,0.0,1,1,2,80,1.0,2,Typec,Renault,Food
2026-01-04 22:00:00,0.0,0.0,0.0,1,1,2,80,1.0,2,Typec,Renault,Food
2026-01-04 23:00:00,0.0,0.0,0.0,1,1,2,80,1.0,2,Typec,Renault,Food
2026-01-05 00:00:00,0.0,0.0,0.0,1,1,2,80,1.0,2,Typec,Renault,Food
2026-01-05 01:00:00,0.0,0.0,0.0,1,1,2,80,1.0,2,Typec,Renault,Food
2026-01-05 02:00:00,0.0,0.0,0.0,1,1,2,80,1.0,2,Typec,Renault,Food
2026-01-05 03:00:00,0.0,0.0,0.0,1,1,2,80,1.0,2,Typec,Renault,Food
2026-01-05 04:00:00,0.0,0.0,0.0,1,1,2,80,1.0,2,Typec,Renault,Food
2026-01-05 05:00:00,0.0,0.0,0.0,1,1,2,80,1.0,2,Typec,Renault,Food
2026-01-05 06:00:00,0.0,0.0,0.0,1,1,2,80,1.0,2,Typec,Renault,Food
2026-01-05 07:00:00,0.0,0.0,0.0,1,1,2,80,1.0,2,Typec,Renault,Food
2026-01-05 08:00:00,4.205968028724571,1.571888133721475,0.37372802717146153,0,0,2,0,1.226197579604,2,Typec,Renault,Food
2026-01-05 09:00:00,4.205968028724571,1.1647159068821527,0.27691981939181415,0,0,2,0,1.226197579604,2,Typec,Renault,Food
2026-01-05 10:00:00,4.205968028724571,1.6633033525322,0.3954626714165929,0,0,2,0,1.226197579604,2,Typec,Renault,Food
2026-01-05 11:00:00,4.205968028724571,0.9192966015410343,0.21856956478573242,0,0,2,0,1.226197579604,2,Typec,Renault,Food
2026-01-05 12:00:00,4.205968028724571,0.5157347816713876,0.12261975796040002,0,0,2,0,1.226197579604,2,Typec,Renault,Food
2026-01-05 13:00:00,4.205968028724571,0.6775986112497717,0.161104080350142,0,0,2,0,1.226197579604,2,Typec,Renault,Food
2026-01-05 14:00:00,4.205968028724571,1.150001948944922,0.2734214670893853,0,0,2,0,1.226197579604,2,Typec,Renault,Food
2026-01-05 15:00:00,4.205968028724571,0.5157347816713876,0.12261975796040002,0,0,2,0,1.226197579604,2,Typec,Renault,Food
2026-01-05 16:00:00,4.205968028724571,0.6379699141806605,0.1516820645862399,0,0,2,0,1.226197579604,2,Typec,Renault,Food
2026-01-05 17:00:00,4.205968028724571,1.4508294095897971,0.3449454203363858,0,0,2,0,1.226197579604,2,Typec,Renault,Food
2026-01-05 18:00:00,4.205968028724571,0.5157347816713876,0.12261975796040002,0,0,2,0,1.226197579604,2,Typec,Renault,Food
2026-01-05 19:00:00,4.205968028724571,1.324336093666896,0.3148706991166767,0,0,2,0,1.226197579604,2,Typec,Renault,Food
2026-01-05 20:00:00,4.205968028724571,1.4404955243524313,0.3424884627069434,0,0,2,0,1.226197579604,2,Typec,Renault,Food
2026-01-05 21:00:00,4.205968028724571,1.4224036463003111,0.33818698491905674,0,0,2,0,1.226197579604,2,Typec,Renault,Food
2026-01-05 22:00:00,0.0,0.0,0.0,1,1,2,80,1.0,2,Typec,Renault,Food
2026-01-05 23:00:00,0.0,0.0,0.0,1,1,2,80,1.0,2,Typec,Renault,Food
2026-01-06 00:00:00,0.0,0.0,0.0,1,1,2,80,1.0,2,Typec,Renault,Food
2026-01-06 01:00:00,0.0,0.0,0.0,1,1,2,80,1.0,2,Typec,Renault,Food
2026-01-06 02:00:00,0.0,0.0,0.0,1,1,2,80,1.0,2,Typec,Renault,Food
2026-01-06 03:00:00,0.0,0.0,0.0,1,1,2,80,1.0,2,Typec,Renault,Food
2026-01-06 04:00:00,0.0,0.0,0.0,1,1,2,80,1.0,2,Typec,Renault,Food
2026-01-06 05:00:00,0.0,0.0,0.0,1,1,2,80,1.0,2,Typec,Renault,Food
2026-01-06 06:00:00,0.0,0.0,0.0,1,1,2,80,1.0,2,Typec,Renault,Food
2026-01-06 07:00:00,0.0,0.0,0.0,1,1,2,80,1.0,2,Typec,Renault,Food
2026-01-06 08:00:00,6.026656326513139,1.7395935982933322,0.28864987549403104,0,0,2,0,1.3306301459840002,2,Typec,Renault,Food
2026-01-06 09:00:00,6.026656326513139,3.6086627643946096,0.5987835656928001,0,0,2,0,1.3306301459840002,2,Typec,Renault,Food
2026-01-06 10:00:00,6.026656326513139,0.9220799430913377,0.15300025306484138,0,0,2,0,1.3306301459840002,2,Typec,Renault,Food
2026-01-06 11:00:00,6.026656326513139,0.8019250587543578,0.13306301459840003,0,0,2,0,1.3306301459840002,2,Typec,Renault,Food
2026-01-06 12:00:00,6.026656326513139,1.9796570053987375,0.3284834737779238,0,0,2,0,1.3306301459840002,2,Typec,Renault,Food
2026-01-06 13:00:00,6.026656326513139,0.8061926251990822,0.13377112971456323,0,0,2,0,1.3306301459840002,2,Typec,Renault,Food
2026-01-06 14:00:00,6.026656326513139,0.8019250587543578,0.13306301459840003,0,0,2,0,1.3306301459840002,2,Typec,Renault,Food
2026-01-06 15:00:00,6.026656326513139,0.8019250587543578,0.13306301459840003,0,0,2,0,1.3306301459840002,2,Typec,Renault,Food
2026-01-06 16:00:00,6.026656326513139,1.4654420637343692,0.2431600516670302,0,0,2,0,1.3306301459840002,2,Typec,Renault,Food
2026-01-06 17:00:00,6.026656326513139,3.6086627643946096,0.5987835656928001,0,0,2,0,1.3306301459840002,2,Typec,Renault,Food
2026-01-06 18:00:00,6.026656326513139,2.411689944952869,0.4001704783369002,0,0,2,0,1.3306301459840002,2,Typec,Renault,Food
2026-01-06 19:00:00,6.026656326513139,2.3307176858742293,0.38673479282710643,0,0,2,0,1.3306301459840002,2,Typec,Renault,Food
2026-01-06 20:00:00,6.026656326513139,1.6940849992318294,0.2810986569416646,0,0,2,0,1.3306301459840002,2,Typec,Renault,Food
2026-01-06 21:00:00,6.026656326513139,1.9056533516884486,0.3162040853905815,0,0,2,0,1.3306301459840002,2,Typec,Renault,Food
2026-01-06 22:00:00,6.026656326513139,1.1184871499443736,0.18559000038276616,0,0,2,0,1.3306301459840002,2,Typec,Renault,Food
2026-01-06 23:00:00,0.0,0.0,0.0,1,1,2,80,1.0,2,Typec,Renault,Food
2026-01-07 00:00:00,0.0,0.0,0.0,1,1,2,80,1.0,2,Typec,Renault,Food
2026-01-07 01:00:00,0.0,0.0,0.0,1,1,2,80,1.0,2,Typec,Renault,Food
2026-01-07 02:00:00,0.0,0.0,0.0,1,1,2,80,1.0,2,Typec,Renault,Food
2026-01-07 03:00:00,0.0,0.0,0.0,1,1,2,80,1.0,2,Typec,Renault,Food
2026-01-07 04:00:00,0.0,0.0,0.0,1,1,2,80,1.0,2,Typec,Renault,Food
2026-01-07 05:00:00,0.0,0.0,0.0,1,1,2,80,1.0,2,Typec,Renault,Food
2026-01-07 06:00:00,0.0,0.0,0.0,1,1,2,80,1.0,2,Typec,Renault,Food
2026-01-07 07:00:00,0.0,0.0,0.0,1,1,2,80,1.0,2,Typec,Renault,Food
2026-01-07 08:00:00,4.435427637829869,2.216941309947053,0.49982583213368365,0,0,2,0,1.282756305344,2,Typec,Renault,Food
2026-01-07 09:00:00,4.435427637829869,1.3395158152295465,0.30200375806039176,0,0,2,0,1.282756305344,2,Typec,Renault,Food
2026-01-07 10:00:00,4.435427637829869,1.9215990108699728,0.4332387241493038,0,0,2,0,1.282756305344,2,Typec,Renault,Food
2026-01-07 11:00:00,4.435427637829869,1.3571698015097993,0.30598397997398613,0,0,2,0,1.282756305344,2,Typec,Renault,Food
2026-01-07 12:00:00,4.435427637829869,0.5689572769323309,0.12827563053440003,0,0,2,0,1.282756305344,2,Typec,Renault,Food
2026-01-07 13:00:00,4.435427637829869,2.1147670381437202,0.47678988607700895,0,0,2,0,1.282756305344,2,Typec,Renault,Food
2026-01-07 14:00:00,4.435427637829869,1.2616971137614037,0.2844589556597336,0,0,2,0,1.282756305344,2,Typec,Renault,Food
2026-01-07 15:00:00,4.435427637829869,0.981269107544289,0.2212343854231825,0,0,2,0,1.282756305344,2,Typec,Renault,Food
2026-01-07 16:00:00,4.435427637829869,2.2247288237925456,0.5015815847874013,0,0,2,0,1.282756305344,2,Typec,Renault,Food
2026-01-07 17:00:00,4.435427637829869,2.1718959917393033,0.48967003163689343,0,0,2,0,1.282756305344,2,Typec,Renault,Food
2026-01-07 18:00:00,4.435427637829869,1.133645877539369,0.25558885638680606,0,0,2,0,1.282756305344,2,Typec,Renault,Food
2026-01-07 19:00:00,4.435427637829869,0.5689572769323309,0.12827563053440003,0,0,2,0,1.282756305344,2,Typec,Renault,Food
2026-01-07 20:00:00,4.435427637829869,1.3231245371271747,0.29830822305434856,0,0,2,0,1.282756305344,2,Typec,Renault,Food
2026-01-07 21:00:00,4.435427637829869,0.6323820650023292,0.14257521858968625,0,0,2,0,1.282756305344,2,Typec,Renault,Food
2026-01-07 22:00:00,0.0,0.0,0.0,1,1,2,80,1.0,2,Typec,Renault,Food
2026-01-07 23:00:00,0.0,0.0,0.0,1,1,2,80,1.0,2,Typec,Renault,Food
2026-01-08 00:00:00,0.0,0.0,0.0,1,1,2,80,1.0,2,Typec,Renault,Food
2026-01-08 01:00:00,0.0,0.0,0.0,1,1,2,80,1.0,2,Typec,Renault,Food
2026-01-08 02:00:00,0.0,0.0,0.0,1,1,2,80,1.0,2,Typec,Renault,Food
2026-01-08 03:00:00,0.0,0.0,0.0,1,1,2,80,1.0,2,Typec,Renault,Food
2026-01-08 04:00:00,0.0,0.0,0.0,1,1,2,80,1.0,2,Typec,Renault,Food
2026-01-08 05:00:00,0.0,0.0,0.0,1,1,2,80,1.0,2,Typec,Renault,Food
2026-01-08 06:00:00,0.0,0.0,0.0,1,1,2,80,1.0,2,Typec,Renault,Food
2026-01-08 07:00:00,0.0,0.0,0.0,1,1,2,80,1.0,2,Typec,Renault,Food
2026-01-08 08:00:00,6.354829611555069,1.4383834346472677,0.2263449254456542,0,0,2,0,1.176585222144,2,Typec,Renault,Food
2026-01-08 09:00:00,6.354829611555069,0.7970545719865313,0.1254250106937937,0,0,2,0,1.176585222144,2,Typec,Renault,Food
2026-01-08 10:00:00,6.354829611555069,0.7634704362200816,0.12014018988516284,0,0,2,0,1.176585222144,2,Typec,Renault,Food
2026-01-08 11:00:00,6.354829611555069,2.235155341558598,0.35172545578474457,0,0,2,0,1.176585222144,2,Typec,Renault,Food
2026-01-08 12:00:00,6.354829611555069,0.8861880452952008,0.1394511103309259,0,0,2,0,1.176585222144,2,Typec,Renault,Food
2026-01-08 13:00:00,6.354829611555069,3.065479492536347,0.48238578843441315,0,0,2,0,1.176585222144,2,Typec,Renault,Food
2026-01-08 14:00:00,6.354829611555069,1.7414102208379267,0.27402941184630625,0,0,2,0,1.176585222144,2,Typec,Renault,Food
2026-01-08 15:00:00,6.354829611555069,1.679134414169319,0.2642296515891043,0,0,2,0,1.176585222144,2,Typec,Renault,Food
2026-01-08 16:00:00,6.354829611555069,2.2714964126943618,0.35744410968377033,0,0,2,0,1.176585222144,2,Typec,Renault,Food
2026-01-08 17:00:00,6.354829611555069,2.171135299473894,0.34165122154118666,0,0,2,0,1.176585222144,2,Typec,Renault,Food
2026-01-08 18:00:00,6.354829611555069,2.232884947281942,0.35136818510788365,0,0,2,0,1.176585222144,2,Typec,Renault,Food
2026-01-08 19:00:00,6.354829611555069,1.2050239618779615,0.18962333147168112,0,0,2,0,1.176585222144,2,Typec,Renault,Food
2026-01-08 20:00:00,6.354829611555069,2.5174524615426495,0.39614790882278467,0,0,2,0,1.176585222144,2,Typec,Renault,Food
2026-01-08 21:00:00,6.354829611555069,0.7476998610198792,0.11765852221440001,0,0,2,0,1.176585222144,2,Typec,Renault,Food
2026-01-08 22:00:00,6.354829611555069,0.7476998610198792,0.11765852221440001,0,0,2,0,1.176585222144,2,Typec,Renault,Food
2026-01-08 23:00:00,0.0,0.0,0.0,1,1,2,80,1.0,2,Typec,Renault,Food
2026-01-09 00:00:00,0.0,0.0,0.0,1,1,2,80,1.0,2,Typec,Renault,Food
2026-01-09 01:00:00,0.0,0.0,0.0,1,1,2,80,1.0,2,Typec,Renault,Food
2026-01-09 02:00:00,0.0,0.0,0.0,1,1,2,80,1.0,2,Typec,Renault,Food
2026-01-09 03:00:00,0.0,0.0,0.0,1,1,2,80,1.0,2,Typec,Renault,Food
2026-01-09 04:00:00,0.0,0.0,0.0,1,1,2,80,1.0,2,Typec,Renault,Food
2026-01-09 05:00:00,0.0,0.0,0.0,1,1,2,80,1.0,2,Typec,Renault,Food
2026-01-09 06:00:00,0.0,0.0,0.0,1,1,2,80,1.0,2,Typec,Renault,Food
2026-01-09 07:00:00,0.0,0.0,0.0,1,1,2,80,1.0,2,Typec,Renault,Food
2026-01-09 08:00:00,0.0,0.0,0.0,1,1,2,80,1.0,2,Typec,Renault,Food
2026-01-09 09:00:00,6.615080191460651,2.4908713595491685,0.37654439363631786,0,0,2,0,1.137342385344,2,Typec,Renault,Food
2026-01-09 10:00:00,6.615080191460651,0.7523611084197701,0.1137342385344,0,0,2,0,1.137342385344,2,Typec,Renault,Food
2026-01-09 11:00:00,6.615080191460651,0.8602615345603519,0.1300455186727526,0,0,2,0,1.137342385344,2,Typec,Renault,Food
2026-01-09 12:00:00,6.615080191460651,0.7523611084197701,0.1137342385344,0,0,2,0,1.137342385344,2,Typec,Renault,Food
2026-01-09 13:00:00,6.615080191460651,0.7523611084197701,0.1137342385344,0,0,2,0,1.137342385344,2,Typec,Renault,Food
2026-01-09 14:00:00,6.615080191460651,1.4558809039856062,0.2200851481536067,0,0,2,0,1.137342385344,2,Typec,Renault,Food
2026-01-09 15:00:00,6.615080191460651,2.124112510138313,0.321101551101423,0,0,2,0,1.137342385344,2,Typec,Renault,Food
2026-01-09 16:00:00,6.615080191460651,1.581592865625665,0.23908899360998365,0,0,2,0,1.137342385344,2,Typec,Renault,Food
2026-01-09 17:00:00,6.615080191460651,1.36258318702582,0.20598135586999639,0,0,2,0,1.137342385344,2,Typec,Renault,Food
2026-01-09 18:00:00,6.615080191460651,2.1955365864607557,0.33189871066037185,0,0,2,0,1.137342385344,2,Typec,Renault,Food
2026-01-09 19:00:00,6.615080191460651,1.1720501666503318,0.1771785273538061,0,0,2,0,1.137342385344,2,Typec,Renault,Food
2026-01-09 20:00:00,6.615080191460651,2.5614478493037227,0.3872134237481011,0,0,2,0,1.137342385344,2,Typec,Renault,Food
2026-01-09 21:00:00,0.0,0.0,0.0,1,1,2,80,1.0,2,Typec,Renault,Food
2026-01-09 22:00:00,0.0,0.0,0.0,1,1,2,80,1.0,2,Typec,Renault,Food
2026-01-09 23:00:00,0.0,0.0,0.0,1,1,2,80,1.0,2,Typec,Renault,Food
2026-01-10 00:00:00,0.0,0.0,0.0,1,1,2,80,1.0,2,Typec,Renault,Food
2026-01-10 01:00:00,0.0,0.0,0.0,1,1,2,80,1.0,2,Typec,Renault,Food
2026-01-10 02:00:00,0.0,0.0,0.0,1,1,2,80,1.0,2,Typec,Renault,Food
2026-01-10 03:00:00,0.0,0.0,0.0,1,1,2,80,1.0,2,Typec,Renault,Food
2026-01-10 04:00:00,0.0,0.0,0.0,1,1,2,80,1.0,2,Typec,Renault,Food
2026-01-10 05:00:00,0.0,0.0,0.0,1,1,2,80,1.0,2,Typec,Renault,Food
2026-01-10 06:00:00,0.0,0.0,0.0,1,1,2,80,1.0,2,Typec,Renault,Food
2026-01-10 07:00:00,0.0,0.0,0.0,1,1,2,80,1.0,2,Typec,Renault,Food
2026-01-10 08:00:00,0.0,0.0,0.0,1,1,2,80,1.0,2,Typec,Renault,Food
2026-01-10 09:00:00,3.0,0.35688301200000005,0.11896100400000001,0,0,2,0,1.18961004,2,Typec,Renault,Food
2026-01-10 10:00:00,3.0,0.8882058620457239,0.296068620681908,0,0,2,0,1.18961004,2,Typec,Renault,Food
2026-01-10 11:00:00,3.0,0.4692414525681577,0.15641381752271924,0,0,2,0,1.18961004,2,Typec,Renault,Food
2026-01-10 12:00:00,3.0,0.4648595111327849,0.15495317037759496,0,0,2,0,1.18961004,2,Typec,Renault,Food
2026-01-10 13:00:00,3.0,0.9193499596883995,0.3064499865627998,0,0,2,0,1.18961004,2,Typec,Renault,Food
2026-01-10 14:00:00,3.0,0.35688301200000005,0.11896100400000001,0,0,2,0,1.18961004,2,Typec,Renault,Food
2026-01-10 15:00:00,3.0,0.6228846212011145,0.20762820706703822,0,0,2,0,1.18961004,2,Typec,Renault,Food
2026-01-10 16:00:00,3.0,0.35688301200000005,0.11896100400000001,0,0,2,0,1.18961004,2,Typec,Renault,Food
2026-01-10 17:00:00,3.0,0.6167355037637825,0.20557850125459415,0,0,2,0,1.18961004,2,Typec,Renault,Food
2026-01-10 18:00:00,3.0,0.4390753920126495,0.1463584640042165,0,0,2,0,1.18961004,2,Typec,Renault,Food
2026-01-10 19:00:00,0.0,0.0,0.0,1,1,2,80,1.0,2,Typec,Renault,Food
2026-01-10 20:00:00,0.0,0.0,0.0,1,1,2,80,1.0,2,Typec,Renault,Food
2026-01-10 21:00:00,0.0,0.0,0.0,1,1,2,80,1.0,2,Typec,Renault,Food
2026-01-10 22:00:00,0.0,0.0,0.0,1,1,2,80,1.0,2,Typec,Renault,Food
2026-01-10 23:00:00,0.0,0.0,0.0,1,1,2,80,1.0,2,Typec,Renault,Food
2026-01-11 00:00:00,0.0,0.0,0.0,1,1,2,80,1.0,2,Typec,Renault,Food
2026-01-11 01:00:00,0.0,0.0,0.0,1,1,2,80,1.0,2,Typec,Renault,Food
2026-01-11 02:00:00,0.0,0.0,0.0,1,1,2,80,1.0,2,Typec,Renault,Food
2026-01-11 03:00:00,0.0,0.0,0.0,1,1,2,80,1.0,2,Typec,Renault,Food
2026-01-11 04:00:00,0.0,0.0,0.0,1,1,2,80,1.0,2,Typec,Renault,Food
2026-01-11 05:00:00,0.0,0.0,0.0,1,1,2,80,1.0,2,Typec,Renault,Food
2026-01-11 06:00:00,0.0,0.0,0.0,1,1,2,80,1.0,2,Typec,Renault,Food
2026-01-11 07:00:00,0.0,0.0,0.0,1,1,2,80,1.0,2,Typec,Renault,Food
2026-01-11 08:00:00,0.0,0.0,0.0,1,1,2,80,1.0,2,Typec,Renault,Food
2026-01-11 09:00:00,3.076923076923077,0.8283879509967305,0.26922608407393733,0,0,2,0,1.122069513044,2,Typec,Renault,Food
2026-01-11 10:00:00,3.076923076923077,0.3452521578596923,0.1122069513044,0,0,2,0,1.122069513044,2,Typec,Renault,Food
2026-01-11 11:00:00,3.076923076923077,0.3452521578596923,0.1122069513044,0,0,2,0,1.122069513044,2,Typec,Renault,Food
2026-01-11 12:00:00,3.076923076923077,0.5325960658947136,0.17309372141578191,0,0,2,0,1.122069513044,2,Typec,Renault,Food
2026-01-11 13:00:00,3.076923076923077,1.0309403289153392,0.3350556068974852,0,0,2,0,1.122069513044,2,Typec,Renault,Food
2026-01-11 14:00:00,3.076923076923077,1.3399431477246138,0.4354815230104994,0,0,2,0,1.122069513044,2,Typec,Renault,Food
2026-01-11 15:00:00,3.076923076923077,0.7558839856332322,0.24566229533080047,0,0,2,0,1.122069513044,2,Typec,Renault,Food
2026-01-11 16:00:00,3.076923076923077,0.6121758416533876,0.19895714853735091,0,0,2,0,1.122069513044,2,Typec,Renault,Food
2026-01-11 17:00:00,3.076923076923077,0.3452521578596923,0.1122069513044,0,0,2,0,1.122069513044,2,Typec,Renault,Food
2026-01-11 18:00:00,0.0,0.0,0.0,1,1,2,80,1.0,2,Typec,Renault,Food
2026-01-11 19:00:00,0.0,0.0,0.0,1,1,2,80,1.0,2,Typec,Renault,Food
2026-01-11 20:00:00,0.0,0.0,0.0,1,1,2,80,1.0,2,Typec,Renault,Food
2026-01-11 21:00:00,0.0,0.0,0.0,1,1,2,80,1.0,2,Typec,Renault,Food
2026-01-11 22:00:00,0.0,0.0,0.0,1,1,2,80,1.0,2,Typec,Renault,Food
2026-01-11 23:00:00,0.0,0.0,0.0,1,1,2,80,1.0,2,Typec,Renault,Food
2026-01-12 00:00:00,0.0,0.0,0.0,1,1,2,80,1.0,2,Typec,Renault,Food
2026-01-12 01:00:00,0.0,0.0,0.0,1,1,2,80,1.0,2,Typec,Renault,Food
2026-01-12 02:00:00,0.0,0.0,0.0,1,1,2,80,1.0,2,Typec,Renault,Food
2026-01-12 03:00:00,0.0,0.0,0.0,1,1,2,80,1.0,2,Typec,Renault,Food
2026-01-12 04:00:00,0.0,0.0,0.0,1,1,2,80,1.0,2,Typec,Renault,Food
2026-01-12 05:00:00,0.0,0.0,0.0,1,1,2,80,1.0,2,Typec,Renault,Food
2026-01-12 06:00:00,0.0,0.0,0.0,1,1,2,80,1.0,2,Typec,Renault,Food
2026-01-12 07:00:00,0.0,0.0,0.0,1,1,2,80,1.0,2,Typec,Renault,Food
2026-01-12 08:00:00,6.488954401973574,0.726691077675826,0.1119889326784,0,0,2,0,1.119889326784,2,Typec,Renault,Food
2026-01-12 09:00:00,6.488954401973574,1.2525436990235979,0.19302704587393074,0,0,2,0,1.119889326784,2,Typec,Renault,Food
2026-01-12 10:00:00,6.488954401973574,1.9397881613417391,0.2989369382456694,0,0,2,0,1.119889326784,2,Typec,Renault,Food
2026-01-12 11:00:00,6.488954401973574,0.726691077675826,0.1119889326784,0,0,2,0,1.119889326784,2,Typec,Renault,Food
2026-01-12 12:00:00,6.488954401973574,1.4014670388867974,0.21597732886835358,0,0,2,0,1.119889326784,2,Typec,Renault,Food
2026-01-12 13:00:00,6.488954401973574,0.9711890364283172,0.14966803220761363,0,0,2,0,1.119889326784,2,Typec,Renault,Food
2026-01-12 14:00:00,6.488954401973574,2.147737811478735,0.33098364981968653,0,0,2,0,1.119889326784,2,Typec,Renault,Food
2026-01-12 15:00:00,6.488954401973574,3.2701098495412166,0.5039501970528,0,0,2,0,1.119889326784,2,Typec,Renault,Food
2026-01-12 16:00:00,6.488954401973574,1.6056441683588287,0.24744266470272655,0,0,2,0,1.119889326784,2,Typec,Renault,Food
2026-01-12 17:00:00,6.488954401973574,0.726691077675826,0.1119889326784,0,0,2,0,1.119889326784,2,Typec,Renault,Food
2026-01-12 18:00:00,6.488954401973574,1.0149403605629725,0.15641046271711892,0,0,2,0,1.119889326784,2,Typec,Renault,Food
2026-01-12 19:00:00,6.488954401973574,3.2701098495412166,0.5039501970528,0,0,2,0,1.119889326784,2,Typec,Renault,Food
2026-01-12 20:00:00,6.488954401973574,3.2701098495412166,0.5039501970528,0,0,2,0,1.119889326784,2,Typec,Renault,Food
2026-01-12 21:00:00,6.488954401973574,0.726691077675826,0.1119889326784,0,0,2,0,1.119889326784,2,Typec,Renault,Food
2026-01-12 22:00:00,6.488954401973574,1.384807513954111,0.21340996224799028,0,0,2,0,1.119889326784,2,Typec,Renault,Food
2026-01-12 23:00:00,0.0,0.0,0.0,1,1,2,80,1.0,2,Typec,Renault,Food
2026-01-13 00:00:00,0.0,0.0,0.0,1,1,2,80,1.0,2,Typec,Renault,Food
2026-01-13 01:00:00,0.0,0.0,0.0,1,1,2,80,1.0,2,Typec,Renault,Food
2026-01-13 02:00:00,0.0,0.0,0.0,1,1,2,80,1.0,2,Typec,Renault,Food
2026-01-13 03:00:00,0.0,0.0,0.0,1,1,2,80,1.0,2,Typec,Renault,Food
2026-01-13 04:00:00,0.0,0.0,0.0,1,1,2,80,1.0,2,Typec,Renault,Food
2026-01-13 05:00:00,0.0,0.0,0.0,1,1,2,80,1.0,2,Typec,Renault,Food
2026-01-13 06:00:00,0.0,0.0,0.0,1,1,2,80,1.0,2,Typec,Renault,Food
2026-01-13 07:00:00,0.0,0.0,0.0,1,1,2,80,1.0,2,Typec,Renault,Food
2026-01-13 08:00:00,8.250201749160261,2.315627684435877,0.280675279810166,0,0,2,0,1.12425024,2,Typec,Renault,Food
2026-01-13 09:00:00,8.250201749160261,2.0906641079022474,0.25340763431816,0,0,2,0,1.12425024,2,Typec,Renault,Food
2026-01-13 10:00:00,8.250201749160261,2.9149405062593385,0.35331748178837363,0,0,2,0,1.12425024,2,Typec,Renault,Food
2026-01-13 11:00:00,8.250201749160261,2.1432551904283015,0.25978215510262526,0,0,2,0,1.12425024,2,Typec,Renault,Food
2026-01-13 12:00:00,8.250201749160261,1.769107057571375,0.21443197528490038,0,0,2,0,1.12425024,2,Typec,Renault,Food
2026-01-13 13:00:00,8.250201749160261,2.0557279340886407,0.24917305013757765,0,0,2,0,1.12425024,2,Typec,Renault,Food
2026-01-13 14:00:00,8.250201749160261,2.1034994271817737,0.25496339254926415,0,0,2,0,1.12425024,2,Typec,Renault,Food
2026-01-13 15:00:00,8.250201749160261,2.3874532036999354,0.289381190459123,0,0,2,0,1.12425024,2,Typec,Renault,Food
2026-01-13 16:00:00,8.250201749160261,1.6043413828912665,0.19446086673632715,0,0,2,0,1.12425024,2,Typec,Renault,Food
2026-01-13 17:00:00,8.250201749160261,3.7091860198503577,0.4495873110288356,0,0,2,0,1.12425024,2,Typec,Renault,Food
2026-01-13 18:00:00,8.250201749160261,3.5230096154890966,0.42702102598250796,0,0,2,0,1.12425024,2,Typec,Renault,Food
2026-01-13 19:00:00,8.250201749160261,0.9275291296541844,0.11242502400000001,0,0,2,0,1.12425024,2,Typec,Renault,Food
2026-01-13 20:00:00,8.250201749160261,3.6241612212574115,0.4392815268579696,0,0,2,0,1.12425024,2,Typec,Renault,Food
2026-01-13 21:00:00,8.250201749160261,2.7707045769052194,0.3358347663664386,0,0,2,0,1.12425024,2,Typec,Renault,Food
2026-01-13 22:00:00,0.0,0.0,0.0,1,1,2,80,1.0,2,Typec,Renault,Food
2026-01-13 23:00:00,0.0,0.0,0.0,1,1,2,80,1.0,2,Typec,Renault,Food
2026-01-14 00:00:00,0.0,0.0,0.0,1,1,2,80,1.0,2,Typec,Renault,Food
2026-01-14 01:00:00,0.0,0.0,0.0,1,1,2,80,1.0,2,Typec,Renault,Food
2026-01-14 02:00:00,0.0,0.0,0.0,1,1,2,80,1.0,2,Typec,Renault,Food
2026-01-14 03:00:00,0.0,0.0,0.0,1,1,2,80,1.0,2,Typec,Renault,Food
2026-01-14 04:00:00,0.0,0.0,0.0,1,1,2,80,1.0,2,Typec,Renault,Food
2026-01-14 05:00:00,0.0,0.0,0.0,1,1,2,80,1.0,2,Typec,Renault,Food
2026-01-14 06:00:00,0.0,0.0,0.0,1,1,2,80,1.0,2,Typec,Renault,Food
2026-01-14 07:00:00,0.0,0.0,0.0,1,1,2,80,1.0,2,Typec,Renault,Food
2026-01-14 08:00:00,4.952063006112033,2.4567865481985143,0.4961137500000001,0,0,2,0,1.102475,2,Typec,Renault,Food
2026-01-14 09:00:00,4.952063006112033,0.7833984440536154,0.15819638059667532,0,0,2,0,1.102475,2,Typec,Renault,Food
2026-01-14 10:00:00,4.952063006112033,1.9267390376147806,0.38907805398209244,0,0,2,0,1.102475,2,Typec,Renault,Food
2026-01-14 11:00:00,4.952063006112033,2.054427708785014,0.41486299876422356,0,0,2,0,1.102475,2,Typec,Renault,Food
2026-01-14 12:00:00,4.952063006112033,0.5459525662663365,0.11024750000000001,0,0,2,0,1.102475,2,Typec,Renault,Food
2026-01-14 13:00:00,4.952063006112033,0.8227486724893099,0.16614260995343574,0,0,2,0,1.102475,2,Typec,Renault,Food
2026-01-14 14:00:00,4.952063006112033,1.2056598087056447,0.24346616899210918,0,0,2,0,1.102475,2,Typec,Renault,Food
2026-01-14 15:00:00,4.952063006112033,0.5459525662663365,0.11024750000000001,0,0,2,0,1.102475,2,Typec,Renault,Food
2026-01-14 16:00:00,4.952063006112033,1.4790002458503126,0.2986634548116354,0,0,2,0,1.102475,2,Typec,Renault,Food
2026-01-14 17:00:00,4.952063006112033,0.8985398095821393,0.18144757214783527,0,0,2,0,1.102475,2,Typec,Renault,Food
2026-01-14 18:00:00,4.952063006112033,1.508798375012939,0.3046807710545524,0,0,2,0,1.102475,2,Typec,Renault,Food
2026-01-14 19:00:00,4.952063006112033,1.2594577437165078,0.2543299110213329,0,0,2,0,1.102475,2,Typec,Renault,Food
2026-01-14 20:00:00,4.952063006112033,2.437611812691402,0.49224167981764455,0,0,2,0,1.102475,2,Typec,Renault,Food
2026-01-14 21:00:00,4.952063006112033,2.0014856609584557,0.4041720912048458,0,0,2,0,1.102475,2,Typec,Renault,Food
2026-01-14 22:00:00,4.952063006112033,1.178470518344892,0.23797567132937866,0,0,2,0,1.102475,2,Typec,Renault,Food
2026-01-14 23:00:00,0.0,0.0,0.0,1,1,2,80,1.0,2,Typec,Renault,Food
2026-01-01 00:00:00,0.0,0.0,0.0,1,1,3,80,1.0,3,Typec,Renault,Food
2026-01-01 01:00:00,0.0,0.0,0.0,1,1,3,80,1.0,3,Typec,Renault,Food
2026-01-01 02:00:00,0.0,0.0,0.0,1,1,3,80,1.0,3,Typec,Renault,Food
2026-01-01 03:00:00,0.0,0.0,0.0,1,1,3,80,1.0,3,Typec,Renault,Food
2026-01-01 04:00:00,0.0,0.0,0.0,1,1,3,80,1.0,3,Typec,Renault,Food
2026-01-01 05:00:00,0.0,0.0,0.0,1,1,3,80,1.0,3,Typec,Renault,Food
2026-01-01 06:00:00,0.0,0.0,0.0,1,1,3,80,1.0,3,Typec,Renault,Food
2026-01-01 07:00:00,0.0,0.0,0.0,1,1,3,80,1.0,3,Typec,Renault,Food
2026-01-01 08:00:00,4.707535472345041,1.3728959055490366,0.2916379310605882,0,0,3,0,1.1329772784640002,3,Typec,Renault,Food
2026-01-01 09:00:00,4.707535472345041,1.3004872103688412,0.2762564866496924,0,0,3,0,1.1329772784640002,3,Typec,Renault,Food
2026-01-01 10:00:00,4.707535472345041,1.9215814756069505,0.4081926704313758,0,0,3,0,1.1329772784640002,3,Typec,Renault,Food
2026-01-01 11:00:00,4.707535472345041,1.896901336368441,0.40294998253587383,0,0,3,0,1.1329772784640002,3,Typec,Renault,Food
2026-01-01 12:00:00,4.707535472345041,1.3329502119174548,0.28315245200976696,0,0,3,0,1.1329772784640002,3,Typec,Renault,Food
2026-01-01 13:00:00,4.707535472345041,0.5333530727730227,0.11329772784640002,0,0,3,0,1.1329772784640002,3,Typec,Renault,Food
2026-01-01 14:00:00,4.707535472345041,0.5333530727730227,0.11329772784640002,0,0,3,0,1.1329772784640002,3,Typec,Renault,Food
2026-01-01 15:00:00,4.707535472345041,1.592114418894043,0.33820550652185255,0,0,3,0,1.1329772784640002,3,Typec,Renault,Food
2026-01-01 16:00:00,4.707535472345041,1.77350008392039,0.3767364248955787,0,0,3,0,1.1329772784640002,3,Typec,Renault,Food
2026-01-01 17:00:00,4.707535472345041,1.5309380356420283,0.3252100902129575,0,0,3,0,1.1329772784640002,3,Typec,Renault,Food
2026-01-01 18:00:00,4.707535472345041,0.6248583128738171,0.13273576302178053,0,0,3,0,1.1329772784640002,3,Typec,Renault,Food
2026-01-01 19:00:00,4.707535472345041,1.3620709935964086,0.28933844505220435,0,0,3,0,1.1329772784640002,3,Typec,Renault,Food
2026-01-01 20:00:00,4.707535472345041,2.3053694978119927,0.4897189859439511,0,0,3,0,1.1329772784640002,3,Typec,Renault,Food
2026-01-01 21:00:00,4.707535472345041,0.9670961730811375,0.2054357696851049,0,0,3,0,1.1329772784640002,3,Typec,Renault,Food
2026-01-01 22:00:00,0.0,0.0,0.0,1,1,3,80,1.0,3,Typec,Renault,Food
2026-01-01 23:00:00,0.0,0.0,0.0,1,1,3,80,1.0,3,Typec,Renault,Food
2026-01-02 00:00:00,0.0,0.0,0.0,1,1,3,80,1.0,3,Typec,Renault,Food
2026-01-02 01:00:00,0.0,0.0,0.0,1,1,3,80,1.0,3,Typec,Renault,Food
2026-01-02 02:00:00,0.0,0.0,0.0,1,1,3,80,1.0,3,Typec,Renault,Food
2026-01-02 03:00:00,0.0,0.0,0.0,1,1,3,80,1.0,3,Typec,Renault,Food
2026-01-02 04:00:00,0.0,0.0,0.0,1,1,3,80,1.0,3,Typec,Renault,Food
2026-01-02 05:00:00,0.0,0.0,0.0,1,1,3,80,1.0,3,Typec,Renault,Food
2026-01-02 06:00:00,0.0,0.0,0.0,1,1,3,80,1.0,3,Typec,Renault,Food
2026-01-02 07:00:00,0.0,0.0,0.0,1,1,3,80,1.0,3,Typec,Renault,Food
2026-01-02 08:00:00,6.267575751954655,1.5731414391686855,0.2509967970754998,0,0,3,0,1.23259004,3,Typec,Renault,Food
2026-01-02 09:00:00,6.267575751954655,2.232612106291445,0.3562162141550767,0,0,3,0,1.23259004,3,Typec,Renault,Food
2026-01-02 10:00:00,6.267575751954655,0.786930504402393,0.12555580268127986,0,0,3,0,1.23259004,3,Typec,Renault,Food
2026-01-02 11:00:00,6.267575751954655,2.914388579823532,0.4649945521463587,0,0,3,0,1.23259004,3,Typec,Renault,Food
2026-01-02 12:00:00,6.267575751954655,1.6687465192771405,0.2662507140430991,0,0,3,0,1.23259004,3,Typec,Renault,Food
2026-01-02 13:00:00,6.267575751954655,0.7725351446804819,0.123259004,0,0,3,0,1.23259004,3,Typec,Renault,Food
2026-01-02 14:00:00,6.267575751954655,0.7725351446804819,0.123259004,0,0,3,0,1.23259004,3,Typec,Renault,Food
2026-01-02 15:00:00,6.267575751954655,2.173669790333549,0.3468118896936589,0,0,3,0,1.23259004,3,Typec,Renault,Food
2026-01-02 16:00:00,6.267575751954655,2.0672340539143597,0.3298299271883002,0,0,3,0,1.23259004,3,Typec,Renault,Food
2026-01-02 17:00:00,6.267575751954655,2.7259565912067947,0.43492997916405823,0,0,3,0,1.23259004,3,Typec,Renault,Food
2026-01-02 18:00:00,6.267575751954655,0.7725351446804819,0.123259004,0,0,3,0,1.23259004,3,Typec,Renault,Food
2026-01-02 19:00:00,6.267575751954655,0.7725351446804819,0.123259004,0,0,3,0,1.23259004,3,Typec,Renault,Food
2026-01-02 20:00:00,6.267575751954655,2.153379595695354,0.34357456230565453,0,0,3,0,1.23259004,3,Typec,Renault,Food
2026-01-02 21:00:00,6.267575751954655,1.7309178980157993,0.276170239741575,0,0,3,0,1.23259004,3,Typec,Renault,Food
2026-01-02 22:00:00,6.267575751954655,1.6774138203384878,0.2676335933898137,0,0,3,0,1.23259004,3,Typec,Renault,Food
2026-01-02 23:00:00,0.0,0.0,0.0,1,1,3,80,1.0,3,Typec,Renault,Food
2026-01-03 00:00:00,0.0,0.0,0.0,1,1,3,80,1.0,3,Typec,Renault,Food
2026-01-03 01:00:00,0.0,0.0,0.0,1,1,3,80,1.0,3,Typec,Renault,Food
2026-01-03 02:00:00,0.0,0.0,0.0,1,1,3,80,1.0,3,Typec,Renault,Food
2026-01-03 03:00:00,0.0,0.0,0.0,1,1,3,80,1.0,3,Typec,Renault,Food
2026-01-03 04:00:00,0.0,0.0,0.0,1,1,3,80,1.0,3,Typec,Renault,Food
2026-01-03 05:00:00,0.0,0.0,0.0,1,1,3,80,1.0,3,Typec,Renault,Food
2026-01-03 06:00:00,0.0,0.0,0.0,1,1,3,80,1.0,3,Typec,Renault,Food
2026-01-03 07:00:00,0.0,0.0,0.0,1,1,3,80,1.0,3,Typec,Renault,Food
2026-01-03 08:00:00,0.0,0.0,0.0,1,1,3,80,1.0,3,Typec,Renault,Food
2026-01-03 09:00:00,4.809613965229343,0.581505900316195,0.1209049010004,0,0,3,0,1.209049010004,3,Typec,Renault,Food
2026-01-03 10:00:00,4.809613965229343,1.0937065075605374,0.22740006068416024,0,0,3,0,1.209049010004,3,Typec,Renault,Food
2026-01-03 11:00:00,4.809613965229343,0.581505900316195,0.1209049010004,0,0,3,0,1.209049010004,3,Typec,Renault,Food
2026-01-03 12:00:00,4.809613965229343,0.581505900316195,0.1209049010004,0,0,3,0,1.209049010004,3,Typec,Renault,Food
2026-01-03 13:00:00,4.809613965229343,1.220757002534815,0.25381600505989965,0,0,3,0,1.209049010004,3,Typec,Renault,Food
2026-01-03 14:00:00,4.809613965229343,2.6167765514228774,0.5440720545018,0,0,3,0,1.209049010004,3,Typec,Renault,Food
2026-01-03 15:00:00,4.809613965229343,0.581505900316195,0.1209049010004,0,0,3,0,1.209049010004,3,Typec,Renault,Food
2026-01-03 16:00:00,4.809613965229343,1.3899898433108968,0.28900237178278737,0,0,3,0,1.209049010004,3,Typec,Renault,Food
2026-01-03 17:00:00,4.809613965229343,0.6987759556508262,0.14528732673818773,0,0,3,0,1.209049010004,3,Typec,Renault,Food
2026-01-03 18:00:00,4.809613965229343,0.581505900316195,0.1209049010004,0,0,3,0,1.209049010004,3,Typec,Renault,Food
2026-01-03 19:00:00,0.0,0.0,0.0,1,1,3,80,1.0,3,Typec,Renault,Food
2026-01-03 20:00:00,0.0,0.0,0.0,1,1,3,80,1.0,3,Typec,Renault,Food
2026-01-03 21:00:00,0.0,0.0,0.0,1,1,3,80,1.0,3,Typec,Renault,Food
2026-01-03 22:00:00,0.0,0.0,0.0,1,1,3,80,1.0,3,Typec,Renault,Food
2026-01-03 23:00:00,0.0,0.0,0.0,1,1,3,80,1.0,3,Typec,Renault,Food
2026-01-04 00:00:00,0.0,0.0,0.0,1,1,3,80,1.0,3,Typec,Renault,Food
2026-01-04 01:00:00,0.0,0.0,0.0,1,1,3,80,1.0,3,Typec,Renault,Food
2026-01-04 02:00:00,0.0,0.0,0.0,1,1,3,80,1.0,3,Typec,Renault,Food
2026-01-04 03:00:00,0.0,0.0,0.0,1,1,3,80,1.0,3,Typec,Renault,Food
2026-01-04 04:00:00,0.0,0.0,0.0,1,1,3,80,1.0,3,Typec,Renault,Food
2026-01-04 05:00:00,0.0,0.0,0.0,1,1,3,80,1.0,3,Typec,Renault,Food
2026-01-04 06:00:00,0.0,0.0,0.0,1,1,3,80,1.0,3,Typec,Renault,Food
2026-01-04 07:00:00,0.0,0.0,0.0,1,1,3,80,1.0,3,Typec,Renault,Food
2026-01-04 08:00:00,5.656114687189152,2.9469865716078276,0.521026664873437,0,0,3,0,1.3050301525,3,Typec,Renault,Food
2026-01-04 09:00:00,5.656114687189152,0.7381400212779949,0.13050301525000002,0,0,3,0,1.3050301525,3,Typec,Renault,Food
2026-01-04 10:00:00,5.656114687189152,1.9375051254004605,0.3425505373483362,0,0,3,0,1.3050301525,3,Typec,Renault,Food
2026-01-04 11:00:00,5.656114687189152,1.9474595959767826,0.3443104858513021,0,0,3,0,1.3050301525,3,Typec,Renault,Food
2026-01-04 12:00:00,5.656114687189152,0.7381400212779949,0.13050301525000002,0,0,3,0,1.3050301525,3,Typec,Renault,Food
2026-01-04 13:00:00,5.656114687189152,0.7381400212779949,0.13050301525000002,0,0,3,0,1.3050301525,3,Typec,Renault,Food
2026-01-04 14:00:00,5.656114687189152,0.7381400212779949,0.13050301525000002,0,0,3,0,1.3050301525,3,Typec,Renault,Food
2026-01-04 15:00:00,5.656114687189152,0.7897990069945936,0.13963631409091706,0,0,3,0,1.3050301525,3,Typec,Renault,Food
2026-01-04 16:00:00,5.656114687189152,2.4624280589768826,0.43535681208059174,0,0,3,0,1.3050301525,3,Typec,Renault,Food
2026-01-04 17:00:00,5.656114687189152,1.7662924993774123,0.31228017765940747,0,0,3,0,1.3050301525,3,Typec,Renault,Food
2026-01-04 18:00:00,5.656114687189152,1.2075381886842076,0.21349252189302806,0,0,3,0,1.3050301525,3,Typec,Renault,Food
2026-01-04 19:00:00,5.656114687189152,0.8879749844604311,0.15699380821814926,0,0,3,0,1.3050301525,3,Typec,Renault,Food
2026-01-04 20:00:00,0.0,0.0,0.0,1,1,3,80,1.0,3,Typec,Renault,Food
2026-01-04 21:00:00,0.0,0.0,0.0,1,1,3,80,1.0,3,Typec,Renault,Food
2026-01-04 22:00:00,0.0,0.0,0.0,1,1,3,80,1.0,3,Typec,Renault,Food
2026-01-04 23:00:00,0.0,0.0,0.0,1,1,3,80,1.0,3,Typec,Renault,Food
2026-01-05 00:00:00,0.0,0.0,0.0,1,1,3,80,1.0,3,Typec,Renault,Food
2026-01-05 01:00:00,0.0,0.0,0.0,1,1,3,80,1.0,3,Typec,Renault,Food
2026-01-05 02:00:00,0.0,0.0,0.0,1,1,3,80,1.0,3,Typec,Renault,Food
2026-01-05 03:00:00,0.0,0.0,0.0,1,1,3,80,1.0,3,Typec,Renault,Food
2026-01-05 04:00:00,0.0,0.0,0.0,1,1,3,80,1.0,3,Typec,Renault,Food
2026-01-05 05:00:00,0.0,0.0,0.0,1,1,3,80,1.0,3,Typec,Renault,Food
2026-01-05 06:00:00,0.0,0.0,0.0,1,1,3,80,1.0,3,Typec,Renault,Food
2026-01-05 07:00:00,3.556927719573365,0.9910577250334685,0.27862745694262825,0,0,3,0,1.226197579604,3,Typec,Renault,Food
2026-01-05 08:00:00,3.556927719573365,1.7493352116801069,0.4918107281330784,0,0,3,0,1.226197579604,3,Typec,Renault,Food
2026-01-05 09:00:00,3.556927719573365,1.0917790803018848,0.3069444100013474,0,0,3,0,1.226197579604,3,Typec,Renault,Food
2026-01-05 10:00:00,3.556927719573365,0.5782951260830909,0.16258276008837602,0,0,3,0,1.226197579604,3,Typec,Renault,Food
2026-01-05 11:00:00,3.556927719573365,1.293435020788414,0.36363826390702,0,0,3,0,1.226197579604,3,Typec,Renault,Food
2026-01-05 12:00:00,3.556927719573365,0.4361496160567236,0.12261975796040002,0,0,3,0,1.226197579604,3,Typec,Renault,Food
2026-01-05 13:00:00,3.556927719573365,0.9047481698923999,0.25436225901180803,0,0,3,0,1.226197579604,3,Typec,Renault,Food
2026-01-05 14:00:00,3.556927719573365,0.4361496160567236,0.12261975796040002,0,0,3,0,1.226197579604,3,Typec,Renault,Food
2026-01-05 15:00:00,3.556927719573365,0.4361496160567236,0.12261975796040002,0,0,3,0,1.226197579604,3,Typec,Renault,Food
2026-01-05 16:00:00,3.556927719573365,1.8547751242639214,0.5214542634806175,0,0,3,0,1.226197579604,3,Typec,Renault,Food
2026-01-05 17:00:00,3.556927719573365,0.43752036526803045,0.12300513245192082,0,0,3,0,1.226197579604,3,Typec,Renault,Food
2026-01-05 18:00:00,3.556927719573365,1.0442193367301444,0.29357339228006385,0,0,3,0,1.226197579604,3,Typec,Renault,Food
2026-01-05 19:00:00,3.556927719573365,0.5278472506249753,0.14839976863187082,0,0,3,0,1.226197579604,3,Typec,Renault,Food
2026-01-05 20:00:00,3.556927719573365,1.5944388837131185,0.4482629419032342,0,0,3,0,1.226197579604,3,Typec,Renault,Food
2026-01-05 21:00:00,3.556927719573365,0.8839819269135676,0.24852400627910332,0,0,3,0,1.226197579604,3,Typec,Renault,Food
2026-01-05 22:00:00,0.0,0.0,0.0,1,1,3,80,1.0,3,Typec,Renault,Food
2026-01-05 23:00:00,0.0,0.0,0.0,1,1,3,80,1.0,3,Typec,Renault,Food
2026-01-06 00:00:00,0.0,0.0,0.0,1,1,3,80,1.0,3,Typec,Renault,Food
2026-01-06 01:00:00,0.0,0.0,0.0,1,1,3,80,1.0,3,Typec,Renault,Food
2026-01-06 02:00:00,0.0,0.0,0.0,1,1,3,80,1.0,3,Typec,Renault,Food
2026-01-06 03:00:00,0.0,0.0,0.0,1,1,3,80,1.0,3,Typec,Renault,Food
2026-01-06 04:00:00,0.0,0.0,0.0,1,1,3,80,1.0,3,Typec,Renault,Food
2026-01-06 05:00:00,0.0,0.0,0.0,1,1,3,80,1.0,3,Typec,Renault,Food
2026-01-06 06:00:00,0.0,0.0,0.0,1,1,3,80,1.0,3,Typec,Renault,Food
2026-01-06 07:00:00,8.24159261150663,1.0966511579789724,0.13306301459840003,0,0,3,0,1.3306301459840002,3,Typec,Renault,Food
2026-01-06 08:00:00,8.24159261150663,2.874633467367034,0.3487958702731277,0,0,3,0,1.3306301459840002,3,Typec,Renault,Food
2026-01-06 09:00:00,8.24159261150663,2.1339067151568183,0.25891921813479724,0,0,3,0,1.3306301459840002,3,Typec,Renault,Food
2026-01-06 10:00:00,8.24159261150663,3.6479312168191296,0.4426245494986022,0,0,3,0,1.3306301459840002,3,Typec,Renault,Food
2026-01-06 11:00:00,8.24159261150663,1.0966511579789724,0.13306301459840003,0,0,3,0,1.3306301459840002,3,Typec,Renault,Food
2026-01-06 12:00:00,8.24159261150663,1.0966511579789724,0.13306301459840003,0,0,3,0,1.3306301459840002,3,Typec,Renault,Food
2026-01-06 13:00:00,8.24159261150663,1.283561573108704,0.15574193406704417,0,0,3,0,1.3306301459840002,3,Typec,Renault,Food
2026-01-06 14:00:00,8.24159261150663,1.0966511579789724,0.13306301459840003,0,0,3,0,1.3306301459840002,3,Typec,Renault,Food
2026-01-06 15:00:00,8.24159261150663,1.0966511579789724,0.13306301459840003,0,0,3,0,1.3306301459840002,3,Typec,Renault,Food
2026-01-06 16:00:00,8.24159261150663,1.8490367619251915,0.22435430250988503,0,0,3,0,1.3306301459840002,3,Typec,Renault,Food
2026-01-06 17:00:00,8.24159261150663,4.934930210905375,0.5987835656928001,0,0,3,0,1.3306301459840002,3,Typec,Renault,Food
2026-01-06 18:00:00,8.24159261150663,2.243016639813154,0.27215815504900487,0,0,3,0,1.3306301459840002,3,Typec,Renault,Food
2026-01-06 19:00:00,8.24159261150663,2.2971787394770518,0.2787299552115461,0,0,3,0,1.3306301459840002,3,Typec,Renault,Food
2026-01-06 20:00:00,8.24159261150663,3.3761192930786676,0.40964403995958815,0,0,3,0,1.3306301459840002,3,Typec,Renault,Food
2026-01-06 21:00:00,0.0,0.0,0.0,1,1,3,80,1.0,3,Typec,Renault,Food
2026-01-06 22:00:00,0.0,0.0,0.0,1,1,3,80,1.0,3,Typec,Renault,Food
2026-01-06 23:00:00,0.0,0.0,0.0,1,1,3,80,1.0,3,Typec,Renault,Food
2026-01-07 00:00:00,0.0,0.0,0.0,1,1,3,80,1.0,3,Typec,Renault,Food
2026-01-07 01:00:00,0.0,0.0,0.0,1,1,3,80,1.0,3,Typec,Renault,Food
2026-01-07 02:00:00,0.0,0.0,0.0,1,1,3,80,1.0,3,Typec,Renault,Food
2026-01-07 03:00:00,0.0,0.0,0.0,1,1,3,80,1.0,3,Typec,Renault,Food
2026-01-07 04:00:00,0.0,0.0,0.0,1,1,3,80,1.0,3,Typec,Renault,Food
2026-01-07 05:00:00,0.0,0.0,0.0,1,1,3,80,1.0,3,Typec,Renault,Food
2026-01-07 06:00:00,0.0,0.0,0.0,1,1,3,80,1.0,3,Typec,Renault,Food
2026-01-07 07:00:00,0.0,0.0,0.0,1,1,3,80,1.0,3,Typec,Renault,Food
2026-01-07 08:00:00,6.29990510962484,3.021705629230095,0.47964303852983553,0,0,3,0,1.282756305344,3,Typec,Renault,Food
2026-01-07 09:00:00,6.29990510962484,2.4992497519526347,0.39671228510003154,0,0,3,0,1.282756305344,3,Typec,Renault,Food
2026-01-07 10:00:00,6.29990510962484,1.2368916880561953,0.19633497116750262,0,0,3,0,1.282756305344,3,Typec,Renault,Food
2026-01-07 11:00:00,6.29990510962484,2.9768470832671503,0.47252252715984505,0,0,3,0,1.282756305344,3,Typec,Renault,Food
2026-01-07 12:00:00,6.29990510962484,1.8979601677274378,0.30126805637560816,0,0,3,0,1.282756305344,3,Typec,Renault,Food
2026-01-07 13:00:00,6.29990510962484,2.519674817945694,0.39995440789992165,0,0,3,0,1.282756305344,3,Typec,Renault,Food
2026-01-07 14:00:00,6.29990510962484,3.6365593510980663,0.5772403374048001,0,0,3,0,1.282756305344,3,Typec,Renault,Food
2026-01-07 15:00:00,6.29990510962484,1.740081871739711,0.2762076319342107,0,0,3,0,1.282756305344,3,Typec,Renault,Food
2026-01-07 16:00:00,6.29990510962484,0.8081243002440148,0.12827563053440003,0,0,3,0,1.282756305344,3,Typec,Renault,Food
2026-01-07 17:00:00,6.29990510962484,1.1664608559987317,0.18515530562780091,0,0,3,0,1.282756305344,3,Typec,Renault,Food
2026-01-07 18:00:00,6.29990510962484,1.1471936111497312,0.1820969667300349,0,0,3,0,1.282756305344,3,Typec,Renault,Food
2026-01-07 19:00:00,6.29990510962484,2.2836766364248775,0.36249381485697824,0,0,3,0,1.282756305344,3,Typec,Renault,Food
2026-01-07 20:00:00,6.29990510962484,3.2443851051353803,0.5149895194736646,0,0,3,0,1.282756305344,3,Typec,Renault,Food
2026-01-07 21:00:00,6.29990510962484,1.6659055333585384,0.2644334326263755,0,0,3,0,1.282756305344,3,Typec,Renault,Food
2026-01-07 22:00:00,6.29990510962484,0.8081243002440148,0.12827563053440003,0,0,3,0,1.282756305344,3,Typec,Renault,Food
2026-01-07 23:00:00,0.0,0.0,0.0,1,1,3,80,1.0,3,Typec,Renault,Food
2026-01-08 00:00:00,0.0,0.0,0.0,1,1,3,80,1.0,3,Typec,Renault,Food
2026-01-08 01:00:00,0.0,0.0,0.0,1,1,3,80,1.0,3,Typec,Renault,Food
2026-01-08 02:00:00,0.0,0.0,0.0,1,1,3,80,1.0,3,Typec,Renault,Food
2026-01-08 03:00:00,0.0,0.0,0.0,1,1,3,80,1.0,3,Typec,Renault,Food
2026-01-08 04:00:00,0.0,0.0,0.0,1,1,3,80,1.0,3,Typec,Renault,Food
2026-01-08 05:00:00,0.0,0.0,0.0,1,1,3,80,1.0,3,Typec,Renault,Food
2026-01-08 06:00:00,0.0,0.0,0.0,1,1,3,80,1.0,3,Typec,Renault,Food
2026-01-08 07:00:00,0.0,0.0,0.0,1,1,3,80,1.0,3,Typec,Renault,Food
2026-01-08 08:00:00,4.736098852002418,0.7928297540411096,0.16740143709329502,0,0,3,0,1.176585222144,3,Typec,Renault,Food
2026-01-08 09:00:00,4.736098852002418,0.5572423919879209,0.11765852221440001,0,0,3,0,1.176585222144,3,Typec,Renault,Food
2026-01-08 10:00:00,4.736098852002418,0.5572423919879209,0.11765852221440001,0,0,3,0,1.176585222144,3,Typec,Renault,Food
2026-01-08 11:00:00,4.736098852002418,2.022818927723845,0.4271065682821631,0,0,3,0,1.176585222144,3,Typec,Renault,Food
2026-01-08 12:00:00,4.736098852002418,0.5572423919879209,0.11765852221440001,0,0,3,0,1.176585222144,3,Typec,Renault,Food
2026-01-08 13:00:00,4.736098852002418,0.5572423919879209,0.11765852221440001,0,0,3,0,1.176585222144,3,Typec,Renault,Food
2026-01-08 14:00:00,4.736098852002418,1.3147367076301577,0.2775990849672169,0,0,3,0,1.176585222144,3,Typec,Renault,Food
2026-01-08 15:00:00,4.736098852002418,0.5572423919879209,0.11765852221440001,0,0,3,0,1.176585222144,3,Typec,Renault,Food
2026-01-08 16:00:00,4.736098852002418,0.9387530285926184,0.19821229622259987,0,0,3,0,1.176585222144,3,Typec,Renault,Food
2026-01-08 17:00:00,4.736098852002418,2.1668477430067137,0.45751742324604827,0,0,3,0,1.176585222144,3,Typec,Renault,Food
2026-01-08 18:00:00,4.736098852002418,1.1475618998480253,0.2423010869722107,0,0,3,0,1.176585222144,3,Typec,Renault,Food
2026-01-08 19:00:00,4.736098852002418,0.5572423919879209,0.11765852221440001,0,0,3,0,1.176585222144,3,Typec,Renault,Food
2026-01-08 20:00:00,4.736098852002418,2.507590763945644,0.5294633499648,0,0,3,0,1.176585222144,3,Typec,Renault,Food
2026-01-08 21:00:00,4.736098852002418,0.9958718109976508,0.21027259821162667,0,0,3,0,1.176585222144,3,Typec,Renault,Food
2026-01-08 22:00:00,4.736098852002418,0.7100100537826499,0.14991453429703192,0,0,3,0,1.176585222144,3,Typec,Renault,Food
2026-01-08 23:00:00,0.0,0.0,0.0,1,1,3,80,1.0,3,Typec,Renault,Food
2026-01-09 00:00:00,0.0,0.0,0.0,1,1,3,80,1.0,3,Typec,Renault,Food
2026-01-09 01:00:00,0.0,0.0,0.0,1,1,3,80,1.0,3,Typec,Renault,Food
2026-01-09 02:00:00,0.0,0.0,0.0,1,1,3,80,1.0,3,Typec,Renault,Food
2026-01-09 03:00:00,0.0,0.0,0.0,1,1,3,80,1.0,3,Typec,Renault,Food
2026-01-09 04:00:00,0.0,0.0,0.0,1,1,3,80,1.0,3,Typec,Renault,Food
2026-01-09 05:00:00,0.0,0.0,0.0,1,1,3,80,1.0,3,Typec,Renault,Food
2026-01-09 06:00:00,0.0,0.0,0.0,1,1,3,80,1.0,3,Typec,Renault,Food
2026-01-09 07:00:00,0.0,0.0,0.0,1,1,3,80,1.0,3,Typec,Renault,Food
2026-01-09 08:00:00,2.602018872081038,0.7332227091737916,0.281789927444829,0,0,3,0,1.137342385344,3,Typec,Renault,Food
2026-01-09 09:00:00,2.602018872081038,0.6126162444838423,0.23543881678071196,0,0,3,0,1.137342385344,3,Typec,Renault,Food
2026-01-09 10:00:00,2.602018872081038,0.2959386350682752,0.1137342385344,0,0,3,0,1.137342385344,3,Typec,Renault,Food
2026-01-09 11:00:00,2.602018872081038,0.2959386350682752,0.1137342385344,0,0,3,0,1.137342385344,3,Typec,Renault,Food
2026-01-09 12:00:00,2.602018872081038,0.4819807795252727,0.18523339115515136,0,0,3,0,1.137342385344,3,Typec,Renault,Food
2026-01-09 13:00:00,2.602018872081038,0.7717428197755775,0.2965938595050828,0,0,3,0,1.137342385344,3,Typec,Renault,Food
2026-01-09 14:00:00,2.602018872081038,0.2959386350682752,0.1137342385344,0,0,3,0,1.137342385344,3,Typec,Renault,Food
2026-01-09 15:00:00,2.602018872081038,0.6827519579274356,0.26239316142291674,0,0,3,0,1.137342385344,3,Typec,Renault,Food
2026-01-09 16:00:00,2.602018872081038,0.2959386350682752,0.1137342385344,0,0,3,0,1.137342385344,3,Typec,Renault,Food
2026-01-09 17:00:00,2.602018872081038,0.9721314025397845,0.37360659177782785,0,0,3,0,1.137342385344,3,Typec,Renault,Food
2026-01-09 18:00:00,2.602018872081038,0.5791971393321734,0.2225952876617471,0,0,3,0,1.137342385344,3,Typec,Renault,Food
2026-01-09 19:00:00,2.602018872081038,0.8464387478524433,0.3253007720022722,0,0,3,0,1.137342385344,3,Typec,Renault,Food
2026-01-09 20:00:00,2.602018872081038,0.33385505094605616,0.12830616046956114,0,0,3,0,1.137342385344,3,Typec,Renault,Food
2026-01-09 21:00:00,2.602018872081038,0.5465950435981599,0.21006574912387357,0,0,3,0,1.137342385344,3,Typec,Renault,Food
2026-01-09 22:00:00,2.602018872081038,0.3593298299389223,0.13809655025735385,0,0,3,0,1.137342385344,3,Typec,Renault,Food
2026-01-09 23:00:00,0.0,0.0,0.0,1,1,3,80,1.0,3,Typec,Renault,Food
2026-01-10 00:00:00,0.0,0.0,0.0,1,1,3,80,1.0,3,Typec,Renault,Food
2026-01-10 01:00:00,0.0,0.0,0.0,1,1,3,80,1.0,3,Typec,Renault,Food
2026-01-10 02:00:00,0.0,0.0,0.0,1,1,3,80,1.0,3,Typec,Renault,Food
2026-01-10 03:00:00,0.0,0.0,0.0,1,1,3,80,1.0,3,Typec,Renault,Food
2026-01-10 04:00:00,0.0,0.0,0.0,1,1,3,80,1.0,3,Typec,Renault,Food
2026-01-10 05:00:00,0.0,0.0,0.0,1,1,3,80,1.0,3,Typec,Renault,Food
2026-01-10 06:00:00,0.0,0.0,0.0,1,1,3,80,1.0,3,Typec,Renault,Food
2026-01-10 07:00:00,0.0,0.0,0.0,1,1,3,80,1.0,3,Typec,Renault,Food
2026-01-10 08:00:00,0.0,0.0,0.0,1,1,3,80,1.0,3,Typec,Renault,Food
2026-01-10 09:00:00,6.592009325951798,2.26402186285741,0.3434494326250844,0,0,3,0,1.18961004,3,Typec,Renault,Food
2026-01-10 10:00:00,6.592009325951798,1.7180019594780211,0.2606188605823862,0,0,3,0,1.18961004,3,Typec,Renault,Food
2026-01-10 11:00:00,6.592009325951798,0.7841920477925892,0.11896100400000001,0,0,3,0,1.18961004,3,Typec,Renault,Food
2026-01-10 12:00:00,6.592009325951798,1.8222499311659988,0.2764331543027498,0,0,3,0,1.18961004,3,Typec,Renault,Food
2026-01-10 13:00:00,6.592009325951798,0.7841920477925892,0.11896100400000001,0,0,3,0,1.18961004,3,Typec,Renault,Food
2026-01-10 14:00:00,6.592009325951798,2.466585416456852,0.37417808356949034,0,0,3,0,1.18961004,3,Typec,Renault,Food
2026-01-10 15:00:00,6.592009325951798,0.7841920477925892,0.11896100400000001,0,0,3,0,1.18961004,3,Typec,Renault,Food
2026-01-10 16:00:00,6.592009325951798,0.7841920477925892,0.11896100400000001,0,0,3,0,1.18961004,3,Typec,Renault,Food
2026-01-10 17:00:00,6.592009325951798,1.2403218461576155,0.18815535367564573,0,0,3,0,1.18961004,3,Typec,Renault,Food
2026-01-10 18:00:00,6.592009325951798,1.3999338043901826,0.21236829852149078,0,0,3,0,1.18961004,3,Typec,Renault,Food
2026-01-10 19:00:00,0.0,0.0,0.0,1,1,3,80,1.0,3,Typec,Renault,Food
2026-01-10 20:00:00,0.0,0.0,0.0,1,1,3,80,1.0,3,Typec,Renault,Food
2026-01-10 21:00:00,0.0,0.0,0.0,1,1,3,80,1.0,3,Typec,Renault,Food
2026-01-10 22:00:00,0.0,0.0,0.0,1,1,3,80,1.0,3,Typec,Renault,Food
2026-01-10 23:00:00,0.0,0.0,0.0,1,1,3,80,1.0,3,Typec,Renault,Food
2026-01-11 00:00:00,0.0,0.0,0.0,1,1,3,80,1.0,3,Typec,Renault,Food
2026-01-11 01:00:00,0.0,0.0,0.0,1,1,3,80,1.0,3,Typec,Renault,Food
2026-01-11 02:00:00,0.0,0.0,0.0,1,1,3,80,1.0,3,Typec,Renault,Food
2026-01-11 03:00:00,0.0,0.0,0.0,1,1,3,80,1.0,3,Typec,Renault,Food
2026-01-11 04:00:00,0.0,0.0,0.0,1,1,3,80,1.0,3,Typec,Renault,Food
2026-01-11 05:00:00,0.0,0.0,0.0,1,1,3,80,1.0,3,Typec,Renault,Food
2026-01-11 06:00:00,0.0,0.0,0.0,1,1,3,80,1.0,3,Typec,Renault,Food
2026-01-11 07:00:00,0.0,0.0,0.0,1,1,3,80,1.0,3,Typec,Renault,Food
2026-01-11 08:00:00,0.0,0.0,0.0,1,1,3,80,1.0,3,Typec,Renault,Food
2026-01-11 09:00:00,3.6823764592728074,1.0831796472647592,0.2941523386445569,0,0,3,0,1.122069513044,3,Typec,Renault,Food
2026-01-11 10:00:00,3.6823764592728074,0.4131882360500928,0.1122069513044,0,0,3,0,1.122069513044,3,Typec,Renault,Food
2026-01-11 11:00:00,3.6823764592728074,0.9348781414699385,0.25387902399706236,0,0,3,0,1.122069513044,3,Typec,Renault,Food
2026-01-11 12:00:00,3.6823764592728074,0.4131882360500928,0.1122069513044,0,0,3,0,1.122069513044,3,Typec,Renault,Food
2026-01-11 13:00:00,3.6823764592728074,0.7288601954533395,0.19793201578235,0,0,3,0,1.122069513044,3,Typec,Renault,Food
2026-01-11 14:00:00,3.6823764592728074,1.1655147930257623,0.3165115804742916,0,0,3,0,1.122069513044,3,Typec,Renault,Food
2026-01-11 15:00:00,3.6823764592728074,0.6811399543239158,0.18497292763446213,0,0,3,0,1.122069513044,3,Typec,Renault,Food
2026-01-11 16:00:00,3.6823764592728074,1.5049371458900314,0.40868639112124483,0,0,3,0,1.122069513044,3,Typec,Renault,Food
2026-01-11 17:00:00,3.6823764592728074,0.9685069550566845,0.2630113910862727,0,0,3,0,1.122069513044,3,Typec,Renault,Food
2026-01-11 18:00:00,3.6823764592728074,0.4131882360500928,0.1122069513044,0,0,3,0,1.122069513044,3,Typec,Renault,Food
2026-01-11 19:00:00,0.0,0.0,0.0,1,1,3,80,1.0,3,Typec,Renault,Food
2026-01-11 20:00:00,0.0,0.0,0.0,1,1,3,80,1.0,3,Typec,Renault,Food
2026-01-11 21:00:00,0.0,0.0,0.0,1,1,3,80,1.0,3,Typec,Renault,Food
2026-01-11 22:00:00,0.0,0.0,0.0,1,1,3,80,1.0,3,Typec,Renault,Food
2026-01-11 23:00:00,0.0,0.0,0.0,1,1,3,80,1.0,3,Typec,Renault,Food
2026-01-12 00:00:00,0.0,0.0,0.0,1,1,3,80,1.0,3,Typec,Renault,Food
2026-01-12 01:00:00,0.0,0.0,0.0,1,1,3,80,1.0,3,Typec,Renault,Food
2026-01-12 02:00:00,0.0,0.0,0.0,1,1,3,80,1.0,3,Typec,Renault,Food
2026-01-12 03:00:00,0.0,0.0,0.0,1,1,3,80,1.0,3,Typec,Renault,Food
2026-01-12 04:00:00,0.0,0.0,0.0,1,1,3,80,1.0,3,Typec,Renault,Food
2026-01-12 05:00:00,0.0,0.0,0.0,1,1,3,80,1.0,3,Typec,Renault,Food
2026-01-12 06:00:00,0.0,0.0,0.0,1,1,3,80,1.0,3,Typec,Renault,Food
2026-01-12 07:00:00,0.0,0.0,0.0,1,1,3,80,1.0,3,Typec,Renault,Food
2026-01-12 08:00:00,4.903289193569313,0.54911412340136,0.1119889326784,0,0,3,0,1.119889326784,3,Typec,Renault,Food
2026-01-12 09:00:00,4.903289193569313,2.1919683783937294,0.4470404032600212,0,0,3,0,1.119889326784,3,Typec,Renault,Food
2026-01-12 10:00:00,4.903289193569313,1.8983805634033344,0.38716471504333655,0,0,3,0,1.119889326784,3,Typec,Renault,Food
2026-01-12 11:00:00,4.903289193569313,1.1648226665977335,0.23755944644778526,0,0,3,0,1.119889326784,3,Typec,Renault,Food
2026-01-12 12:00:00,4.903289193569313,0.7546056260210265,0.15389784208744925,0,0,3,0,1.119889326784,3,Typec,Renault,Food
2026-01-12 13:00:00,4.903289193569313,0.54911412340136,0.1119889326784,0,0,3,0,1.119889326784,3,Typec,Renault,Food
2026-01-12 14:00:00,4.903289193569313,1.0316287865585527,0.2103952562927634,0,0,3,0,1.119889326784,3,Typec,Renault,Food
2026-01-12 15:00:00,4.903289193569313,2.1185068024837297,0.4320583018562644,0,0,3,0,1.119889326784,3,Typec,Renault,Food
2026-01-12 16:00:00,4.903289193569313,2.1429969169281606,0.43705293168078096,0,0,3,0,1.119889326784,3,Typec,Renault,Food
2026-01-12 17:00:00,4.903289193569313,0.8990959182909347,0.18336587600627416,0,0,3,0,1.119889326784,3,Typec,Renault,Food
2026-01-12 18:00:00,4.903289193569313,1.6479283620505845,0.33608630798522965,0,0,3,0,1.119889326784,3,Typec,Renault,Food
2026-01-12 19:00:00,4.903289193569313,1.2635001801149106,0.25768420548639004,0,0,3,0,1.119889326784,3,Typec,Renault,Food
2026-01-12 20:00:00,4.903289193569313,1.8764428093265209,0.3826906256697004,0,0,3,0,1.119889326784,3,Typec,Renault,Food
2026-01-12 21:00:00,4.903289193569313,0.7660370709415285,0.1562292250569658,0,0,3,0,1.119889326784,3,Typec,Renault,Food
2026-01-12 22:00:00,4.903289193569313,0.54911412340136,0.1119889326784,0,0,3,0,1.119889326784,3,Typec,Renault,Food
2026-01-12 23:00:00,0.0,0.0,0.0,1,1,3,80,1.0,3,Typec,Renault,Food
2026-01-13 00:00:00,0.0,0.0,0.0,1,1,3,80,1.0,3,Typec,Renault,Food
2026-01-13 01:00:00,0.0,0.0,0.0,1,1,3,80,1.0,3,Typec,Renault,Food
2026-01-13 02:00:00,0.0,0.0,0.0,1,1,3,80,1.0,3,Typec,Renault,Food
2026-01-13 03:00:00,0.0,0.0,0.0,1,1,3,80,1.0,3,Typec,Renault,Food
2026-01-13 04:00:00,0.0,0.0,0.0,1,1,3,80,1.0,3,Typec,Renault,Food
2026-01-13 05:00:00,0.0,0.0,0.0,1,1,3,80,1.0,3,Typec,Renault,Food
2026-01-13 06:00:00,0.0,0.0,0.0,1,1,3,80,1.0,3,Typec,Renault,Food
2026-01-13 07:00:00,0.0,0.0,0.0,1,1,3,80,1.0,3,Typec,Renault,Food
2026-01-13 08:00:00,0.0,0.0,0.0,1,1,3,80,1.0,3,Typec,Renault,Food
2026-01-13 09:00:00,7.0692626189706855,3.1626877981204506,0.4473858121543307,0,0,3,0,1.12425024,3,Typec,Renault,Food
2026-01-13 10:00:00,7.0692626189706855,1.3822113090733523,0.19552411383955742,0,0,3,0,1.12425024,3,Typec,Renault,Food
2026-01-13 11:00:00,7.0692626189706855,1.8706386908651347,0.26461581521178623,0,0,3,0,1.12425024,3,Typec,Renault,Food
2026-01-13 12:00:00,7.0692626189706855,0.9788579972407112,0.1384667751080433,0,0,3,0,1.12425024,3,Typec,Renault,Food
2026-01-13 13:00:00,7.0692626189706855,0.7947620196000823,0.11242502400000001,0,0,3,0,1.12425024,3,Typec,Renault,Food
2026-01-13 14:00:00,7.0692626189706855,0.7947620196000823,0.11242502400000001,0,0,3,0,1.12425024,3,Typec,Renault,Food
2026-01-13 15:00:00,7.0692626189706855,0.7947620196000823,0.11242502400000001,0,0,3,0,1.12425024,3,Typec,Renault,Food
2026-01-13 16:00:00,7.0692626189706855,0.7947620196000823,0.11242502400000001,0,0,3,0,1.12425024,3,Typec,Renault,Food
2026-01-13 17:00:00,7.0692626189706855,2.398135139807867,0.33923412795167107,0,0,3,0,1.12425024,3,Typec,Renault,Food
2026-01-13 18:00:00,7.0692626189706855,0.7947620196000823,0.11242502400000001,0,0,3,0,1.12425024,3,Typec,Renault,Food
2026-01-13 19:00:00,7.0692626189706855,2.4041637253404047,0.3400869164046506,0,0,3,0,1.12425024,3,Typec,Renault,Food
2026-01-13 20:00:00,7.0692626189706855,1.2824203917127575,0.1814079432091438,0,0,3,0,1.12425024,3,Typec,Renault,Food
2026-01-13 21:00:00,7.0692626189706855,2.403801779006216,0.3400357163921885,0,0,3,0,1.12425024,3,Typec,Renault,Food
2026-01-13 22:00:00,7.0692626189706855,1.1226466367855243,0.15880675217424395,0,0,3,0,1.12425024,3,Typec,Renault,Food
2026-01-13 23:00:00,0.0,0.0,0.0,1,1,3,80,1.0,3,Typec,Renault,Food
2026-01-14 00:00:00,0.0,0.0,0.0,1,1,3,80,1.0,3,Typec,Renault,Food
2026-01-14 01:00:00,0.0,0.0,0.0,1,1,3,80,1.0,3,Typec,Renault,Food
2026-01-14 02:00:00,0.0,0.0,0.0,1,1,3,80,1.0,3,Typec,Renault,Food
2026-01-14 03:00:00,0.0,0.0,0.0,1,1,3,80,1.0,3,Typec,Renault,Food
2026-01-14 04:00:00,0.0,0.0,0.0,1,1,3,80,1.0,3,Typec,Renault,Food
2026-01-14 05:00:00,0.0,0.0,0.0,1,1,3,80,1.0,3,Typec,Renault,Food
2026-01-14 06:00:00,0.0,0.0,0.0,1,1,3,80,1.0,3,Typec,Renault,Food
2026-01-14 07:00:00,0.0,0.0,0.0,1,1,3,80,1.0,3,Typec,Renault,Food
2026-01-14 08:00:00,5.868733427357492,1.2420730837626488,0.21164244366129192,0,0,3,0,1.102475,3,Typec,Renault,Food
2026-01-14 09:00:00,5.868733427357492,2.040351626167193,0.3476647306309668,0,0,3,0,1.102475,3,Typec,Renault,Food
2026-01-14 10:00:00,5.868733427357492,1.5430945029085499,0.2629348430983953,0,0,3,0,1.102475,3,Typec,Renault,Food
2026-01-14 11:00:00,5.868733427357492,1.7676523920844216,0.3011982762489078,0,0,3,0,1.102475,3,Typec,Renault,Food
2026-01-14 12:00:00,5.868733427357492,0.6470131885325952,0.11024750000000001,0,0,3,0,1.102475,3,Typec,Renault,Food
2026-01-14 13:00:00,5.868733427357492,0.6470131885325952,0.11024750000000001,0,0,3,0,1.102475,3,Typec,Renault,Food
2026-01-14 14:00:00,5.868733427357492,1.5217996296981158,0.25930631345498595,0,0,3,0,1.102475,3,Typec,Renault,Food
2026-01-14 15:00:00,5.868733427357492,1.49646610265222,0.2549896193404088,0,0,3,0,1.102475,3,Typec,Renault,Food
2026-01-14 16:00:00,5.868733427357492,0.6470131885325952,0.11024750000000001,0,0,3,0,1.102475,3,Typec,Renault,Food
2026-01-14 17:00:00,5.868733427357492,2.0735776953303624,0.35332627065053623,0,0,3,0,1.102475,3,Typec,Renault,Food
2026-01-14 18:00:00,5.868733427357492,0.9840006143428052,0.16766830978483718,0,0,3,0,1.102475,3,Typec,Renault,Food
2026-01-14 19:00:00,5.868733427357492,0.6470131885325952,0.11024750000000001,0,0,3,0,1.102475,3,Typec,Renault,Food
2026-01-14 20:00:00,5.868733427357492,0.6470131885325952,0.11024750000000001,0,0,3,0,1.102475,3,Typec,Renault,Food
2026-01-14 21:00:00,5.868733427357492,0.6470131885325952,0.11024750000000001,0,0,3,0,1.102475,3,Typec,Renault,Food
2026-01-14 22:00:00,5.868733427357492,0.9364685779216889,0.15956911137866278,0,0,3,0,1.102475,3,Typec,Renault,Food
2026-01-14 23:00:00,0.0,0.0,0.0,1,1,3,80,1.0,3,Typec,Renault,Food
2026-01-01 00:00:00,0.0,0.0,0.0,1,1,4,100,1.0,4,Typec,Toyota,Food
2026-01-01 01:00:00,0.0,0.0,0.0,1,1,4,100,1.0,4,Typec,Toyota,Food
2026-01-01 02:00:00,0.0,0.0,0.0,1,1,4,100,1.0,4,Typec,Toyota,Food
2026-01-01 03:00:00,0.0,0.0,0.0,1,1,4,100,1.0,4,Typec,Toyota,Food
2026-01-01 04:00:00,0.0,0.0,0.0,1,1,4,100,1.0,4,Typec,Toyota,Food
2026-01-01 05:00:00,0.0,0.0,0.0,1,1,4,100,1.0,4,Typec,Toyota,Food
2026-01-01 06:00:00,0.0,0.0,0.0,1,1,4,100,1.0,4,Typec,Toyota,Food
2026-01-01 07:00:00,0.0,0.0,0.0,1,1,4,100,1.0,4,Typec,Toyota,Food
2026-01-01 08:00:00,6.634054217257148,0.7516232692250627,0.11329772784640002,0,0,4,0,1.1329772784640002,4,Typec,Toyota,Food
2026-01-01 09:00:00,6.634054217257148,3.2488041163258394,0.4897162443856328,0,0,4,0,1.1329772784640002,4,Typec,Toyota,Food
2026-01-01 10:00:00,6.634054217257148,2.162813705208009,0.3260168871671093,0,0,4,0,1.1329772784640002,4,Typec,Toyota,Food
2026-01-01 11:00:00,6.634054217257148,2.441700226142774,0.3680555126895384,0,0,4,0,1.1329772784640002,4,Typec,Toyota,Food
2026-01-01 12:00:00,6.634054217257148,1.177216862486077,0.17745059415158018,0,0,4,0,1.1329772784640002,4,Typec,Toyota,Food
2026-01-01 13:00:00,6.634054217257148,2.619917882985383,0.39491957665498084,0,0,4,0,1.1329772784640002,4,Typec,Toyota,Food
2026-01-01 14:00:00,6.634054217257148,2.118001949032264,0.3192620801202846,0,0,4,0,1.1329772784640002,4,Typec,Toyota,Food
2026-01-01 15:00:00,6.634054217257148,2.5758398569690044,0.3882753701753716,0,0,4,0,1.1329772784640002,4,Typec,Toyota,Food
2026-01-01 16:00:00,6.634054217257148,2.8740769036542804,0.43323084339255946,0,0,4,0,1.1329772784640002,4,Typec,Toyota,Food
2026-01-01 17:00:00,6.634054217257148,1.5569230698890115,0.23468651580190458,0,0,4,0,1.1329772784640002,4,Typec,Toyota,Food
2026-01-01 18:00:00,6.634054217257148,0.7516232692250627,0.11329772784640002,0,0,4,0,1.1329772784640002,4,Typec,Toyota,Food
2026-01-01 19:00:00,6.634054217257148,3.382304711512782,0.5098397753088001,0,0,4,0,1.1329772784640002,4,Typec,Toyota,Food
2026-01-01 20:00:00,6.634054217257148,2.1336304470408005,0.3216178790777129,0,0,4,0,1.1329772784640002,4,Typec,Toyota,Food
2026-01-01 21:00:00,6.634054217257148,3.382304711512782,0.5098397753088001,0,0,4,0,1.1329772784640002,4,Typec,Toyota,Food
2026-01-01 22:00:00,6.634054217257148,2.901649736658261,0.43738710020038835,0,0,4,0,1.1329772784640002,4,Typec,Toyota,Food
2026-01-01 23:00:00,0.0,0.0,0.0,1,1,4,100,1.0,4,Typec,Toyota,Food
2026-01-02 00:00:00,0.0,0.0,0.0,1,1,4,100,1.0,4,Typec,Toyota,Food
2026-01-02 01:00:00,0.0,0.0,0.0,1,1,4,100,1.0,4,Typec,Toyota,Food
2026-01-02 02:00:00,0.0,0.0,0.0,1,1,4,100,1.0,4,Typec,Toyota,Food
2026-01-02 03:00:00,0.0,0.0,0.0,1,1,4,100,1.0,4,Typec,Toyota,Food
2026-01-02 04:00:00,0.0,0.0,0.0,1,1,4,100,1.0,4,Typec,Toyota,Food
2026-01-02 05:00:00,0.0,0.0,0.0,1,1,4,100,1.0,4,Typec,Toyota,Food
2026-01-02 06:00:00,0.0,0.0,0.0,1,1,4,100,1.0,4,Typec,Toyota,Food
2026-01-02 07:00:00,0.0,0.0,0.0,1,1,4,100,1.0,4,Typec,Toyota,Food
2026-01-02 08:00:00,7.279916948556362,1.300248040010437,0.1786075375857525,0,0,4,0,1.23259004,4,Typec,Toyota,Food
2026-01-02 09:00:00,7.279916948556362,2.8579627510207866,0.39258177960224294,0,0,4,0,1.23259004,4,Typec,Toyota,Food
2026-01-02 10:00:00,7.279916948556362,3.6548118951484057,0.5020403283409943,0,0,4,0,1.23259004,4,Typec,Toyota,Food
2026-01-02 11:00:00,7.279916948556362,2.4216347522905264,0.3326459311834246,0,0,4,0,1.23259004,4,Typec,Toyota,Food
2026-01-02 12:00:00,7.279916948556362,2.3463691657076455,0.3223071337610438,0,0,4,0,1.23259004,4,Typec,Toyota,Food
2026-01-02 13:00:00,7.279916948556362,3.5206667323460485,0.48361358477368493,0,0,4,0,1.23259004,4,Typec,Toyota,Food
2026-01-02 14:00:00,7.279916948556362,1.1238368045330906,0.15437494857080095,0,0,4,0,1.23259004,4,Typec,Toyota,Food
2026-01-02 15:00:00,7.279916948556362,1.7097515205453238,0.2348586574032791,0,0,4,0,1.23259004,4,Typec,Toyota,Food
2026-01-02 16:00:00,7.279916948556362,0.8973153122817766,0.123259004,0,0,4,0,1.23259004,4,Typec,Toyota,Food
2026-01-02 17:00:00,7.279916948556362,1.6704833347984518,0.2294646143085074,0,0,4,0,1.23259004,4,Typec,Toyota,Food
2026-01-02 18:00:00,7.279916948556362,3.3435953119867086,0.4592903099876376,0,0,4,0,1.23259004,4,Typec,Toyota,Food
2026-01-02 19:00:00,7.279916948556362,3.305930164888704,0.45411646702154806,0,0,4,0,1.23259004,4,Typec,Toyota,Food
2026-01-02 20:00:00,7.279916948556362,2.8491065018165984,0.39136524797602096,0,0,4,0,1.23259004,4,Typec,Toyota,Food
2026-01-02 21:00:00,7.279916948556362,3.8172083944168382,0.5243477942662252,0,0,4,0,1.23259004,4,Typec,Toyota,Food
2026-01-02 22:00:00,0.0,0.0,0.0,1,1,4,100,1.0,4,Typec,Toyota,Food
2026-01-02 23:00:00,0.0,0.0,0.0,1,1,4,100,1.0,4,Typec,Toyota,Food
2026-01-03 00:00:00,0.0,0.0,0.0,1,1,4,100,1.0,4,Typec,Toyota,Food
2026-01-03 01:00:00,0.0,0.0,0.0,1,1,4,100,1.0,4,Typec,Toyota,Food
2026-01-03 02:00:00,0.0,0.0,0.0,1,1,4,100,1.0,4,Typec,Toyota,Food
2026-01-03 03:00:00,0.0,0.0,0.0,1,1,4,100,1.0,4,Typec,Toyota,Food
2026-01-03 04:00:00,0.0,0.0,0.0,1,1,4,100,1.0,4,Typec,Toyota,Food
2026-01-03 05:00:00,0.0,0.0,0.0,1,1,4,100,1.0,4,Typec,Toyota,Food
2026-01-03 06:00:00,0.0,0.0,0.0,1,1,4,100,1.0,4,Typec,Toyota,Food
2026-01-03 07:00:00,0.0,0.0,0.0,1,1,4,100,1.0,4,Typec,Toyota,Food
2026-01-03 08:00:00,5.3072989784193645,0.9073032861787504,0.17095386746969474,0,0,4,0,1.209049010004,4,Typec,Toyota,Food
2026-01-03 09:00:00,5.3072989784193645,0.6416784575653173,0.1209049010004,0,0,4,0,1.209049010004,4,Typec,Toyota,Food
2026-01-03 10:00:00,5.3072989784193645,1.4929677194149682,0.28130461944686,0,0,4,0,1.209049010004,4,Typec,Toyota,Food
2026-01-03 11:00:00,5.3072989784193645,1.7808226904792241,0.3355421840225014,0,0,4,0,1.209049010004,4,Typec,Toyota,Food
2026-01-03 12:00:00,5.3072989784193645,0.8012819002963488,0.15097734338211127,0,0,4,0,1.209049010004,4,Typec,Toyota,Food
2026-01-03 13:00:00,5.3072989784193645,2.5132442021753305,0.47354486950796065,0,0,4,0,1.209049010004,4,Typec,Toyota,Food
2026-01-03 14:00:00,5.3072989784193645,1.1813748680962233,0.22259436916969463,0,0,4,0,1.209049010004,4,Typec,Toyota,Food
2026-01-03 15:00:00,5.3072989784193645,0.8252063242064429,0.15548517759446223,0,0,4,0,1.209049010004,4,Typec,Toyota,Food
2026-01-03 16:00:00,5.3072989784193645,2.887553059043928,0.5440720545018,0,0,4,0,1.209049010004,4,Typec,Toyota,Food
2026-01-03 17:00:00,5.3072989784193645,1.1163421291691282,0.21034091610599268,0,0,4,0,1.209049010004,4,Typec,Toyota,Food
2026-01-03 18:00:00,5.3072989784193645,1.0499804659244705,0.19783706744125779,0,0,4,0,1.209049010004,4,Typec,Toyota,Food
2026-01-03 19:00:00,0.0,0.0,0.0,1,1,4,100,1.0,4,Typec,Toyota,Food
2026-01-03 20:00:00,0.0,0.0,0.0,1,1,4,100,1.0,4,Typec,Toyota,Food
2026-01-03 21:00:00,0.0,0.0,0.0,1,1,4,100,1.0,4,Typec,Toyota,Food
2026-01-03 22:00:00,0.0,0.0,0.0,1,1,4,100,1.0,4,Typec,Toyota,Food
2026-01-03 23:00:00,0.0,0.0,0.0,1,1,4,100,1.0,4,Typec,Toyota,Food
2026-01-04 00:00:00,0.0,0.0,0.0,1,1,4,100,1.0,4,Typec,Toyota,Food
2026-01-04 01:00:00,0.0,0.0,0.0,1,1,4,100,1.0,4,Typec,Toyota,Food
2026-01-04 02:00:00,0.0,0.0,0.0,1,1,4,100,1.0,4,Typec,Toyota,Food
2026-01-04 03:00:00,0.0,0.0,0.0,1,1,4,100,1.0,4,Typec,Toyota,Food
2026-01-04 04:00:00,0.0,0.0,0.0,1,1,4,100,1.0,4,Typec,Toyota,Food
2026-01-04 05:00:00,0.0,0.0,0.0,1,1,4,100,1.0,4,Typec,Toyota,Food
2026-01-04 06:00:00,0.0,0.0,0.0,1,1,4,100,1.0,4,Typec,Toyota,Food
2026-01-04 07:00:00,0.0,0.0,0.0,1,1,4,100,1.0,4,Typec,Toyota,Food
2026-01-04 08:00:00,0.0,0.0,0.0,1,1,4,100,1.0,4,Typec,Toyota,Food
2026-01-04 09:00:00,4.609412707193738,0.870811090499593,0.18892018263857144,0,0,4,0,1.3050301525,4,Typec,Toyota,Food
2026-01-04 10:00:00,4.609412707193738,1.7821075497153795,0.38662355985917923,0,0,4,0,1.3050301525,4,Typec,Toyota,Food
2026-01-04 11:00:00,4.609412707193738,2.706940155692017,0.5872635686250001,0,0,4,0,1.3050301525,4,Typec,Toyota,Food
2026-01-04 12:00:00,4.609412707193738,0.9835749857231392,0.21338401401725438,0,0,4,0,1.3050301525,4,Typec,Toyota,Food
2026-01-04 13:00:00,4.609412707193738,2.706940155692017,0.5872635686250001,0,0,4,0,1.3050301525,4,Typec,Toyota,Food
2026-01-04 14:00:00,4.609412707193738,1.3061582943948469,0.2833676169539721,0,0,4,0,1.3050301525,4,Typec,Toyota,Food
2026-01-04 15:00:00,4.609412707193738,1.068188758190442,0.23174075007936687,0,0,4,0,1.3050301525,4,Typec,Toyota,Food
2026-01-04 16:00:00,4.609412707193738,1.266110244970181,0.27467929764549187,0,0,4,0,1.3050301525,4,Typec,Toyota,Food
2026-01-04 17:00:00,4.609412707193738,1.9633030004859529,0.4259334377722132,0,0,4,0,1.3050301525,4,Typec,Toyota,Food
2026-01-04 18:00:00,4.609412707193738,2.706940155692017,0.5872635686250001,0,0,4,0,1.3050301525,4,Typec,Toyota,Food
2026-01-04 19:00:00,0.0,0.0,0.0,1,1,4,100,1.0,4,Typec,Toyota,Food
2026-01-04 20:00:00,0.0,0.0,0.0,1,1,4,100,1.0,4,Typec,Toyota,Food
2026-01-04 21:00:00,0.0,0.0,0.0,1,1,4,100,1.0,4,Typec,Toyota,Food
2026-01-04 22:00:00,0.0,0.0,0.0,1,1,4,100,1.0,4,Typec,Toyota,Food
2026-01-04 23:00:00,0.0,0.0,0.0,1,1,4,100,1.0,4,Typec,Toyota,Food
2026-01-05 00:00:00,0.0,0.0,0.0,1,1,4,100,1.0,4,Typec,Toyota,Food
2026-01-05 01:00:00,0.0,0.0,0.0,1,1,4,100,1.0,4,Typec,Toyota,Food
2026-01-05 02:00:00,0.0,0.0,0.0,1,1,4,100,1.0,4,Typec,Toyota,Food
2026-01-05 03:00:00,0.0,0.0,0.0,1,1,4,100,1.0,4,Typec,Toyota,Food
2026-01-05 04:00:00,0.0,0.0,0.0,1,1,4,100,1.0,4,Typec,Toyota,Food
2026-01-05 05:00:00,0.0,0.0,0.0,1,1,4,100,1.0,4,Typec,Toyota,Food
2026-01-05 06:00:00,0.0,0.0,0.0,1,1,4,100,1.0,4,Typec,Toyota,Food
2026-01-05 07:00:00,0.0,0.0,0.0,1,1,4,100,1.0,4,Typec,Toyota,Food
2026-01-05 08:00:00,4.229778433324086,0.9717811310917753,0.2297475261199615,0,0,4,0,1.226197579604,4,Typec,Toyota,Food
2026-01-05 09:00:00,4.229778433324086,0.5186544077203195,0.12261975796040002,0,0,4,0,1.226197579604,4,Typec,Toyota,Food
2026-01-05 10:00:00,4.229778433324086,1.4710244736070448,0.34777813939795427,0,0,4,0,1.226197579604,4,Typec,Toyota,Food
2026-01-05 11:00:00,4.229778433324086,2.3339448347414375,0.5517889108218,0,0,4,0,1.226197579604,4,Typec,Toyota,Food
2026-01-05 12:00:00,4.229778433324086,1.0747693374688165,0.25409589518952175,0,0,4,0,1.226197579604,4,Typec,Toyota,Food
2026-01-05 13:00:00,4.229778433324086,1.4521822719405897,0.343323484866169,0,0,4,0,1.226197579604,4,Typec,Toyota,Food
2026-01-05 14:00:00,4.229778433324086,1.7179311935603636,0.4061515799564661,0,0,4,0,1.226197579604,4,Typec,Toyota,Food
2026-01-05 15:00:00,4.229778433324086,1.2442514643306892,0.29416469064382184,0,0,4,0,1.226197579604,4,Typec,Toyota,Food
2026-01-05 16:00:00,4.229778433324086,1.8229238132485837,0.4309738304225995,0,0,4,0,1.226197579604,4,Typec,Toyota,Food
2026-01-05 17:00:00,4.229778433324086,0.7838655675807418,0.18532071595171468,0,0,4,0,1.226197579604,4,Typec,Toyota,Food
2026-01-05 18:00:00,4.229778433324086,2.0466176225426715,0.4838592977869722,0,0,4,0,1.226197579604,4,Typec,Toyota,Food
2026-01-05 19:00:00,4.229778433324086,2.128769127127307,0.5032814745935418,0,0,4,0,1.226197579604,4,Typec,Toyota,Food
2026-01-05 20:00:00,4.229778433324086,0.5355697230700923,0.1266188599503545,0,0,4,0,1.226197579604,4,Typec,Toyota,Food
2026-01-05 21:00:00,4.229778433324086,1.7322117310025211,0.40952777038044885,0,0,4,0,1.226197579604,4,Typec,Toyota,Food
2026-01-05 22:00:00,4.229778433324086,0.5186544077203195,0.12261975796040002,0,0,4,0,1.226197579604,4,Typec,Toyota,Food
2026-01-05 23:00:00,0.0,0.0,0.0,1,1,4,100,1.0,4,Typec,Toyota,Food
2026-01-06 00:00:00,0.0,0.0,0.0,1,1,4,100,1.0,4,Typec,Toyota,Food
2026-01-06 01:00:00,0.0,0.0,0.0,1,1,4,100,1.0,4,Typec,Toyota,Food
2026-01-06 02:00:00,0.0,0.0,0.0,1,1,4,100,1.0,4,Typec,Toyota,Food
2026-01-06 03:00:00,0.0,0.0,0.0,1,1,4,100,1.0,4,Typec,Toyota,Food
2026-01-06 04:00:00,0.0,0.0,0.0,1,1,4,100,1.0,4,Typec,Toyota,Food
2026-01-06 05:00:00,0.0,0.0,0.0,1,1,4,100,1.0,4,Typec,Toyota,Food
2026-01-06 06:00:00,0.0,0.0,0.0,1,1,4,100,1.0,4,Typec,Toyota,Food
2026-01-06 07:00:00,0.0,0.0,0.0,1,1,4,100,1.0,4,Typec,Toyota,Food
2026-01-06 08:00:00,4.34411746329395,0.9602141130160774,0.221037787566635,0,0,4,0,1.3306301459840002,4,Typec,Toyota,Food
2026-01-06 09:00:00,4.34411746329395,2.364666942724222,0.5443377078784608,0,0,4,0,1.3306301459840002,4,Typec,Toyota,Food
2026-01-06 10:00:00,4.34411746329395,1.8867638935016386,0.43432616853573525,0,0,4,0,1.3306301459840002,4,Typec,Toyota,Food
2026-01-06 11:00:00,4.34411746329395,2.6011861444595126,0.5987835656928001,0,0,4,0,1.3306301459840002,4,Typec,Toyota,Food
2026-01-06 12:00:00,4.34411746329395,0.5780413654354474,0.13306301459840003,0,0,4,0,1.3306301459840002,4,Typec,Toyota,Food
2026-01-06 13:00:00,4.34411746329395,2.048633990314981,0.4715880745917016,0,0,4,0,1.3306301459840002,4,Typec,Toyota,Food
2026-01-06 14:00:00,4.34411746329395,0.8596058455504667,0.1978781312461717,0,0,4,0,1.3306301459840002,4,Typec,Toyota,Food
2026-01-06 15:00:00,4.34411746329395,1.9113651920815569,0.4399892977645808,0,0,4,0,1.3306301459840002,4,Typec,Toyota,Food
2026-01-06 16:00:00,4.34411746329395,2.3091292215421015,0.5315531269707409,0,0,4,0,1.3306301459840002,4,Typec,Toyota,Food
2026-01-06 17:00:00,4.34411746329395,2.6011861444595126,0.5987835656928001,0,0,4,0,1.3306301459840002,4,Typec,Toyota,Food
2026-01-06 18:00:00,4.34411746329395,2.2448440707634503,0.5167549196658429,0,0,4,0,1.3306301459840002,4,Typec,Toyota,Food
2026-01-06 19:00:00,4.34411746329395,2.0138448833107523,0.463579749011608,0,0,4,0,1.3306301459840002,4,Typec,Toyota,Food
2026-01-06 20:00:00,4.34411746329395,2.159485666417833,0.4971057262296936,0,0,4,0,1.3306301459840002,4,Typec,Toyota,Food
2026-01-06 21:00:00,4.34411746329395,1.9827941982995867,0.4564319945428278,0,0,4,0,1.3306301459840002,4,Typec,Toyota,Food
2026-01-06 22:00:00,4.34411746329395,0.5780413654354474,0.13306301459840003,0,0,4,0,1.3306301459840002,4,Typec,Toyota,Food
2026-01-06 23:00:00,0.0,0.0,0.0,1,1,4,100,1.0,4,Typec,Toyota,Food
2026-01-07 00:00:00,0.0,0.0,0.0,1,1,4,100,1.0,4,Typec,Toyota,Food
2026-01-07 01:00:00,0.0,0.0,0.0,1,1,4,100,1.0,4,Typec,Toyota,Food
2026-01-07 02:00:00,0.0,0.0,0.0,1,1,4,100,1.0,4,Typec,Toyota,Food
2026-01-07 03:00:00,0.0,0.0,0.0,1,1,4,100,1.0,4,Typec,Toyota,Food
2026-01-07 04:00:00,0.0,0.0,0.0,1,1,4,100,1.0,4,Typec,Toyota,Food
2026-01-07 05:00:00,0.0,0.0,0.0,1,1,4,100,1.0,4,Typec,Toyota,Food
2026-01-07 06:00:00,0.0,0.0,0.0,1,1,4,100,1.0,4,Typec,Toyota,Food
2026-01-07 07:00:00,0.0,0.0,0.0,1,1,4,100,1.0,4,Typec,Toyota,Food
2026-01-07 08:00:00,6.790237124911416,2.1477523434783334,0.3163000501998452,0,0,4,0,1.282756305344,4,Typec,Toyota,Food
2026-01-07 09:00:00,6.790237124911416,0.8710219486761033,0.12827563053440003,0,0,4,0,1.282756305344,4,Typec,Toyota,Food
2026-01-07 10:00:00,6.790237124911416,1.6302188916363713,0.2400827631859232,0,0,4,0,1.282756305344,4,Typec,Toyota,Food
2026-01-07 11:00:00,6.790237124911416,1.9660176503577198,0.28953593434093333,0,0,4,0,1.282756305344,4,Typec,Toyota,Food
2026-01-07 12:00:00,6.790237124911416,0.8710219486761033,0.12827563053440003,0,0,4,0,1.282756305344,4,Typec,Toyota,Food
2026-01-07 13:00:00,6.790237124911416,3.1128421459125017,0.45842907819704626,0,0,4,0,1.282756305344,4,Typec,Toyota,Food
2026-01-07 14:00:00,6.790237124911416,0.8710219486761033,0.12827563053440003,0,0,4,0,1.282756305344,4,Typec,Toyota,Food
2026-01-07 15:00:00,6.790237124911416,2.1194772750394537,0.312135973464565,0,0,4,0,1.282756305344,4,Typec,Toyota,Food
2026-01-07 16:00:00,6.790237124911416,3.6256912271604342,0.5339564967265756,0,0,4,0,1.282756305344,4,Typec,Toyota,Food
2026-01-07 17:00:00,6.790237124911416,3.5899340382717506,0.5286905261528085,0,0,4,0,1.282756305344,4,Typec,Toyota,Food
2026-01-07 18:00:00,6.790237124911416,1.60859367342208,0.23689801163505986,0,0,4,0,1.282756305344,4,Typec,Toyota,Food
2026-01-07 19:00:00,6.790237124911416,2.9675096813173902,0.4370259280681754,0,0,4,0,1.282756305344,4,Typec,Toyota,Food
2026-01-07 20:00:00,6.790237124911416,3.919598769042465,0.5772403374048001,0,0,4,0,1.282756305344,4,Typec,Toyota,Food
2026-01-07 21:00:00,6.790237124911416,3.919598769042465,0.5772403374048001,0,0,4,0,1.282756305344,4,Typec,Toyota,Food
2026-01-07 22:00:00,6.790237124911416,3.919598769042465,0.5772403374048001,0,0,4,0,1.282756305344,4,Typec,Toyota,Food
2026-01-07 23:00:00,0.0,0.0,0.0,1,1,4,100,1.0,4,Typec,Toyota,Food
2026-01-08 00:00:00,0.0,0.0,0.0,1,1,4,100,1.0,4,Typec,Toyota,Food
2026-01-08 01:00:00,0.0,0.0,0.0,1,1,4,100,1.0,4,Typec,Toyota,Food
2026-01-08 02:00:00,0.0,0.0,0.0,1,1,4,100,1.0,4,Typec,Toyota,Food
2026-01-08 03:00:00,0.0,0.0,0.0,1,1,4,100,1.0,4,Typec,Toyota,Food
2026-01-08 04:00:00,0.0,0.0,0.0,1,1,4,100,1.0,4,Typec,Toyota,Food
2026-01-08 05:00:00,0.0,0.0,0.0,1,1,4,100,1.0,4,Typec,Toyota,Food
2026-01-08 06:00:00,0.0,0.0,0.0,1,1,4,100,1.0,4,Typec,Toyota,Food
2026-01-08 07:00:00,0.0,0.0,0.0,1,1,4,100,1.0,4,Typec,Toyota,Food
2026-01-08 08:00:00,4.768147676528522,1.2030908918264827,0.2523182949531463,0,0,4,0,1.176585222144,4,Typec,Toyota,Food
2026-01-08 09:00:00,4.768147676528522,1.5740080971501194,0.33010892361792055,0,0,4,0,1.176585222144,4,Typec,Toyota,Food
2026-01-08 10:00:00,4.768147676528522,1.947173613540312,0.40837107942889117,0,0,4,0,1.176585222144,4,Typec,Toyota,Food
2026-01-08 11:00:00,4.768147676528522,2.524559441941669,0.5294633499648,0,0,4,0,1.176585222144,4,Typec,Toyota,Food
2026-01-08 12:00:00,4.768147676528522,1.6361915237821048,0.34315034574880104,0,0,4,0,1.176585222144,4,Typec,Toyota,Food
2026-01-08 13:00:00,4.768147676528522,1.7503720463651782,0.3670968613202741,0,0,4,0,1.176585222144,4,Typec,Toyota,Food
2026-01-08 14:00:00,4.768147676528522,0.579651327472296,0.12156740243714818,0,0,4,0,1.176585222144,4,Typec,Toyota,Food
2026-01-08 15:00:00,4.768147676528522,2.4883810263564463,0.521875830022137,0,0,4,0,1.176585222144,4,Typec,Toyota,Food
2026-01-08 16:00:00,4.768147676528522,1.1374763187922612,0.23855727547860003,0,0,4,0,1.176585222144,4,Typec,Toyota,Food
2026-01-08 17:00:00,4.768147676528522,1.0263621237679024,0.2152538456013492,0,0,4,0,1.176585222144,4,Typec,Toyota,Food
2026-01-08 18:00:00,4.768147676528522,0.6761536841332171,0.14180636381327327,0,0,4,0,1.176585222144,4,Typec,Toyota,Food
2026-01-08 19:00:00,4.768147676528522,1.6337864696804503,0.342645945662056,0,0,4,0,1.176585222144,4,Typec,Toyota,Food
2026-01-08 20:00:00,4.768147676528522,2.1943560811538383,0.46021143429673556,0,0,4,0,1.176585222144,4,Typec,Toyota,Food
2026-01-08 21:00:00,4.768147676528522,2.524559441941669,0.5294633499648,0,0,4,0,1.176585222144,4,Typec,Toyota,Food
2026-01-08 22:00:00,0.0,0.0,0.0,1,1,4,100,1.0,4,Typec,Toyota,Food
2026-01-08 23:00:00,0.0,0.0,0.0,1,1,4,100,1.0,4,Typec,Toyota,Food
2026-01-09 00:00:00,0.0,0.0,0.0,1,1,4,100,1.0,4,Typec,Toyota,Food
2026-01-09 01:00:00,0.0,0.0,0.0,1,1,4,100,1.0,4,Typec,Toyota,Food
2026-01-09 02:00:00,0.0,0.0,0.0,1,1,4,100,1.0,4,Typec,Toyota,Food
2026-01-09 03:00:00,0.0,0.0,0.0,1,1,4,100,1.0,4,Typec,Toyota,Food
2026-01-09 04:00:00,0.0,0.0,0.0,1,1,4,100,1.0,4,Typec,Toyota,Food
2026-01-09 05:00:00,0.0,0.0,0.0,1,1,4,100,1.0,4,Typec,Toyota,Food
2026-01-09 06:00:00,0.0,0.0,0.0,1,1,4,100,1.0,4,Typec,Toyota,Food
2026-01-09 07:00:00,0.0,0.0,0.0,1,1,4,100,1.0,4,Typec,Toyota,Food
2026-01-09 08:00:00,5.1934292188190385,2.2702239043914942,0.43713388759878635,0,0,4,0,1.137342385344,4,Typec,Toyota,Food
2026-01-09 09:00:00,5.1934292188190385,2.05331866543897,0.3953685664952386,0,0,4,0,1.137342385344,4,Typec,Toyota,Food
2026-01-09 10:00:00,5.1934292188190385,2.054045378056686,0.3955084957379598,0,0,4,0,1.137342385344,4,Typec,Toyota,Food
2026-01-09 11:00:00,5.1934292188190385,0.5906707175846871,0.1137342385344,0,0,4,0,1.137342385344,4,Typec,Toyota,Food
2026-01-09 12:00:00,5.1934292188190385,0.8364283651117701,0.1610551198196497,0,0,4,0,1.137342385344,4,Typec,Toyota,Food
2026-01-09 13:00:00,5.1934292188190385,2.1126936231916775,0.406801274105377,0,0,4,0,1.137342385344,4,Typec,Toyota,Food
2026-01-09 14:00:00,5.1934292188190385,2.030820663602373,0.3910365536981694,0,0,4,0,1.137342385344,4,Typec,Toyota,Food
2026-01-09 15:00:00,5.1934292188190385,0.5906707175846871,0.1137342385344,0,0,4,0,1.137342385344,4,Typec,Toyota,Food
2026-01-09 16:00:00,5.1934292188190385,1.544858391788852,0.29746403131689275,0,0,4,0,1.137342385344,4,Typec,Toyota,Food
2026-01-09 17:00:00,5.1934292188190385,0.5906707175846871,0.1137342385344,0,0,4,0,1.137342385344,4,Typec,Toyota,Food
2026-01-09 18:00:00,5.1934292188190385,0.5906707175846871,0.1137342385344,0,0,4,0,1.137342385344,4,Typec,Toyota,Food
2026-01-09 19:00:00,5.1934292188190385,2.45055661698089,0.4718571321047359,0,0,4,0,1.137342385344,4,Typec,Toyota,Food
2026-01-09 20:00:00,5.1934292188190385,1.1787132952830839,0.22696242610024783,0,0,4,0,1.137342385344,4,Typec,Toyota,Food
2026-01-09 21:00:00,5.1934292188190385,1.5196318094286971,0.2926066276059221,0,0,4,0,1.137342385344,4,Typec,Toyota,Food
2026-01-09 22:00:00,0.0,0.0,0.0,1,1,4,100,1.0,4,Typec,Toyota,Food
2026-01-09 23:00:00,0.0,0.0,0.0,1,1,4,100,1.0,4,Typec,Toyota,Food
2026-01-10 00:00:00,0.0,0.0,0.0,1,1,4,100,1.0,4,Typec,Toyota,Food
2026-01-10 01:00:00,0.0,0.0,0.0,1,1,4,100,1.0,4,Typec,Toyota,Food
2026-01-10 02:00:00,0.0,0.0,0.0,1,1,4,100,1.0,4,Typec,Toyota,Food
2026-01-10 03:00:00,0.0,0.0,0.0,1,1,4,100,1.0,4,Typec,Toyota,Food
2026-01-10 04:00:00,0.0,0.0,0.0,1,1,4,100,1.0,4,Typec,Toyota,Food
2026-01-10 05:00:00,0.0,0.0,0.0,1,1,4,100,1.0,4,Typec,Toyota,Food
2026-01-10 06:00:00,0.0,0.0,0.0,1,1,4,100,1.0,4,Typec,Toyota,Food
2026-01-10 07:00:00,0.0,0.0,0.0,1,1,4,100,1.0,4,Typec,Toyota,Food
2026-01-10 08:00:00,2.5531914893617023,1.0595000961729837,0.41497087100108526,0,0,4,0,1.18961004,4,Typec,Toyota,Food
2026-01-10 09:00:00,2.5531914893617023,0.30373022297872343,0.11896100400000001,0,0,4,0,1.18961004,4,Typec,Toyota,Food
2026-01-10 10:00:00,2.5531914893617023,0.702780519291576,0.27525570338920063,0,0,4,0,1.18961004,4,Typec,Toyota,Food
2026-01-10 11:00:00,2.5531914893617023,0.30373022297872343,0.11896100400000001,0,0,4,0,1.18961004,4,Typec,Toyota,Food
2026-01-10 12:00:00,2.5531914893617023,0.7586367067807354,0.297132710155788,0,0,4,0,1.18961004,4,Typec,Toyota,Food
2026-01-10 13:00:00,2.5531914893617023,0.8318296562712232,0.3257999487062291,0,0,4,0,1.18961004,4,Typec,Toyota,Food
2026-01-10 14:00:00,2.5531914893617023,1.1709503795891827,0.4586222320057632,0,0,4,0,1.18961004,4,Typec,Toyota,Food
2026-01-10 15:00:00,2.5531914893617023,0.9343916140614579,0.3659700488407377,0,0,4,0,1.18961004,4,Typec,Toyota,Food
2026-01-10 16:00:00,2.5531914893617023,0.4740860470073384,0.18568370174454085,0,0,4,0,1.18961004,4,Typec,Toyota,Food
2026-01-10 17:00:00,2.5531914893617023,0.30373022297872343,0.11896100400000001,0,0,4,0,1.18961004,4,Typec,Toyota,Food
2026-01-10 18:00:00,2.5531914893617023,0.795518978302766,0.31157826650191667,0,0,4,0,1.18961004,4,Typec,Toyota,Food
2026-01-10 19:00:00,2.5531914893617023,1.3667860034042554,0.535324518,0,0,4,0,1.18961004,4,Typec,Toyota,Food
2026-01-10 20:00:00,0.0,0.0,0.0,1,1,4,100,1.0,4,Typec,Toyota,Food
2026-01-10 21:00:00,0.0,0.0,0.0,1,1,4,100,1.0,4,Typec,Toyota,Food
2026-01-10 22:00:00,0.0,0.0,0.0,1,1,4,100,1.0,4,Typec,Toyota,Food
2026-01-10 23:00:00,0.0,0.0,0.0,1,1,4,100,1.0,4,Typec,Toyota,Food
2026-01-11 00:00:00,0.0,0.0,0.0,1,1,4,100,1.0,4,Typec,Toyota,Food
2026-01-11 01:00:00,0.0,0.0,0.0,1,1,4,100,1.0,4,Typec,Toyota,Food
2026-01-11 02:00:00,0.0,0.0,0.0,1,1,4,100,1.0,4,Typec,Toyota,Food
2026-01-11 03:00:00,0.0,0.0,0.0,1,1,4,100,1.0,4,Typec,Toyota,Food
2026-01-11 04:00:00,0.0,0.0,0.0,1,1,4,100,1.0,4,Typec,Toyota,Food
2026-01-11 05:00:00,0.0,0.0,0.0,1,1,4,100,1.0,4,Typec,Toyota,Food
2026-01-11 06:00:00,0.0,0.0,0.0,1,1,4,100,1.0,4,Typec,Toyota,Food
2026-01-11 07:00:00,0.0,0.0,0.0,1,1,4,100,1.0,4,Typec,Toyota,Food
2026-01-11 08:00:00,3.181954468440111,0.9763887021436642,0.30685187730618885,0,0,4,0,1.122069513044,4,Typec,Toyota,Food
2026-01-11 09:00:00,3.181954468440111,1.052028983238862,0.3306235188697085,0,0,4,0,1.122069513044,4,Typec,Toyota,Food
2026-01-11 10:00:00,3.181954468440111,0.8908080097621116,0.2799562402911479,0,0,4,0,1.122069513044,4,Typec,Toyota,Food
2026-01-11 11:00:00,3.181954468440111,1.3046480489792127,0.41001468183131806,0,0,4,0,1.122069513044,4,Typec,Toyota,Food
2026-01-11 12:00:00,3.181954468440111,1.1841831790499808,0.3721559157414665,0,0,4,0,1.122069513044,4,Typec,Toyota,Food
2026-01-11 13:00:00,3.181954468440111,0.8062824864895439,0.25339221364937,0,0,4,0,1.122069513044,4,Typec,Toyota,Food
2026-01-11 14:00:00,3.181954468440111,0.975346753734328,0.3065244218319919,0,0,4,0,1.122069513044,4,Typec,Toyota,Food
2026-01-11 15:00:00,3.181954468440111,1.1624641128839617,0.3653302158826416,0,0,4,0,1.122069513044,4,Typec,Toyota,Food
2026-01-11 16:00:00,3.181954468440111,0.915996399906616,0.28787225241336173,0,0,4,0,1.122069513044,4,Typec,Toyota,Food
2026-01-11 17:00:00,3.181954468440111,0.6545190979171392,0.2056971915874095,0,0,4,0,1.122069513044,4,Typec,Toyota,Food
2026-01-11 18:00:00,3.181954468440111,0.7284664478685806,0.22893679186606863,0,0,4,0,1.122069513044,4,Typec,Toyota,Food
2026-01-11 19:00:00,0.0,0.0,0.0,1,1,4,100,1.0,4,Typec,Toyota,Food
2026-01-11 20:00:00,0.0,0.0,0.0,1,1,4,100,1.0,4,Typec,Toyota,Food
2026-01-11 21:00:00,0.0,0.0,0.0,1,1,4,100,1.0,4,Typec,Toyota,Food
2026-01-11 22:00:00,0.0,0.0,0.0,1,1,4,100,1.0,4,Typec,Toyota,Food
2026-01-11 23:00:00,0.0,0.0,0.0,1,1,4,100,1.0,4,Typec,Toyota,Food
2026-01-12 00:00:00,0.0,0.0,0.0,1,1,4,100,1.0,4,Typec,Toyota,Food
2026-01-12 01:00:00,0.0,0.0,0.0,1,1,4,100,1.0,4,Typec,Toyota,Food
2026-01-12 02:00:00,0.0,0.0,0.0,1,1,4,100,1.0,4,Typec,Toyota,Food
2026-01-12 03:00:00,0.0,0.0,0.0,1,1,4,100,1.0,4,Typec,Toyota,Food
2026-01-12 04:00:00,0.0,0.0,0.0,1,1,4,100,1.0,4,Typec,Toyota,Food
2026-01-12 05:00:00,0.0,0.0,0.0,1,1,4,100,1.0,4,Typec,Toyota,Food
2026-01-12 06:00:00,0.0,0.0,0.0,1,1,4,100,1.0,4,Typec,Toyota,Food
2026-01-12 07:00:00,0.0,0.0,0.0,1,1,4,100,1.0,4,Typec,Toyota,Food
2026-01-12 08:00:00,4.951893693616437,0.5545572894850047,0.1119889326784,0,0,4,0,1.119889326784,4,Typec,Toyota,Food
2026-01-12 09:00:00,4.951893693616437,0.8681090163765482,0.17530849208165375,0,0,4,0,1.119889326784,4,Typec,Toyota,Food
2026-01-12 10:00:00,4.951893693616437,1.1324553768351064,0.22869137483604954,0,0,4,0,1.119889326784,4,Typec,Toyota,Food
2026-01-12 11:00:00,4.951893693616437,0.5996427684593064,0.12109362711730166,0,0,4,0,1.119889326784,4,Typec,Toyota,Food
2026-01-12 12:00:00,4.951893693616437,1.73540819017066,0.35045344216653956,0,0,4,0,1.119889326784,4,Typec,Toyota,Food
2026-01-12 13:00:00,4.951893693616437,0.5545572894850047,0.1119889326784,0,0,4,0,1.119889326784,4,Typec,Toyota,Food
2026-01-12 14:00:00,4.951893693616437,1.5575210943758495,0.3145303980139303,0,0,4,0,1.119889326784,4,Typec,Toyota,Food
2026-01-12 15:00:00,4.951893693616437,1.685365275467694,0.34034762855275436,0,0,4,0,1.119889326784,4,Typec,Toyota,Food
2026-01-12 16:00:00,4.951893693616437,1.9247930646140279,0.38869838161011183,0,0,4,0,1.119889326784,4,Typec,Toyota,Food
2026-01-12 17:00:00,4.951893693616437,1.764250817583868,0.35627800731227144,0,0,4,0,1.119889326784,4,Typec,Toyota,Food
2026-01-12 18:00:00,4.951893693616437,1.8878794613995076,0.3812439398352195,0,0,4,0,1.119889326784,4,Typec,Toyota,Food
2026-01-12 19:00:00,4.951893693616437,2.4955078026825213,0.5039501970528,0,0,4,0,1.119889326784,4,Typec,Toyota,Food
2026-01-12 20:00:00,4.951893693616437,0.5545572894850047,0.1119889326784,0,0,4,0,1.119889326784,4,Typec,Toyota,Food
2026-01-12 21:00:00,0.0,0.0,0.0,1,1,4,100,1.0,4,Typec,Toyota,Food
2026-01-12 22:00:00,0.0,0.0,0.0,1,1,4,100,1.0,4,Typec,Toyota,Food
2026-01-12 23:00:00,0.0,0.0,0.0,1,1,4,100,1.0,4,Typec,Toyota,Food
2026-01-13 00:00:00,0.0,0.0,0.0,1,1,4,100,1.0,4,Typec,Toyota,Food
2026-01-13 01:00:00,0.0,0.0,0.0,1,1,4,100,1.0,4,Typec,Toyota,Food
2026-01-13 02:00:00,0.0,0.0,0.0,1,1,4,100,1.0,4,Typec,Toyota,Food
2026-01-13 03:00:00,0.0,0.0,0.0,1,1,4,100,1.0,4,Typec,Toyota,Food
2026-01-13 04:00:00,0.0,0.0,0.0,1,1,4,100,1.0,4,Typec,Toyota,Food
2026-01-13 05:00:00,0.0,0.0,0.0,1,1,4,100,1.0,4,Typec,Toyota,Food
2026-01-13 06:00:00,0.0,0.0,0.0,1,1,4,100,1.0,4,Typec,Toyota,Food
2026-01-13 07:00:00,0.0,0.0,0.0,1,1,4,100,1.0,4,Typec,Toyota,Food
2026-01-13 08:00:00,0.0,0.0,0.0,1,1,4,100,1.0,4,Typec,Toyota,Food
2026-01-13 09:00:00,4.162431439411518,1.6591989051256029,0.39861290913182695,0,0,4,0,1.12425024,4,Typec,Toyota,Food
2026-01-13 10:00:00,4.162431439411518,0.4679614544741945,0.11242502400000001,0,0,4,0,1.12425024,4,Typec,Toyota,Food
2026-01-13 11:00:00,4.162431439411518,2.064394082595042,0.4959586992949738,0,0,4,0,1.12425024,4,Typec,Toyota,Food
2026-01-13 12:00:00,4.162431439411518,0.7585675367474185,0.18224144896778513,0,0,4,0,1.12425024,4,Typec,Toyota,Food
2026-01-13 13:00:00,4.162431439411518,1.3882134557751158,0.3335102273711878,0,0,4,0,1.12425024,4,Typec,Toyota,Food
2026-01-13 14:00:00,4.162431439411518,0.4679614544741945,0.11242502400000001,0,0,4,0,1.12425024,4,Typec,Toyota,Food
2026-01-13 15:00:00,4.162431439411518,1.0938297049637538,0.262786239457772,0,0,4,0,1.12425024,4,Typec,Toyota,Food
2026-01-13 16:00:00,4.162431439411518,1.211522650700779,0.29106128673486653,0,0,4,0,1.12425024,4,Typec,Toyota,Food
2026-01-13 17:00:00,4.162431439411518,2.105826545133875,0.505912608,0,0,4,0,1.12425024,4,Typec,Toyota,Food
2026-01-13 18:00:00,4.162431439411518,2.105826545133875,0.505912608,0,0,4,0,1.12425024,4,Typec,Toyota,Food
2026-01-13 19:00:00,4.162431439411518,1.3778462176259068,0.3310195585637576,0,0,4,0,1.12425024,4,Typec,Toyota,Food
2026-01-13 20:00:00,4.162431439411518,1.6411808506082803,0.39428417608730865,0,0,4,0,1.12425024,4,Typec,Toyota,Food
2026-01-13 21:00:00,4.162431439411518,1.88537587479951,0.4529506136600927,0,0,4,0,1.12425024,4,Typec,Toyota,Food
2026-01-13 22:00:00,0.0,0.0,0.0,1,1,4,100,1.0,4,Typec,Toyota,Food
2026-01-13 23:00:00,0.0,0.0,0.0,1,1,4,100,1.0,4,Typec,Toyota,Food
2026-01-14 00:00:00,0.0,0.0,0.0,1,1,4,100,1.0,4,Typec,Toyota,Food
2026-01-14 01:00:00,0.0,0.0,0.0,1,1,4,100,1.0,4,Typec,Toyota,Food
2026-01-14 02:00:00,0.0,0.0,0.0,1,1,4,100,1.0,4,Typec,Toyota,Food
2026-01-14 03:00:00,0.0,0.0,0.0,1,1,4,100,1.0,4,Typec,Toyota,Food
2026-01-14 04:00:00,0.0,0.0,0.0,1,1,4,100,1.0,4,Typec,Toyota,Food
2026-01-14 05:00:00,0.0,0.0,0.0,1,1,4,100,1.0,4,Typec,Toyota,Food
2026-01-14 06:00:00,0.0,0.0,0.0,1,1,4,100,1.0,4,Typec,Toyota,Food
2026-01-14 07:00:00,6.075005933072375,2.3296497718366505,0.38348106940176313,0,0,4,0,1.102475,4,Typec,Toyota,Food
2026-01-14 08:00:00,6.075005933072375,2.112524444951581,0.34774030975854414,0,0,4,0,1.102475,4,Typec,Toyota,Food
2026-01-14 09:00:00,6.075005933072375,2.203343405886179,0.3626899183573077,0,0,4,0,1.102475,4,Typec,Toyota,Food
2026-01-14 10:00:00,6.075005933072375,0.6697542166063967,0.11024750000000001,0,0,4,0,1.102475,4,Typec,Toyota,Food
2026-01-14 11:00:00,6.075005933072375,2.5975152228474436,0.4275741046945407,0,0,4,0,1.102475,4,Typec,Toyota,Food
2026-01-14 12:00:00,6.075005933072375,2.4907829012265577,0.41000501541351886,0,0,4,0,1.102475,4,Typec,Toyota,Food
2026-01-14 13:00:00,6.075005933072375,1.7043689259407535,0.2805542817106,0,0,4,0,1.102475,4,Typec,Toyota,Food
2026-01-14 14:00:00,6.075005933072375,1.0532244310300447,0.1733701073930288,0,0,4,0,1.102475,4,Typec,Toyota,Food
2026-01-14 15:00:00,6.075005933072375,0.6697542166063967,0.11024750000000001,0,0,4,0,1.102475,4,Typec,Toyota,Food
2026-01-14 16:00:00,6.075005933072375,0.6697542166063967,0.11024750000000001,0,0,4,0,1.102475,4,Typec,Toyota,Food
2026-01-14 17:00:00,6.075005933072375,1.1730273674855565,0.19309073610934058,0,0,4,0,1.102475,4,Typec,Toyota,Food
2026-01-14 18:00:00,6.075005933072375,2.8315054645238273,0.4660909792876236,0,0,4,0,1.102475,4,Typec,Toyota,Food
2026-01-14 19:00:00,6.075005933072375,0.6697542166063967,0.11024750000000001,0,0,4,0,1.102475,4,Typec,Toyota,Food
2026-01-14 20:00:00,6.075005933072375,1.924246662925036,0.3167481125326025,0,0,4,0,1.102475,4,Typec,Toyota,Food
2026-01-14 21:00:00,6.075005933072375,0.7763655903224487,0.12779668018032853,0,0,4,0,1.102475,4,Typec,Toyota,Food
2026-01-14 22:00:00,0.0,0.0,0.0,1,1,4,100,1.0,4,Typec,Toyota,Food
2026-01-14 23:00:00,0.0,0.0,0.0,1,1,4,100,1.0,4,Typec,Toyota,Food
2026-01-01 00:00:00,0.0,0.0,0.0,1,1,5,100,1.0,5,Typec,Toyota,Food
2026-01-01 01:00:00,0.0,0.0,0.0,1,1,5,100,1.0,5,Typec,Toyota,Food
2026-01-01 02:00:00,0.0,0.0,0.0,1,1,5,100,1.0,5,Typec,Toyota,Food
2026-01-01 03:00:00,0.0,0.0,0.0,1,1,5,100,1.0,5,Typec,Toyota,Food
2026-01-01 04:00:00,0.0,0.0,0.0,1,1,5,100,1.0,5,Typec,Toyota,Food
2026-01-01 05:00:00,0.0,0.0,0.0,1,1,5,100,1.0,5,Typec,Toyota,Food
2026-01-01 06:00:00,0.0,0.0,0.0,1,1,5,100,1.0,5,Typec,Toyota,Food
2026-01-01 07:00:00,0.0,0.0,0.0,1,1,5,100,1.0,5,Typec,Toyota,Food
2026-01-01 08:00:00,7.525131126127354,0.8525802583364507,0.11329772784640002,0,0,5,0,1.1329772784640002,5,Typec,Toyota,Food
2026-01-01 09:00:00,7.525131126127354,2.734307570839765,0.36335680070028453,0,0,5,0,1.1329772784640002,5,Typec,Toyota,Food
2026-01-01 10:00:00,7.525131126127354,1.259779484878693,0.16740963895030642,0,0,5,0,1.1329772784640002,5,Typec,Toyota,Food
2026-01-01 11:00:00,7.525131126127354,1.5736867767599034,0.20912416679305987,0,0,5,0,1.1329772784640002,5,Typec,Toyota,Food
2026-01-01 12:00:00,7.525131126127354,2.7651929899257337,0.36746110381052993,0,0,5,0,1.1329772784640002,5,Typec,Toyota,Food
2026-01-01 13:00:00,7.525131126127354,3.4102246773208527,0.45317810682135595,0,0,5,0,1.1329772784640002,5,Typec,Toyota,Food
2026-01-01 14:00:00,7.525131126127354,3.16402997188927,0.420461772540244,0,0,5,0,1.1329772784640002,5,Typec,Toyota,Food
2026-01-01 15:00:00,7.525131126127354,3.0878772387154814,0.4103419843402238,0,0,5,0,1.1329772784640002,5,Typec,Toyota,Food
2026-01-01 16:00:00,7.525131126127354,1.245297188765805,0.16548511486293133,0,0,5,0,1.1329772784640002,5,Typec,Toyota,Food
2026-01-01 17:00:00,7.525131126127354,2.031738430911719,0.2699937578306771,0,0,5,0,1.1329772784640002,5,Typec,Toyota,Food
2026-01-01 18:00:00,7.525131126127354,1.7194947010991821,0.22850029750698614,0,0,5,0,1.1329772784640002,5,Typec,Toyota,Food
2026-01-01 19:00:00,7.525131126127354,3.346780398607063,0.44474712035076663,0,0,5,0,1.1329772784640002,5,Typec,Toyota,Food
2026-01-01 20:00:00,7.525131126127354,1.3191243473454575,0.17529586199042305,0,0,5,0,1.1329772784640002,5,Typec,Toyota,Food
2026-01-01 21:00:00,7.525131126127354,2.934231148379325,0.3899242550327975,0,0,5,0,1.1329772784640002,5,Typec,Toyota,Food
2026-01-01 22:00:00,7.525131126127354,0.8525802583364507,0.11329772784640002,0,0,5,0,1.1329772784640002,5,Typec,Toyota,Food
2026-01-01 23:00:00,0.0,0.0,0.0,1,1,5,100,1.0,5,Typec,Toyota,Food
2026-01-02 00:00:00,0.0,0.0,0.0,1,1,5,100,1.0,5,Typec,Toyota,Food
2026-01-02 01:00:00,0.0,0.0,0.0,1,1,5,100,1.0,5,Typec,Toyota,Food
2026-01-02 02:00:00,0.0,0.0,0.0,1,1,5,100,1.0,5,Typec,Toyota,Food
2026-01-02 03:00:00,0.0,0.0,0.0,1,1,5,100,1.0,5,Typec,Toyota,Food
2026-01-02 04:00:00,0.0,0.0,0.0,1,1,5,100,1.0,5,Typec,Toyota,Food
2026-01-02 05:00:00,0.0,0.0,0.0,1,1,5,100,1.0,5,Typec,Toyota,Food
2026-01-02 06:00:00,0.0,0.0,0.0,1,1,5,100,1.0,5,Typec,Toyota,Food
2026-01-02 07:00:00,6.530498935808175,0.8049427944507757,0.123259004,0,0,5,0,1.23259004,5,Typec,Toyota,Food
2026-01-02 08:00:00,6.530498935808175,1.8569897063863252,0.28435648250458145,0,0,5,0,1.23259004,5,Typec,Toyota,Food
2026-01-02 09:00:00,6.530498935808175,1.3522988466845716,0.20707435373270133,0,0,5,0,1.23259004,5,Typec,Toyota,Food
2026-01-02 10:00:00,6.530498935808175,0.944355963489682,0.1446070159067891,0,0,5,0,1.23259004,5,Typec,Toyota,Food
2026-01-02 11:00:00,6.530498935808175,0.8049427944507757,0.123259004,0,0,5,0,1.23259004,5,Typec,Toyota,Food
2026-01-02 12:00:00,6.530498935808175,2.539885107579923,0.38892665515236047,0,0,5,0,1.23259004,5,Typec,Toyota,Food
2026-01-02 13:00:00,6.530498935808175,1.61131953567682,0.2467375849097222,0,0,5,0,1.23259004,5,Typec,Toyota,Food
2026-01-02 14:00:00,6.530498935808175,2.753592138892326,0.4216511121062695,0,0,5,0,1.23259004,5,Typec,Toyota,Food
2026-01-02 15:00:00,6.530498935808175,2.685568774727762,0.4112348537417551,0,0,5,0,1.23259004,5,Typec,Toyota,Food
2026-01-02 16:00:00,6.530498935808175,3.04411213542238,0.46613775843846145,0,0,5,0,1.23259004,5,Typec,Toyota,Food
2026-01-02 17:00:00,6.530498935808175,1.4065237293602144,0.21537768295894402,0,0,5,0,1.23259004,5,Typec,Toyota,Food
2026-01-02 18:00:00,6.530498935808175,1.9035513083759026,0.2914863515157025,0,0,5,0,1.23259004,5,Typec,Toyota,Food
2026-01-02 19:00:00,6.530498935808175,2.8866506927387836,0.44202605667855444,0,0,5,0,1.23259004,5,Typec,Toyota,Food
2026-01-02 20:00:00,6.530498935808175,2.58335082363771,0.3955824584049198,0,0,5,0,1.23259004,5,Typec,Toyota,Food
2026-01-02 21:00:00,6.530498935808175,1.7945147505880976,0.27478983891236475,0,0,5,0,1.23259004,5,Typec,Toyota,Food
2026-01-02 22:00:00,0.0,0.0,0.0,1,1,5,100,1.0,5,Typec,Toyota,Food
2026-01-02 23:00:00,0.0,0.0,0.0,1,1,5,100,1.0,5,Typec,Toyota,Food
2026-01-03 00:00:00,0.0,0.0,0.0,1,1,5,100,1.0,5,Typec,Toyota,Food
2026-01-03 01:00:00,0.0,0.0,0.0,1,1,5,100,1.0,5,Typec,Toyota,Food
2026-01-03 02:00:00,0.0,0.0,0.0,1,1,5,100,1.0,5,Typec,Toyota,Food
2026-01-03 03:00:00,0.0,0.0,0.0,1,1,5,100,1.0,5,Typec,Toyota,Food
2026-01-03 04:00:00,0.0,0.0,0.0,1,1,5,100,1.0,5,Typec,Toyota,Food
2026-01-03 05:00:00,0.0,0.0,0.0,1,1,5,100,1.0,5,Typec,Toyota,Food
2026-01-03 06:00:00,0.0,0.0,0.0,1,1,5,100,1.0,5,Typec,Toyota,Food
2026-01-03 07:00:00,0.0,0.0,0.0,1,1,5,100,1.0,5,Typec,Toyota,Food
2026-01-03 08:00:00,0.0,0.0,0.0,1,1,5,100,1.0,5,Typec,Toyota,Food
2026-01-03 09:00:00,6.650655311787014,0.8040968220593934,0.1209049010004,0,0,5,0,1.209049010004,5,Typec,Toyota,Food
2026-01-03 10:00:00,6.650655311787014,2.2910827611655176,0.34448977638414247,0,0,5,0,1.209049010004,5,Typec,Toyota,Food
2026-01-03 11:00:00,6.650655311787014,0.8569868081052133,0.1288574986868389,0,0,5,0,1.209049010004,5,Typec,Toyota,Food
2026-01-03 12:00:00,6.650655311787014,1.6634116469210907,0.2501124429006284,0,0,5,0,1.209049010004,5,Typec,Toyota,Food
2026-01-03 13:00:00,6.650655311787014,3.102116258720406,0.46643768370050664,0,0,5,0,1.209049010004,5,Typec,Toyota,Food
2026-01-03 14:00:00,6.650655311787014,0.8040968220593934,0.1209049010004,0,0,5,0,1.209049010004,5,Typec,Toyota,Food
2026-01-03 15:00:00,6.650655311787014,2.9454655275385675,0.4428835038734143,0,0,5,0,1.209049010004,5,Typec,Toyota,Food
2026-01-03 16:00:00,6.650655311787014,2.2865159581640193,0.3438031067572555,0,0,5,0,1.209049010004,5,Typec,Toyota,Food
2026-01-03 17:00:00,6.650655311787014,1.65257575771133,0.24848314643257116,0,0,5,0,1.209049010004,5,Typec,Toyota,Food
2026-01-03 18:00:00,6.650655311787014,0.9338529525370958,0.1404151784685067,0,0,5,0,1.209049010004,5,Typec,Toyota,Food
2026-01-03 19:00:00,0.0,0.0,0.0,1,1,5,100,1.0,5,Typec,Toyota,Food
2026-01-03 20:00:00,0.0,0.0,0.0,1,1,5,100,1.0,5,Typec,Toyota,Food
2026-01-03 21:00:00,0.0,0.0,0.0,1,1,5,100,1.0,5,Typec,Toyota,Food
2026-01-03 22:00:00,0.0,0.0,0.0,1,1,5,100,1.0,5,Typec,Toyota,Food
2026-01-03 23:00:00,0.0,0.0,0.0,1,1,5,100,1.0,5,Typec,Toyota,Food
2026-01-04 00:00:00,0.0,0.0,0.0,1,1,5,100,1.0,5,Typec,Toyota,Food
2026-01-04 01:00:00,0.0,0.0,0.0,1,1,5,100,1.0,5,Typec,Toyota,Food
2026-01-04 02:00:00,0.0,0.0,0.0,1,1,5,100,1.0,5,Typec,Toyota,Food
2026-01-04 03:00:00,0.0,0.0,0.0,1,1,5,100,1.0,5,Typec,Toyota,Food
2026-01-04 04:00:00,0.0,0.0,0.0,1,1,5,100,1.0,5,Typec,Toyota,Food
2026-01-04 05:00:00,0.0,0.0,0.0,1,1,5,100,1.0,5,Typec,Toyota,Food
2026-01-04 06:00:00,0.0,0.0,0.0,1,1,5,100,1.0,5,Typec,Toyota,Food
2026-01-04 07:00:00,0.0,0.0,0.0,1,1,5,100,1.0,5,Typec,Toyota,Food
2026-01-04 08:00:00,3.012028209615497,1.076116813466387,0.3572731523665774,0,0,5,0,1.3050301525,5,Typec,Toyota,Food
2026-01-04 09:00:00,3.012028209615497,1.7017000202799077,0.5649681549619815,0,0,5,0,1.3050301525,5,Typec,Toyota,Food
2026-01-04 10:00:00,3.012028209615497,0.7697213306661077,0.2555491771985652,0,0,5,0,1.3050301525,5,Typec,Toyota,Food
2026-01-04 11:00:00,3.012028209615497,0.39307876337288145,0.13050301525000002,0,0,5,0,1.3050301525,5,Typec,Toyota,Food
2026-01-04 12:00:00,3.012028209615497,0.5359211362536014,0.17792699767643108,0,0,5,0,1.3050301525,5,Typec,Toyota,Food
2026-01-04 13:00:00,3.012028209615497,1.2575925354606448,0.4175234917939842,0,0,5,0,1.3050301525,5,Typec,Toyota,Food
2026-01-04 14:00:00,3.012028209615497,1.4079989227136633,0.46745874365280354,0,0,5,0,1.3050301525,5,Typec,Toyota,Food
2026-01-04 15:00:00,3.012028209615497,0.4181625086335335,0.13883087392694587,0,0,5,0,1.3050301525,5,Typec,Toyota,Food
2026-01-04 16:00:00,3.012028209615497,1.4022883941814634,0.46556283560188627,0,0,5,0,1.3050301525,5,Typec,Toyota,Food
2026-01-04 17:00:00,3.012028209615497,0.9580974307126431,0.31809045733836266,0,0,5,0,1.3050301525,5,Typec,Toyota,Food
2026-01-04 18:00:00,3.012028209615497,0.6305616519948916,0.20934785736133144,0,0,5,0,1.3050301525,5,Typec,Toyota,Food
2026-01-04 19:00:00,0.0,0.0,0.0,1,1,5,100,1.0,5,Typec,Toyota,Food
2026-01-04 20:00:00,0.0,0.0,0.0,1,1,5,100,1.0,5,Typec,Toyota,Food
2026-01-04 21:00:00,0.0,0.0,0.0,1,1,5,100,1.0,5,Typec,Toyota,Food
2026-01-04 22:00:00,0.0,0.0,0.0,1,1,5,100,1.0,5,Typec,Toyota,Food
2026-01-04 23:00:00,0.0,0.0,0.0,1,1,5,100,1.0,5,Typec,Toyota,Food
2026-01-05 00:00:00,0.0,0.0,0.0,1,1,5,100,1.0,5,Typec,Toyota,Food
2026-01-05 01:00:00,0.0,0.0,0.0,1,1,5,100,1.0,5,Typec,Toyota,Food
2026-01-05 02:00:00,0.0,0.0,0.0,1,1,5,100,1.0,5,Typec,Toyota,Food
2026-01-05 03:00:00,0.0,0.0,0.0,1,1,5,100,1.0,5,Typec,Toyota,Food
2026-01-05 04:00:00,0.0,0.0,0.0,1,1,5,100,1.0,5,Typec,Toyota,Food
2026-01-05 05:00:00,0.0,0.0,0.0,1,1,5,100,1.0,5,Typec,Toyota,Food
2026-01-05 06:00:00,0.0,0.0,0.0,1,1,5,100,1.0,5,Typec,Toyota,Food
2026-01-05 07:00:00,0.0,0.0,0.0,1,1,5,100,1.0,5,Typec,Toyota,Food
2026-01-05 08:00:00,0.0,0.0,0.0,1,1,5,100,1.0,5,Typec,Toyota,Food
2026-01-05 09:00:00,5.989326823359256,1.6278228493362452,0.27178728049828516,0,0,5,0,1.226197579604,5,Typec,Toyota,Food
2026-01-05 10:00:00,5.989326823359256,2.027544338309733,0.3385262481255843,0,0,5,0,1.226197579604,5,Typec,Toyota,Food
2026-01-05 11:00:00,5.989326823359256,1.0811933385981438,0.18052001009217444,0,0,5,0,1.226197579604,5,Typec,Toyota,Food
2026-01-05 12:00:00,5.989326823359256,2.277831215592866,0.3803150642421097,0,0,5,0,1.226197579604,5,Typec,Toyota,Food
2026-01-05 13:00:00,5.989326823359256,1.9394281501312631,0.32381404577342615,0,0,5,0,1.226197579604,5,Typec,Toyota,Food
2026-01-05 14:00:00,5.989326823359256,3.3048441244171953,0.5517889108218,0,0,5,0,1.226197579604,5,Typec,Toyota,Food
2026-01-05 15:00:00,5.989326823359256,1.8661199924282088,0.31157424656641985,0,0,5,0,1.226197579604,5,Typec,Toyota,Food
2026-01-05 16:00:00,5.989326823359256,2.752349498408345,0.4595423792326338,0,0,5,0,1.226197579604,5,Typec,Toyota,Food
2026-01-05 17:00:00,5.989326823359256,0.9376308763410239,0.15655029421405517,0,0,5,0,1.226197579604,5,Typec,Toyota,Food
2026-01-05 18:00:00,5.989326823359256,0.7344098054260434,0.12261975796040002,0,0,5,0,1.226197579604,5,Typec,Toyota,Food
2026-01-05 19:00:00,5.989326823359256,2.721233864534336,0.4543471987404533,0,0,5,0,1.226197579604,5,Typec,Toyota,Food
2026-01-05 20:00:00,5.989326823359256,2.594906676217094,0.4332551474894601,0,0,5,0,1.226197579604,5,Typec,Toyota,Food
2026-01-05 21:00:00,5.989326823359256,0.7344098054260434,0.12261975796040002,0,0,5,0,1.226197579604,5,Typec,Toyota,Food
2026-01-05 22:00:00,5.989326823359256,3.3048441244171953,0.5517889108218,0,0,5,0,1.226197579604,5,Typec,Toyota,Food
2026-01-05 23:00:00,0.0,0.0,0.0,1,1,5,100,1.0,5,Typec,Toyota,Food
2026-01-06 00:00:00,0.0,0.0,0.0,1,1,5,100,1.0,5,Typec,Toyota,Food
2026-01-06 01:00:00,0.0,0.0,0.0,1,1,5,100,1.0,5,Typec,Toyota,Food
2026-01-06 02:00:00,0.0,0.0,0.0,1,1,5,100,1.0,5,Typec,Toyota,Food
2026-01-06 03:00:00,0.0,0.0,0.0,1,1,5,100,1.0,5,Typec,Toyota,Food
2026-01-06 04:00:00,0.0,0.0,0.0,1,1,5,100,1.0,5,Typec,Toyota,Food
2026-01-06 05:00:00,0.0,0.0,0.0,1,1,5,100,1.0,5,Typec,Toyota,Food
2026-01-06 06:00:00,0.0,0.0,0.0,1,1,5,100,1.0,5,Typec,Toyota,Food
2026-01-06 07:00:00,0.0,0.0,0.0,1,1,5,100,1.0,5,Typec,Toyota,Food
2026-01-06 08:00:00,6.765113215224241,2.1744128001800367,0.32141558182451824,0,0,5,0,1.3306301459840002,5,Typec,Toyota,Food
2026-01-06 09:00:00,6.765113215224241,3.132809095018418,0.4630830254205252,0,0,5,0,1.3306301459840002,5,Typec,Toyota,Food
2026-01-06 10:00:00,6.765113215224241,0.9001863585172121,0.13306301459840003,0,0,5,0,1.3306301459840002,5,Typec,Toyota,Food
2026-01-06 11:00:00,6.765113215224241,0.9001863585172121,0.13306301459840003,0,0,5,0,1.3306301459840002,5,Typec,Toyota,Food
2026-01-06 12:00:00,6.765113215224241,4.050838613327454,0.5987835656928001,0,0,5,0,1.3306301459840002,5,Typec,Toyota,Food
2026-01-06 13:00:00,6.765113215224241,2.51170590803005,0.3712732999615876,0,0,5,0,1.3306301459840002,5,Typec,Toyota,Food
2026-01-06 14:00:00,6.765113215224241,2.221523495806154,0.32837935229329607,0,0,5,0,1.3306301459840002,5,Typec,Toyota,Food
2026-01-06 15:00:00,6.765113215224241,2.3734486169715354,0.35083649622157337,0,0,5,0,1.3306301459840002,5,Typec,Toyota,Food
2026-01-06 16:00:00,6.765113215224241,2.134140029568005,0.3154625741909724,0,0,5,0,1.3306301459840002,5,Typec,Toyota,Food
2026-01-06 17:00:00,6.765113215224241,3.6474666506407503,0.5391582571644884,0,0,5,0,1.3306301459840002,5,Typec,Toyota,Food
2026-01-06 18:00:00,6.765113215224241,1.8839782492959984,0.2784843637289448,0,0,5,0,1.3306301459840002,5,Typec,Toyota,Food
2026-01-06 19:00:00,6.765113215224241,3.514977693096366,0.5195741122537676,0,0,5,0,1.3306301459840002,5,Typec,Toyota,Food
2026-01-06 20:00:00,6.765113215224241,3.1380339309101464,0.46385534596055267,0,0,5,0,1.3306301459840002,5,Typec,Toyota,Food
2026-01-06 21:00:00,6.765113215224241,3.0901498167093013,0.4567772509342807,0,0,5,0,1.3306301459840002,5,Typec,Toyota,Food
2026-01-06 22:00:00,6.765113215224241,2.8225103926614366,0.4172155443473801,0,0,5,0,1.3306301459840002,5,Typec,Toyota,Food
2026-01-06 23:00:00,0.0,0.0,0.0,1,1,5,100,1.0,5,Typec,Toyota,Food
2026-01-07 00:00:00,0.0,0.0,0.0,1,1,5,100,1.0,5,Typec,Toyota,Food
2026-01-07 01:00:00,0.0,0.0,0.0,1,1,5,100,1.0,5,Typec,Toyota,Food
2026-01-07 02:00:00,0.0,0.0,0.0,1,1,5,100,1.0,5,Typec,Toyota,Food
2026-01-07 03:00:00,0.0,0.0,0.0,1,1,5,100,1.0,5,Typec,Toyota,Food
2026-01-07 04:00:00,0.0,0.0,0.0,1,1,5,100,1.0,5,Typec,Toyota,Food
2026-01-07 05:00:00,0.0,0.0,0.0,1,1,5,100,1.0,5,Typec,Toyota,Food
2026-01-07 06:00:00,0.0,0.0,0.0,1,1,5,100,1.0,5,Typec,Toyota,Food
2026-01-07 07:00:00,0.0,0.0,0.0,1,1,5,100,1.0,5,Typec,Toyota,Food
2026-01-07 08:00:00,8.557331390159586,2.86320369350565,0.33459072261688516,0,0,5,0,1.282756305344,5,Typec,Toyota,Food
2026-01-07 09:00:00,8.557331390159586,1.6193256794072814,0.18923255458698354,0,0,5,0,1.282756305344,5,Typec,Toyota,Food
2026-01-07 10:00:00,8.557331390159586,3.1735434611697406,0.3708566744089313,0,0,5,0,1.282756305344,5,Typec,Toyota,Food
2026-01-07 11:00:00,8.557331390159586,1.7984639230258166,0.21016644570922444,0,0,5,0,1.282756305344,5,Typec,Toyota,Food
2026-01-07 12:00:00,8.557331390159586,1.0976970797645347,0.12827563053440003,0,0,5,0,1.282756305344,5,Typec,Toyota,Food
2026-01-07 13:00:00,8.557331390159586,3.149266297707902,0.3680196727369198,0,0,5,0,1.282756305344,5,Typec,Toyota,Food
2026-01-07 14:00:00,8.557331390159586,1.8674300439844111,0.21822574805643766,0,0,5,0,1.282756305344,5,Typec,Toyota,Food
2026-01-07 15:00:00,8.557331390159586,1.137620315632013,0.13294101440785708,0,0,5,0,1.282756305344,5,Typec,Toyota,Food
2026-01-07 16:00:00,8.557331390159586,3.105325779199367,0.3628848337894573,0,0,5,0,1.282756305344,5,Typec,Toyota,Food
2026-01-07 17:00:00,8.557331390159586,2.2101979021289027,0.2582812095684989,0,0,5,0,1.282756305344,5,Typec,Toyota,Food
2026-01-07 18:00:00,8.557331390159586,4.939636858940406,0.5772403374048001,0,0,5,0,1.282756305344,5,Typec,Toyota,Food
2026-01-07 19:00:00,8.557331390159586,3.7789383242697845,0.4416024286047091,0,0,5,0,1.282756305344,5,Typec,Toyota,Food
2026-01-07 20:00:00,8.557331390159586,1.0976970797645347,0.12827563053440003,0,0,5,0,1.282756305344,5,Typec,Toyota,Food
2026-01-07 21:00:00,0.0,0.0,0.0,1,1,5,100,1.0,5,Typec,Toyota,Food
2026-01-07 22:00:00,0.0,0.0,0.0,1,1,5,100,1.0,5,Typec,Toyota,Food
2026-01-07 23:00:00,0.0,0.0,0.0,1,1,5,100,1.0,5,Typec,Toyota,Food
2026-01-08 00:00:00,0.0,0.0,0.0,1,1,5,100,1.0,5,Typec,Toyota,Food
2026-01-08 01:00:00,0.0,0.0,0.0,1,1,5,100,1.0,5,Typec,Toyota,Food
2026-01-08 02:00:00,0.0,0.0,0.0,1,1,5,100,1.0,5,Typec,Toyota,Food
2026-01-08 03:00:00,0.0,0.0,0.0,1,1,5,100,1.0,5,Typec,Toyota,Food
2026-01-08 04:00:00,0.0,0.0,0.0,1,1,5,100,1.0,5,Typec,Toyota,Food
2026-01-08 05:00:00,0.0,0.0,0.0,1,1,5,100,1.0,5,Typec,Toyota,Food
2026-01-08 06:00:00,0.0,0.0,0.0,1,1,5,100,1.0,5,Typec,Toyota,Food
2026-01-08 07:00:00,0.0,0.0,0.0,1,1,5,100,1.0,5,Typec,Toyota,Food
2026-01-08 08:00:00,5.222638697459719,1.279673211720922,0.2450242656730883,0,0,5,0,1.176585222144,5,Typec,Toyota,Food
2026-01-08 09:00:00,5.222638697459719,1.5114220215133556,0.2893981584918957,0,0,5,0,1.176585222144,5,Typec,Toyota,Food
2026-01-08 10:00:00,5.222638697459719,2.7651957804128227,0.5294633499648,0,0,5,0,1.176585222144,5,Typec,Toyota,Food
2026-01-08 11:00:00,5.222638697459719,2.7237252500472473,0.5215228178376692,0,0,5,0,1.176585222144,5,Typec,Toyota,Food
2026-01-08 12:00:00,5.222638697459719,2.683703458401569,0.5138596816407991,0,0,5,0,1.176585222144,5,Typec,Toyota,Food
2026-01-08 13:00:00,5.222638697459719,2.5091108312714705,0.48042971697274345,0,0,5,0,1.176585222144,5,Typec,Toyota,Food
2026-01-08 14:00:00,5.222638697459719,2.6096076670654518,0.49967225730831416,0,0,5,0,1.176585222144,5,Typec,Toyota,Food
2026-01-08 15:00:00,5.222638697459719,2.7651957804128227,0.5294633499648,0,0,5,0,1.176585222144,5,Typec,Toyota,Food
2026-01-08 16:00:00,5.222638697459719,1.767163473236624,0.33836602062788085,0,0,5,0,1.176585222144,5,Typec,Toyota,Food
2026-01-08 17:00:00,5.222638697459719,2.7651957804128227,0.5294633499648,0,0,5,0,1.176585222144,5,Typec,Toyota,Food
2026-01-08 18:00:00,5.222638697459719,2.520338508557617,0.48257952628113154,0,0,5,0,1.176585222144,5,Typec,Toyota,Food
2026-01-08 19:00:00,5.222638697459719,1.8663564150251257,0.3573588990432973,0,0,5,0,1.176585222144,5,Typec,Toyota,Food
2026-01-08 20:00:00,5.222638697459719,1.2423871293434035,0.2378849469230368,0,0,5,0,1.176585222144,5,Typec,Toyota,Food
2026-01-08 21:00:00,5.222638697459719,1.256973791536933,0.2406779148150383,0,0,5,0,1.176585222144,5,Typec,Toyota,Food
2026-01-08 22:00:00,0.0,0.0,0.0,1,1,5,100,1.0,5,Typec,Toyota,Food
2026-01-08 23:00:00,0.0,0.0,0.0,1,1,5,100,1.0,5,Typec,Toyota,Food
2026-01-09 00:00:00,0.0,0.0,0.0,1,1,5,100,1.0,5,Typec,Toyota,Food
2026-01-09 01:00:00,0.0,0.0,0.0,1,1,5,100,1.0,5,Typec,Toyota,Food
2026-01-09 02:00:00,0.0,0.0,0.0,1,1,5,100,1.0,5,Typec,Toyota,Food
2026-01-09 03:00:00,0.0,0.0,0.0,1,1,5,100,1.0,5,Typec,Toyota,Food
2026-01-09 04:00:00,0.0,0.0,0.0,1,1,5,100,1.0,5,Typec,Toyota,Food
2026-01-09 05:00:00,0.0,0.0,0.0,1,1,5,100,1.0,5,Typec,Toyota,Food
2026-01-09 06:00:00,0.0,0.0,0.0,1,1,5,100,1.0,5,Typec,Toyota,Food
2026-01-09 07:00:00,0.0,0.0,0.0,1,1,5,100,1.0,5,Typec,Toyota,Food
2026-01-09 08:00:00,7.759398373976507,2.369822592574863,0.3054131877701732,0,0,5,0,1.137342385344,5,Typec,Toyota,Food
2026-01-09 09:00:00,7.759398373976507,3.7674707611377958,0.4855364526421469,0,0,5,0,1.137342385344,5,Typec,Toyota,Food
2026-01-09 10:00:00,7.759398373976507,2.2059761417812718,0.2842973173254877,0,0,5,0,1.137342385344,5,Typec,Toyota,Food
2026-01-09 11:00:00,7.759398373976507,2.1889598730760857,0.28210432917291967,0,0,5,0,1.137342385344,5,Typec,Toyota,Food
2026-01-09 12:00:00,7.759398373976507,1.0407371013076234,0.13412600451061393,0,0,5,0,1.137342385344,5,Typec,Toyota,Food
2026-01-09 13:00:00,7.759398373976507,0.8825092655492794,0.1137342385344,0,0,5,0,1.137342385344,5,Typec,Toyota,Food
2026-01-09 14:00:00,7.759398373976507,3.929497352729162,0.5064177869650206,0,0,5,0,1.137342385344,5,Typec,Toyota,Food
2026-01-09 15:00:00,7.759398373976507,1.7537732021693482,0.22601922438357566,0,0,5,0,1.137342385344,5,Typec,Toyota,Food
2026-01-09 16:00:00,7.759398373976507,3.9712916949717574,0.5118040734047999,0,0,5,0,1.137342385344,5,Typec,Toyota,Food
2026-01-09 17:00:00,7.759398373976507,0.8825092655492794,0.1137342385344,0,0,5,0,1.137342385344,5,Typec,Toyota,Food
2026-01-09 18:00:00,7.759398373976507,3.9712916949717574,0.5118040734047999,0,0,5,0,1.137342385344,5,Typec,Toyota,Food
2026-01-09 19:00:00,7.759398373976507,2.5904050371521397,0.33384096450568224,0,0,5,0,1.137342385344,5,Typec,Toyota,Food
2026-01-09 20:00:00,7.759398373976507,0.8825092655492794,0.1137342385344,0,0,5,0,1.137342385344,5,Typec,Toyota,Food
2026-01-09 21:00:00,7.759398373976507,0.8825092655492794,0.1137342385344,0,0,5,0,1.137342385344,5,Typec,Toyota,Food
2026-01-09 22:00:00,0.0,0.0,0.0,1,1,5,100,1.0,5,Typec,Toyota,Food
2026-01-09 23:00:00,0.0,0.0,0.0,1,1,5,100,1.0,5,Typec,Toyota,Food
2026-01-10 00:00:00,0.0,0.0,0.0,1,1,5,100,1.0,5,Typec,Toyota,Food
2026-01-10 01:00:00,0.0,0.0,0.0,1,1,5,100,1.0,5,Typec,Toyota,Food
2026-01-10 02:00:00,0.0,0.0,0.0,1,1,5,100,1.0,5,Typec,Toyota,Food
2026-01-10 03:00:00,0.0,0.0,0.0,1,1,5,100,1.0,5,Typec,Toyota,Food
2026-01-10 04:00:00,0.0,0.0,0.0,1,1,5,100,1.0,5,Typec,Toyota,Food
2026-01-10 05:00:00,0.0,0.0,0.0,1,1,5,100,1.0,5,Typec,Toyota,Food
2026-01-10 06:00:00,0.0,0.0,0.0,1,1,5,100,1.0,5,Typec,Toyota,Food
2026-01-10 07:00:00,0.0,0.0,0.0,1,1,5,100,1.0,5,Typec,Toyota,Food
2026-01-10 08:00:00,0.0,0.0,0.0,1,1,5,100,1.0,5,Typec,Toyota,Food
2026-01-10 09:00:00,6.524092559156918,2.1861730151919954,0.3350922745759612,0,0,5,0,1.18961004,5,Typec,Toyota,Food
2026-01-10 10:00:00,6.524092559156918,3.205702253671639,0.49136369918177536,0,0,5,0,1.18961004,5,Typec,Toyota,Food
2026-01-10 11:00:00,6.524092559156918,1.752161348339481,0.2685678249429842,0,0,5,0,1.18961004,5,Typec,Toyota,Food
2026-01-10 12:00:00,6.524092559156918,1.2289131828007613,0.18836538133964933,0,0,5,0,1.18961004,5,Typec,Toyota,Food
2026-01-10 13:00:00,6.524092559156918,2.6351920565559697,0.4039170248829984,0,0,5,0,1.18961004,5,Typec,Toyota,Food
2026-01-10 14:00:00,6.524092559156918,1.1199383826034783,0.17166193956454281,0,0,5,0,1.18961004,5,Typec,Toyota,Food
2026-01-10 15:00:00,6.524092559156918,2.4803055399493155,0.38017632604983076,0,0,5,0,1.18961004,5,Typec,Toyota,Food
2026-01-10 16:00:00,6.524092559156918,2.014145772639897,0.3087242791816211,0,0,5,0,1.18961004,5,Typec,Toyota,Food
2026-01-10 17:00:00,6.524092559156918,1.1717876851848483,0.17960929808394283,0,0,5,0,1.18961004,5,Typec,Toyota,Food
2026-01-10 18:00:00,6.524092559156918,2.9303397381875085,0.44915667759413036,0,0,5,0,1.18961004,5,Typec,Toyota,Food
2026-01-10 19:00:00,0.0,0.0,0.0,1,1,5,100,1.0,5,Typec,Toyota,Food
2026-01-10 20:00:00,0.0,0.0,0.0,1,1,5,100,1.0,5,Typec,Toyota,Food
2026-01-10 21:00:00,0.0,0.0,0.0,1,1,5,100,1.0,5,Typec,Toyota,Food
2026-01-10 22:00:00,0.0,0.0,0.0,1,1,5,100,1.0,5,Typec,Toyota,Food
2026-01-10 23:00:00,0.0,0.0,0.0,1,1,5,100,1.0,5,Typec,Toyota,Food
2026-01-11 00:00:00,0.0,0.0,0.0,1,1,5,100,1.0,5,Typec,Toyota,Food
2026-01-11 01:00:00,0.0,0.0,0.0,1,1,5,100,1.0,5,Typec,Toyota,Food
2026-01-11 02:00:00,0.0,0.0,0.0,1,1,5,100,1.0,5,Typec,Toyota,Food
2026-01-11 03:00:00,0.0,0.0,0.0,1,1,5,100,1.0,5,Typec,Toyota,Food
2026-01-11 04:00:00,0.0,0.0,0.0,1,1,5,100,1.0,5,Typec,Toyota,Food
2026-01-11 05:00:00,0.0,0.0,0.0,1,1,5,100,1.0,5,Typec,Toyota,Food
2026-01-11 06:00:00,0.0,0.0,0.0,1,1,5,100,1.0,5,Typec,Toyota,Food
2026-01-11 07:00:00,4.254281592768081,2.1481198538172,0.5049312808698,0,0,5,0,1.122069513044,5,Typec,Toyota,Food
2026-01-11 08:00:00,4.254281592768081,1.1490133744170075,0.2700839964073448,0,0,5,0,1.122069513044,5,Typec,Toyota,Food
2026-01-11 09:00:00,4.254281592768081,0.900302563212575,0.21162270140815626,0,0,5,0,1.122069513044,5,Typec,Toyota,Food
2026-01-11 10:00:00,4.254281592768081,0.5898682655092082,0.13865284952268664,0,0,5,0,1.122069513044,5,Typec,Toyota,Food
2026-01-11 11:00:00,4.254281592768081,2.0130892975847097,0.4731913611470363,0,0,5,0,1.122069513044,5,Typec,Toyota,Food
2026-01-11 12:00:00,4.254281592768081,0.9524705891382615,0.22388517740748076,0,0,5,0,1.122069513044,5,Typec,Toyota,Food
2026-01-11 13:00:00,4.254281592768081,0.6521757200953817,0.15329867237843997,0,0,5,0,1.122069513044,5,Typec,Toyota,Food
2026-01-11 14:00:00,4.254281592768081,0.4773599675149333,0.1122069513044,0,0,5,0,1.122069513044,5,Typec,Toyota,Food
2026-01-11 15:00:00,4.254281592768081,1.5245524166380833,0.35835719460359505,0,0,5,0,1.122069513044,5,Typec,Toyota,Food
2026-01-11 16:00:00,4.254281592768081,0.6933797521171216,0.1629839814308034,0,0,5,0,1.122069513044,5,Typec,Toyota,Food
2026-01-11 17:00:00,4.254281592768081,1.8087629765179236,0.425162965139089,0,0,5,0,1.122069513044,5,Typec,Toyota,Food
2026-01-11 18:00:00,4.254281592768081,1.6161196352114182,0.3798807389615876,0,0,5,0,1.122069513044,5,Typec,Toyota,Food
2026-01-11 19:00:00,0.0,0.0,0.0,1,1,5,100,1.0,5,Typec,Toyota,Food
2026-01-11 20:00:00,0.0,0.0,0.0,1,1,5,100,1.0,5,Typec,Toyota,Food
2026-01-11 21:00:00,0.0,0.0,0.0,1,1,5,100,1.0,5,Typec,Toyota,Food
2026-01-11 22:00:00,0.0,0.0,0.0,1,1,5,100,1.0,5,Typec,Toyota,Food
2026-01-11 23:00:00,0.0,0.0,0.0,1,1,5,100,1.0,5,Typec,Toyota,Food
2026-01-12 00:00:00,0.0,0.0,0.0,1,1,5,100,1.0,5,Typec,Toyota,Food
2026-01-12 01:00:00,0.0,0.0,0.0,1,1,5,100,1.0,5,Typec,Toyota,Food
2026-01-12 02:00:00,0.0,0.0,0.0,1,1,5,100,1.0,5,Typec,Toyota,Food
2026-01-12 03:00:00,0.0,0.0,0.0,1,1,5,100,1.0,5,Typec,Toyota,Food
2026-01-12 04:00:00,0.0,0.0,0.0,1,1,5,100,1.0,5,Typec,Toyota,Food
2026-01-12 05:00:00,0.0,0.0,0.0,1,1,5,100,1.0,5,Typec,Toyota,Food
2026-01-12 06:00:00,0.0,0.0,0.0,1,1,5,100,1.0,5,Typec,Toyota,Food
2026-01-12 07:00:00,0.0,0.0,0.0,1,1,5,100,1.0,5,Typec,Toyota,Food
2026-01-12 08:00:00,0.0,0.0,0.0,1,1,5,100,1.0,5,Typec,Toyota,Food
2026-01-12 09:00:00,6.3408995524787715,2.1557335222681506,0.33997282316598687,0,0,5,0,1.119889326784,5,Typec,Toyota,Food
2026-01-12 10:00:00,6.3408995524787715,1.0471840019201477,0.16514754622012343,0,0,5,0,1.119889326784,5,Typec,Toyota,Food
2026-01-12 11:00:00,6.3408995524787715,1.4893256348563906,0.234876080677573,0,0,5,0,1.119889326784,5,Typec,Toyota,Food
2026-01-12 12:00:00,6.3408995524787715,1.4709988306521093,0.23198582763814157,0,0,5,0,1.119889326784,5,Typec,Toyota,Food
2026-01-12 13:00:00,6.3408995524787715,2.1691518418373903,0.34208897710569,0,0,5,0,1.119889326784,5,Typec,Toyota,Food
2026-01-12 14:00:00,6.3408995524787715,1.4744418288158134,0.23252881024419123,0,0,5,0,1.119889326784,5,Typec,Toyota,Food
2026-01-12 15:00:00,6.3408995524787715,2.943057270204416,0.46413876230761647,0,0,5,0,1.119889326784,5,Typec,Toyota,Food
2026-01-12 16:00:00,6.3408995524787715,0.7101105731030418,0.1119889326784,0,0,5,0,1.119889326784,5,Typec,Toyota,Food
2026-01-12 17:00:00,6.3408995524787715,1.650911354365313,0.26035917155002747,0,0,5,0,1.119889326784,5,Typec,Toyota,Food
2026-01-12 18:00:00,6.3408995524787715,3.1954975789636886,0.5039501970528,0,0,5,0,1.119889326784,5,Typec,Toyota,Food
2026-01-12 19:00:00,6.3408995524787715,2.9575848291294666,0.46642985031568485,0,0,5,0,1.119889326784,5,Typec,Toyota,Food
2026-01-12 20:00:00,6.3408995524787715,2.10666303142501,0.3322340961230773,0,0,5,0,1.119889326784,5,Typec,Toyota,Food
2026-01-12 21:00:00,6.3408995524787715,3.1954975789636886,0.5039501970528,0,0,5,0,1.119889326784,5,Typec,Toyota,Food
2026-01-12 22:00:00,6.3408995524787715,0.7101105731030418,0.1119889326784,0,0,5,0,1.119889326784,5,Typec,Toyota,Food
2026-01-12 23:00:00,0.0,0.0,0.0,1,1,5,100,1.0,5,Typec,Toyota,Food
2026-01-13 00:00:00,0.0,0.0,0.0,1,1,5,100,1.0,5,Typec,Toyota,Food
2026-01-13 01:00:00,0.0,0.0,0.0,1,1,5,100,1.0,5,Typec,Toyota,Food
2026-01-13 02:00:00,0.0,0.0,0.0,1,1,5,100,1.0,5,Typec,Toyota,Food
2026-01-13 03:00:00,0.0,0.0,0.0,1,1,5,100,1.0,5,Typec,Toyota,Food
2026-01-13 04:00:00,0.0,0.0,0.0,1,1,5,100,1.0,5,Typec,Toyota,Food
2026-01-13 05:00:00,0.0,0.0,0.0,1,1,5,100,1.0,5,Typec,Toyota,Food
2026-01-13 06:00:00,0.0,0.0,0.0,1,1,5,100,1.0,5,Typec,Toyota,Food
2026-01-13 07:00:00,4.240605851260913,0.9764547128942522,0.23026302069642018,0,0,5,0,1.12425024,5,Typec,Toyota,Food
2026-01-13 08:00:00,4.240605851260913,1.3564017461697904,0.3198603675383965,0,0,5,0,1.12425024,5,Typec,Toyota,Food
2026-01-13 09:00:00,4.240605851260913,1.854059913547201,0.4372158079713798,0,0,5,0,1.12425024,5,Typec,Toyota,Food
2026-01-13 10:00:00,4.240605851260913,1.1323818970251904,0.2670330459239651,0,0,5,0,1.12425024,5,Typec,Toyota,Food
2026-01-13 11:00:00,4.240605851260913,1.7250477066695638,0.4067927478231993,0,0,5,0,1.12425024,5,Typec,Toyota,Food
2026-01-13 12:00:00,4.240605851260913,2.1453759657114686,0.505912608,0,0,5,0,1.12425024,5,Typec,Toyota,Food
2026-01-13 13:00:00,4.240605851260913,1.8654120453486214,0.4398928150311246,0,0,5,0,1.12425024,5,Typec,Toyota,Food
2026-01-13 14:00:00,4.240605851260913,1.7067461908868387,0.40247696927064097,0,0,5,0,1.12425024,5,Typec,Toyota,Food
2026-01-13 15:00:00,4.240605851260913,2.1453759657114686,0.505912608,0,0,5,0,1.12425024,5,Typec,Toyota,Food
2026-01-13 16:00:00,4.240605851260913,2.07281230515687,0.48880098218525414,0,0,5,0,1.12425024,5,Typec,Toyota,Food
2026-01-13 17:00:00,4.240605851260913,2.1453759657114686,0.505912608,0,0,5,0,1.12425024,5,Typec,Toyota,Food
2026-01-13 18:00:00,4.240605851260913,1.9127991308355035,0.45106741770559666,0,0,5,0,1.12425024,5,Typec,Toyota,Food
2026-01-13 19:00:00,4.240605851260913,0.47675021460254857,0.11242502400000001,0,0,5,0,1.12425024,5,Typec,Toyota,Food
2026-01-13 20:00:00,4.240605851260913,1.6683415778710797,0.3934205715853103,0,0,5,0,1.12425024,5,Typec,Toyota,Food
2026-01-13 21:00:00,4.240605851260913,0.47675021460254857,0.11242502400000001,0,0,5,0,1.12425024,5,Typec,Toyota,Food
2026-01-13 22:00:00,4.240605851260913,0.7516437511788514,0.1772491425854529,0,0,5,0,1.12425024,5,Typec,Toyota,Food
2026-01-13 23:00:00,0.0,0.0,0.0,1,1,5,100,1.0,5,Typec,Toyota,Food
2026-01-14 00:00:00,0.0,0.0,0.0,1,1,5,100,1.0,5,Typec,Toyota,Food
2026-01-14 01:00:00,0.0,0.0,0.0,1,1,5,100,1.0,5,Typec,Toyota,Food
2026-01-14 02:00:00,0.0,0.0,0.0,1,1,5,100,1.0,5,Typec,Toyota,Food
2026-01-14 03:00:00,0.0,0.0,0.0,1,1,5,100,1.0,5,Typec,Toyota,Food
2026-01-14 04:00:00,0.0,0.0,0.0,1,1,5,100,1.0,5,Typec,Toyota,Food
2026-01-14 05:00:00,0.0,0.0,0.0,1,1,5,100,1.0,5,Typec,Toyota,Food
2026-01-14 06:00:00,0.0,0.0,0.0,1,1,5,100,1.0,5,Typec,Toyota,Food
2026-01-14 07:00:00,0.0,0.0,0.0,1,1,5,100,1.0,5,Typec,Toyota,Food
2026-01-14 08:00:00,2.1497564084045084,1.002332620588926,0.4662540447235277,0,0,5,0,1.102475,5,Typec,Toyota,Food
2026-01-14 09:00:00,2.1497564084045084,0.8488874568278231,0.39487611410719997,0,0,5,0,1.102475,5,Typec,Toyota,Food
2026-01-14 10:00:00,2.1497564084045084,0.23700526963557605,0.11024750000000001,0,0,5,0,1.102475,5,Typec,Toyota,Food
2026-01-14 11:00:00,2.1497564084045084,0.5428235025466742,0.25250465607382155,0,0,5,0,1.102475,5,Typec,Toyota,Food
2026-01-14 12:00:00,2.1497564084045084,0.5660197461477597,0.2632948290954715,0,0,5,0,1.102475,5,Typec,Toyota,Food
2026-01-14 13:00:00,2.1497564084045084,0.8788090539607826,0.4087947129847196,0,0,5,0,1.102475,5,Typec,Toyota,Food
2026-01-14 14:00:00,2.1497564084045084,0.6847915703190041,0.31854379763297835,0,0,5,0,1.102475,5,Typec,Toyota,Food
2026-01-14 15:00:00,2.1497564084045084,1.0238227706979255,0.47625059597230335,0,0,5,0,1.102475,5,Typec,Toyota,Food
2026-01-14 16:00:00,2.1497564084045084,0.5022428924428191,0.23362781498373125,0,0,5,0,1.102475,5,Typec,Toyota,Food
2026-01-14 17:00:00,2.1497564084045084,1.0665237133600922,0.4961137500000001,0,0,5,0,1.102475,5,Typec,Toyota,Food
2026-01-14 18:00:00,2.1497564084045084,0.8563112165533301,0.39832941686116957,0,0,5,0,1.102475,5,Typec,Toyota,Food
2026-01-14 19:00:00,2.1497564084045084,0.7794016870979185,0.3625534893399246,0,0,5,0,1.102475,5,Typec,Toyota,Food
2026-01-14 20:00:00,2.1497564084045084,1.0665237133600922,0.4961137500000001,0,0,5,0,1.102475,5,Typec,Toyota,Food
2026-01-14 21:00:00,2.1497564084045084,0.5749748247854783,0.2674604539089195,0,0,5,0,1.102475,5,Typec,Toyota,Food
2026-01-14 22:00:00,2.1497564084045084,0.3059914851869104,0.14233774765858662,0,0,5,0,1.102475,5,Typec,Toyota,Food
2026-01-14 23:00:00,0.0,0.0,0.0,1,1,5,100,1.0,5,Typec,Toyota,Food
2026-01-01 00:00:00,0.0,0.0,0.0,1,1,6,100,1.0,6,Typec,Toyota,Food
2026-01-01 01:00:00,0.0,0.0,0.0,1,1,6,100,1.0,6,Typec,Toyota,Food
2026-01-01 02:00:00,0.0,0.0,0.0,1,1,6,100,1.0,6,Typec,Toyota,Food
2026-01-01 03:00:00,0.0,0.0,0.0,1,1,6,100,1.0,6,Typec,Toyota,Food
2026-01-01 04:00:00,0.0,0.0,0.0,1,1,6,100,1.0,6,Typec,Toyota,Food
2026-01-01 05:00:00,0.0,0.0,0.0,1,1,6,100,1.0,6,Typec,Toyota,Food
2026-01-01 06:00:00,0.0,0.0,0.0,1,1,6,100,1.0,6,Typec,Toyota,Food
2026-01-01 07:00:00,0.0,0.0,0.0,1,1,6,100,1.0,6,Typec,Toyota,Food
2026-01-01 08:00:00,6.155126651613038,1.2446545234534805,0.20221428313376802,0,0,6,0,1.1329772784640002,6,Typec,Toyota,Food
2026-01-01 09:00:00,6.155126651613038,0.6973618642345775,0.11329772784640002,0,0,6,0,1.1329772784640002,6,Typec,Toyota,Food
2026-01-01 10:00:00,6.155126651613038,2.4098599305697435,0.39152077072828473,0,0,6,0,1.1329772784640002,6,Typec,Toyota,Food
2026-01-01 11:00:00,6.155126651613038,2.994914259257032,0.486572320729123,0,0,6,0,1.1329772784640002,6,Typec,Toyota,Food
2026-01-01 12:00:00,6.155126651613038,1.549359972242146,0.25171861765608256,0,0,6,0,1.1329772784640002,6,Typec,Toyota,Food
2026-01-01 13:00:00,6.155126651613038,0.6973618642345775,0.11329772784640002,0,0,6,0,1.1329772784640002,6,Typec,Toyota,Food
2026-01-01 14:00:00,6.155126651613038,2.4305892200205905,0.3948885794874132,0,0,6,0,1.1329772784640002,6,Typec,Toyota,Food
2026-01-01 15:00:00,6.155126651613038,2.013172530175275,0.3270724786219784,0,0,6,0,1.1329772784640002,6,Typec,Toyota,Food
2026-01-01 16:00:00,6.155126651613038,1.936403190980978,0.31460005627561144,0,0,6,0,1.1329772784640002,6,Typec,Toyota,Food
2026-01-01 17:00:00,6.155126651613038,2.77921639419219,0.4515287095617857,0,0,6,0,1.1329772784640002,6,Typec,Toyota,Food
2026-01-01 18:00:00,6.155126651613038,3.1381283890555984,0.5098397753088001,0,0,6,0,1.1329772784640002,6,Typec,Toyota,Food
2026-01-01 19:00:00,6.155126651613038,0.7680428907484159,0.12478100520435909,0,0,6,0,1.1329772784640002,6,Typec,Toyota,Food
2026-01-01 20:00:00,6.155126651613038,0.7899633075901223,0.12834233189711886,0,0,6,0,1.1329772784640002,6,Typec,Toyota,Food
2026-01-01 21:00:00,0.0,0.0,0.0,1,1,6,100,1.0,6,Typec,Toyota,Food
2026-01-01 22:00:00,0.0,0.0,0.0,1,1,6,100,1.0,6,Typec,Toyota,Food
2026-01-01 23:00:00,0.0,0.0,0.0,1,1,6,100,1.0,6,Typec,Toyota,Food
2026-01-02 00:00:00,0.0,0.0,0.0,1,1,6,100,1.0,6,Typec,Toyota,Food
2026-01-02 01:00:00,0.0,0.0,0.0,1,1,6,100,1.0,6,Typec,Toyota,Food
2026-01-02 02:00:00,0.0,0.0,0.0,1,1,6,100,1.0,6,Typec,Toyota,Food
2026-01-02 03:00:00,0.0,0.0,0.0,1,1,6,100,1.0,6,Typec,Toyota,Food
2026-01-02 04:00:00,0.0,0.0,0.0,1,1,6,100,1.0,6,Typec,Toyota,Food
2026-01-02 05:00:00,0.0,0.0,0.0,1,1,6,100,1.0,6,Typec,Toyota,Food
2026-01-02 06:00:00,0.0,0.0,0.0,1,1,6,100,1.0,6,Typec,Toyota,Food
2026-01-02 07:00:00,0.0,0.0,0.0,1,1,6,100,1.0,6,Typec,Toyota,Food
2026-01-02 08:00:00,4.450330549845235,0.6656011888063251,0.1495621912465518,0,0,6,0,1.23259004,6,Typec,Toyota,Food
2026-01-02 09:00:00,4.450330549845235,0.5485433110446961,0.123259004,0,0,6,0,1.23259004,6,Typec,Toyota,Food
2026-01-02 10:00:00,4.450330549845235,0.5485433110446961,0.123259004,0,0,6,0,1.23259004,6,Typec,Toyota,Food
2026-01-02 11:00:00,4.450330549845235,0.8836857855069714,0.1985663257165701,0,0,6,0,1.23259004,6,Typec,Toyota,Food
2026-01-02 12:00:00,4.450330549845235,1.4933608219860164,0.3355617757512303,0,0,6,0,1.23259004,6,Typec,Toyota,Food
2026-01-02 13:00:00,4.450330549845235,1.3706501628277257,0.30798839490145097,0,0,6,0,1.23259004,6,Typec,Toyota,Food
2026-01-02 14:00:00,4.450330549845235,1.1653216799775574,0.26185058995630844,0,0,6,0,1.23259004,6,Typec,Toyota,Food
2026-01-02 15:00:00,4.450330549845235,0.5485433110446961,0.123259004,0,0,6,0,1.23259004,6,Typec,Toyota,Food
2026-01-02 16:00:00,4.450330549845235,2.388461979987074,0.5366931631786621,0,0,6,0,1.23259004,6,Typec,Toyota,Food
2026-01-02 17:00:00,4.450330549845235,0.5485433110446961,0.123259004,0,0,6,0,1.23259004,6,Typec,Toyota,Food
2026-01-02 18:00:00,4.450330549845235,0.5485433110446961,0.123259004,0,0,6,0,1.23259004,6,Typec,Toyota,Food
2026-01-02 19:00:00,4.450330549845235,1.176386266145674,0.2643368291343177,0,0,6,0,1.23259004,6,Typec,Toyota,Food
2026-01-02 20:00:00,4.450330549845235,1.1910255700457697,0.2676263160018954,0,0,6,0,1.23259004,6,Typec,Toyota,Food
2026-01-02 21:00:00,4.450330549845235,1.463269931897844,0.32880028022833735,0,0,6,0,1.23259004,6,Typec,Toyota,Food
2026-01-02 22:00:00,4.450330549845235,1.9708007419130227,0.44284367640546596,0,0,6,0,1.23259004,6,Typec,Toyota,Food
2026-01-02 23:00:00,0.0,0.0,0.0,1,1,6,100,1.0,6,Typec,Toyota,Food
2026-01-03 00:00:00,0.0,0.0,0.0,1,1,6,100,1.0,6,Typec,Toyota,Food
2026-01-03 01:00:00,0.0,0.0,0.0,1,1,6,100,1.0,6,Typec,Toyota,Food
2026-01-03 02:00:00,0.0,0.0,0.0,1,1,6,100,1.0,6,Typec,Toyota,Food
2026-01-03 03:00:00,0.0,0.0,0.0,1,1,6,100,1.0,6,Typec,Toyota,Food
2026-01-03 04:00:00,0.0,0.0,0.0,1,1,6,100,1.0,6,Typec,Toyota,Food
2026-01-03 05:00:00,0.0,0.0,0.0,1,1,6,100,1.0,6,Typec,Toyota,Food
2026-01-03 06:00:00,0.0,0.0,0.0,1,1,6,100,1.0,6,Typec,Toyota,Food
2026-01-03 07:00:00,0.0,0.0,0.0,1,1,6,100,1.0,6,Typec,Toyota,Food
2026-01-03 08:00:00,6.018366582675721,3.1430604653440217,0.522244768936398,0,0,6,0,1.209049010004,6,Typec,Toyota,Food
2026-01-03 09:00:00,6.018366582675721,0.7907030533422357,0.13138167017248972,0,0,6,0,1.209049010004,6,Typec,Toyota,Food
2026-01-03 10:00:00,6.018366582675721,0.7276500158625238,0.1209049010004,0,0,6,0,1.209049010004,6,Typec,Toyota,Food
2026-01-03 11:00:00,6.018366582675721,1.51269238522253,0.25134600301299664,0,0,6,0,1.209049010004,6,Typec,Toyota,Food
2026-01-03 12:00:00,6.018366582675721,2.5382950294300044,0.4217581289808201,0,0,6,0,1.209049010004,6,Typec,Toyota,Food
2026-01-03 13:00:00,6.018366582675721,1.9257947798633015,0.3199862875430076,0,0,6,0,1.209049010004,6,Typec,Toyota,Food
2026-01-03 14:00:00,6.018366582675721,2.7646426073964494,0.45936759906826913,0,0,6,0,1.209049010004,6,Typec,Toyota,Food
2026-01-03 15:00:00,6.018366582675721,3.2744250713813567,0.5440720545018,0,0,6,0,1.209049010004,6,Typec,Toyota,Food
2026-01-03 16:00:00,6.018366582675721,1.9289066120009655,0.3205033434742003,0,0,6,0,1.209049010004,6,Typec,Toyota,Food
2026-01-03 17:00:00,6.018366582675721,1.9623699542303317,0.32606354685657524,0,0,6,0,1.209049010004,6,Typec,Toyota,Food
2026-01-03 18:00:00,6.018366582675721,3.2744250713813567,0.5440720545018,0,0,6,0,1.209049010004,6,Typec,Toyota,Food
2026-01-03 19:00:00,6.018366582675721,1.0884868648120347,0.18086084485868945,0,0,6,0,1.209049010004,6,Typec,Toyota,Food
2026-01-03 20:00:00,0.0,0.0,0.0,1,1,6,100,1.0,6,Typec,Toyota,Food
2026-01-03 21:00:00,0.0,0.0,0.0,1,1,6,100,1.0,6,Typec,Toyota,Food
2026-01-03 22:00:00,0.0,0.0,0.0,1,1,6,100,1.0,6,Typec,Toyota,Food
2026-01-03 23:00:00,0.0,0.0,0.0,1,1,6,100,1.0,6,Typec,Toyota,Food
2026-01-04 00:00:00,0.0,0.0,0.0,1,1,6,100,1.0,6,Typec,Toyota,Food
2026-01-04 01:00:00,0.0,0.0,0.0,1,1,6,100,1.0,6,Typec,Toyota,Food
2026-01-04 02:00:00,0.0,0.0,0.0,1,1,6,100,1.0,6,Typec,Toyota,Food
2026-01-04 03:00:00,0.0,0.0,0.0,1,1,6,100,1.0,6,Typec,Toyota,Food
2026-01-04 04:00:00,0.0,0.0,0.0,1,1,6,100,1.0,6,Typec,Toyota,Food
2026-01-04 05:00:00,0.0,0.0,0.0,1,1,6,100,1.0,6,Typec,Toyota,Food
2026-01-04 06:00:00,0.0,0.0,0.0,1,1,6,100,1.0,6,Typec,Toyota,Food
2026-01-04 07:00:00,0.0,0.0,0.0,1,1,6,100,1.0,6,Typec,Toyota,Food
2026-01-04 08:00:00,0.0,0.0,0.0,1,1,6,100,1.0,6,Typec,Toyota,Food
2026-01-04 09:00:00,3.779663472378687,0.4932574797757038,0.13050301525000002,0,0,6,0,1.3050301525,6,Typec,Toyota,Food
2026-01-04 10:00:00,3.779663472378687,0.7279056666849836,0.19258478221789535,0,0,6,0,1.3050301525,6,Typec,Toyota,Food
2026-01-04 11:00:00,3.779663472378687,2.2196586589906673,0.5872635686250001,0,0,6,0,1.3050301525,6,Typec,Toyota,Food
2026-01-04 12:00:00,3.779663472378687,2.2196586589906673,0.5872635686250001,0,0,6,0,1.3050301525,6,Typec,Toyota,Food
2026-01-04 13:00:00,3.779663472378687,2.146756183924168,0.5679754823709561,0,0,6,0,1.3050301525,6,Typec,Toyota,Food
2026-01-04 14:00:00,3.779663472378687,1.4196749566297109,0.37560882523127254,0,0,6,0,1.3050301525,6,Typec,Toyota,Food
2026-01-04 15:00:00,3.779663472378687,0.6951092666950631,0.18390771341809545,0,0,6,0,1.3050301525,6,Typec,Toyota,Food
2026-01-04 16:00:00,3.779663472378687,0.5577422485308573,0.14756399679674356,0,0,6,0,1.3050301525,6,Typec,Toyota,Food
2026-01-04 17:00:00,3.779663472378687,1.8689498231595139,0.4944751925184789,0,0,6,0,1.3050301525,6,Typec,Toyota,Food
2026-01-04 18:00:00,3.779663472378687,1.156847219029435,0.30607148691504715,0,0,6,0,1.3050301525,6,Typec,Toyota,Food
2026-01-04 19:00:00,3.779663472378687,0.4932574797757038,0.13050301525000002,0,0,6,0,1.3050301525,6,Typec,Toyota,Food
2026-01-04 20:00:00,0.0,0.0,0.0,1,1,6,100,1.0,6,Typec,Toyota,Food
2026-01-04 21:00:00,0.0,0.0,0.0,1,1,6,100,1.0,6,Typec,Toyota,Food
2026-01-04 22:00:00,0.0,0.0,0.0,1,1,6,100,1.0,6,Typec,Toyota,Food
2026-01-04 23:00:00,0.0,0.0,0.0,1,1,6,100,1.0,6,Typec,Toyota,Food
2026-01-05 00:00:00,0.0,0.0,0.0,1,1,6,100,1.0,6,Typec,Toyota,Food
2026-01-05 01:00:00,0.0,0.0,0.0,1,1,6,100,1.0,6,Typec,Toyota,Food
2026-01-05 02:00:00,0.0,0.0,0.0,1,1,6,100,1.0,6,Typec,Toyota,Food
2026-01-05 03:00:00,0.0,0.0,0.0,1,1,6,100,1.0,6,Typec,Toyota,Food
2026-01-05 04:00:00,0.0,0.0,0.0,1,1,6,100,1.0,6,Typec,Toyota,Food
2026-01-05 05:00:00,0.0,0.0,0.0,1,1,6,100,1.0,6,Typec,Toyota,Food
2026-01-05 06:00:00,0.0,0.0,0.0,1,1,6,100,1.0,6,Typec,Toyota,Food
2026-01-05 07:00:00,0.0,0.0,0.0,1,1,6,100,1.0,6,Typec,Toyota,Food
2026-01-05 08:00:00,5.814398041035417,1.809265900200236,0.3111699418291021,0,0,6,0,1.226197579604,6,Typec,Toyota,Food
2026-01-05 09:00:00,5.814398041035417,3.0401980278721914,0.5228740802428447,0,0,6,0,1.226197579604,6,Typec,Toyota,Food
2026-01-05 10:00:00,5.814398041035417,2.5516159167136037,0.4388443822912435,0,0,6,0,1.226197579604,6,Typec,Toyota,Food
2026-01-05 11:00:00,5.814398041035417,0.7129600804771867,0.12261975796040002,0,0,6,0,1.226197579604,6,Typec,Toyota,Food
2026-01-05 12:00:00,5.814398041035417,1.7921716727527643,0.30822995950817605,0,0,6,0,1.226197579604,6,Typec,Toyota,Food
2026-01-05 13:00:00,5.814398041035417,0.9824702807356471,0.16897196817311302,0,0,6,0,1.226197579604,6,Typec,Toyota,Food
2026-01-05 14:00:00,5.814398041035417,2.0119313662515803,0.34602573680925697,0,0,6,0,1.226197579604,6,Typec,Toyota,Food
2026-01-05 15:00:00,5.814398041035417,2.2181510677867458,0.3814928135521561,0,0,6,0,1.226197579604,6,Typec,Toyota,Food
2026-01-05 16:00:00,5.814398041035417,1.1245300436132075,0.1934043792111889,0,0,6,0,1.226197579604,6,Typec,Toyota,Food
2026-01-05 17:00:00,5.814398041035417,1.5878203082801599,0.2730842121702084,0,0,6,0,1.226197579604,6,Typec,Toyota,Food
2026-01-05 18:00:00,5.814398041035417,2.2463514538398117,0.3863429091001458,0,0,6,0,1.226197579604,6,Typec,Toyota,Food
2026-01-05 19:00:00,5.814398041035417,2.3295936421352192,0.40065947079886705,0,0,6,0,1.226197579604,6,Typec,Toyota,Food
2026-01-05 20:00:00,5.814398041035417,1.9854886502754936,0.34147793740002047,0,0,6,0,1.226197579604,6,Typec,Toyota,Food
2026-01-05 21:00:00,5.814398041035417,1.7998513011453692,0.30955075459967224,0,0,6,0,1.226197579604,6,Typec,Toyota,Food
2026-01-05 22:00:00,5.814398041035417,2.208198463139145,0.37978109643589403,0,0,6,0,1.226197579604,6,Typec,Toyota,Food
2026-01-05 23:00:00,0.0,0.0,0.0,1,1,6,100,1.0,6,Typec,Toyota,Food
2026-01-06 00:00:00,0.0,0.0,0.0,1,1,6,100,1.0,6,Typec,Toyota,Food
2026-01-06 01:00:00,0.0,0.0,0.0,1,1,6,100,1.0,6,Typec,Toyota,Food
2026-01-06 02:00:00,0.0,0.0,0.0,1,1,6,100,1.0,6,Typec,Toyota,Food
2026-01-06 03:00:00,0.0,0.0,0.0,1,1,6,100,1.0,6,Typec,Toyota,Food
2026-01-06 04:00:00,0.0,0.0,0.0,1,1,6,100,1.0,6,Typec,Toyota,Food
2026-01-06 05:00:00,0.0,0.0,0.0,1,1,6,100,1.0,6,Typec,Toyota,Food
2026-01-06 06:00:00,0.0,0.0,0.0,1,1,6,100,1.0,6,Typec,Toyota,Food
2026-01-06 07:00:00,0.0,0.0,0.0,1,1,6,100,1.0,6,Typec,Toyota,Food
2026-01-06 08:00:00,9.73002172279752,1.9560092315558109,0.20102824919422999,0,0,6,0,1.3306301459840002,6,Typec,Toyota,Food
2026-01-06 09:00:00,9.73002172279752,4.034082578907801,0.4146016004728862,0,0,6,0,1.3306301459840002,6,Typec,Toyota,Food
2026-01-06 10:00:00,9.73002172279752,1.7276021622833098,0.17755378266376567,0,0,6,0,1.3306301459840002,6,Typec,Toyota,Food
2026-01-06 11:00:00,9.73002172279752,5.465616237071864,0.5617270333801908,0,0,6,0,1.3306301459840002,6,Typec,Toyota,Food
2026-01-06 12:00:00,9.73002172279752,3.0017705551779343,0.3085060486704527,0,0,6,0,1.3306301459840002,6,Typec,Toyota,Food
2026-01-06 13:00:00,9.73002172279752,3.459615596687328,0.35556093246754217,0,0,6,0,1.3306301459840002,6,Typec,Toyota,Food
2026-01-06 14:00:00,9.73002172279752,5.69162243194458,0.5849547507801615,0,0,6,0,1.3306301459840002,6,Typec,Toyota,Food
2026-01-06 15:00:00,9.73002172279752,2.4787212392805933,0.25474981556032184,0,0,6,0,1.3306301459840002,6,Typec,Toyota,Food
2026-01-06 16:00:00,9.73002172279752,1.2947060225433558,0.13306301459840003,0,0,6,0,1.3306301459840002,6,Typec,Toyota,Food
2026-01-06 17:00:00,9.73002172279752,1.8955829588933246,0.1948179575439136,0,0,6,0,1.3306301459840002,6,Typec,Toyota,Food
2026-01-06 18:00:00,9.73002172279752,3.1284095393006526,0.3215213314447966,0,0,6,0,1.3306301459840002,6,Typec,Toyota,Food
2026-01-06 19:00:00,9.73002172279752,3.970124984929679,0.40802837835681743,0,0,6,0,1.3306301459840002,6,Typec,Toyota,Food
2026-01-06 20:00:00,0.0,0.0,0.0,1,1,6,100,1.0,6,Typec,Toyota,Food
2026-01-06 21:00:00,0.0,0.0,0.0,1,1,6,100,1.0,6,Typec,Toyota,Food
2026-01-06 22:00:00,0.0,0.0,0.0,1,1,6,100,1.0,6,Typec,Toyota,Food
2026-01-06 23:00:00,0.0,0.0,0.0,1,1,6,100,1.0,6,Typec,Toyota,Food
2026-01-07 00:00:00,0.0,0.0,0.0,1,1,6,100,1.0,6,Typec,Toyota,Food
2026-01-07 01:00:00,0.0,0.0,0.0,1,1,6,100,1.0,6,Typec,Toyota,Food
2026-01-07 02:00:00,0.0,0.0,0.0,1,1,6,100,1.0,6,Typec,Toyota,Food
2026-01-07 03:00:00,0.0,0.0,0.0,1,1,6,100,1.0,6,Typec,Toyota,Food
2026-01-07 04:00:00,0.0,0.0,0.0,1,1,6,100,1.0,6,Typec,Toyota,Food
2026-01-07 05:00:00,0.0,0.0,0.0,1,1,6,100,1.0,6,Typec,Toyota,Food
2026-01-07 06:00:00,0.0,0.0,0.0,1,1,6,100,1.0,6,Typec,Toyota,Food
2026-01-07 07:00:00,0.0,0.0,0.0,1,1,6,100,1.0,6,Typec,Toyota,Food
2026-01-07 08:00:00,0.0,0.0,0.0,1,1,6,100,1.0,6,Typec,Toyota,Food
2026-01-07 09:00:00,8.581628891547885,3.275808575242865,0.38172340200695876,0,0,6,0,1.282756305344,6,Typec,Toyota,Food
2026-01-07 10:00:00,8.581628891547885,4.584794026726069,0.5342568508458423,0,0,6,0,1.282756305344,6,Typec,Toyota,Food
2026-01-07 11:00:00,8.581628891547885,1.1008138570755293,0.12827563053440003,0,0,6,0,1.282756305344,6,Typec,Toyota,Food
2026-01-07 12:00:00,8.581628891547885,3.761283949245766,0.43829487347679236,0,0,6,0,1.282756305344,6,Typec,Toyota,Food
2026-01-07 13:00:00,8.581628891547885,2.5936459643971133,0.30223236138207005,0,0,6,0,1.282756305344,6,Typec,Toyota,Food
2026-01-07 14:00:00,8.581628891547885,1.1008138570755293,0.12827563053440003,0,0,6,0,1.282756305344,6,Typec,Toyota,Food
2026-01-07 15:00:00,8.581628891547885,2.1207290922598783,0.2471243069423104,0,0,6,0,1.282756305344,6,Typec,Toyota,Food
2026-01-07 16:00:00,8.581628891547885,3.524835218122395,0.41074197715471406,0,0,6,0,1.282756305344,6,Typec,Toyota,Food
2026-01-07 17:00:00,8.581628891547885,2.7947724902347675,0.32566923197848385,0,0,6,0,1.282756305344,6,Typec,Toyota,Food
2026-01-07 18:00:00,8.581628891547885,1.1008138570755293,0.12827563053440003,0,0,6,0,1.282756305344,6,Typec,Toyota,Food
2026-01-07 19:00:00,8.581628891547885,1.1008138570755293,0.12827563053440003,0,0,6,0,1.282756305344,6,Typec,Toyota,Food
2026-01-07 20:00:00,8.581628891547885,1.1008138570755293,0.12827563053440003,0,0,6,0,1.282756305344,6,Typec,Toyota,Food
2026-01-07 21:00:00,8.581628891547885,3.279334846139166,0.38213431128081166,0,0,6,0,1.282756305344,6,Typec,Toyota,Food
2026-01-07 22:00:00,0.0,0.0,0.0,1,1,6,100,1.0,6,Typec,Toyota,Food
2026-01-07 23:00:00,0.0,0.0,0.0,1,1,6,100,1.0,6,Typec,Toyota,Food
2026-01-08 00:00:00,0.0,0.0,0.0,1,1,6,100,1.0,6,Typec,Toyota,Food
2026-01-08 01:00:00,0.0,0.0,0.0,1,1,6,100,1.0,6,Typec,Toyota,Food
2026-01-08 02:00:00,0.0,0.0,0.0,1,1,6,100,1.0,6,Typec,Toyota,Food
2026-01-08 03:00:00,0.0,0.0,0.0,1,1,6,100,1.0,6,Typec,Toyota,Food
2026-01-08 04:00:00,0.0,0.0,0.0,1,1,6,100,1.0,6,Typec,Toyota,Food
2026-01-08 05:00:00,0.0,0.0,0.0,1,1,6,100,1.0,6,Typec,Toyota,Food
2026-01-08 06:00:00,0.0,0.0,0.0,1,1,6,100,1.0,6,Typec,Toyota,Food
2026-01-08 07:00:00,0.0,0.0,0.0,1,1,6,100,1.0,6,Typec,Toyota,Food
2026-01-08 08:00:00,4.393337577896143,1.1050262471443588,0.251523181989017,0,0,6,0,1.176585222144,6,Typec,Toyota,Food
2026-01-08 09:00:00,4.393337577896143,1.5650713079066674,0.3562374345602051,0,0,6,0,1.176585222144,6,Typec,Toyota,Food
2026-01-08 10:00:00,4.393337577896143,1.5929138519769976,0.362574881564144,0,0,6,0,1.176585222144,6,Typec,Toyota,Food
2026-01-08 11:00:00,4.393337577896143,0.5169136070042517,0.11765852221440001,0,0,6,0,1.176585222144,6,Typec,Toyota,Food
2026-01-08 12:00:00,4.393337577896143,1.4935079369488296,0.3399483673785961,0,0,6,0,1.176585222144,6,Typec,Toyota,Food
2026-01-08 13:00:00,4.393337577896143,0.5169136070042517,0.11765852221440001,0,0,6,0,1.176585222144,6,Typec,Toyota,Food
2026-01-08 14:00:00,4.393337577896143,1.7512430115091246,0.39861335043316887,0,0,6,0,1.176585222144,6,Typec,Toyota,Food
2026-01-08 15:00:00,4.393337577896143,0.5169136070042517,0.11765852221440001,0,0,6,0,1.176585222144,6,Typec,Toyota,Food
2026-01-08 16:00:00,4.393337577896143,1.058912705209543,0.24102693827516647,0,0,6,0,1.176585222144,6,Typec,Toyota,Food
2026-01-08 17:00:00,4.393337577896143,1.5201802759068008,0.34601945535785034,0,0,6,0,1.176585222144,6,Typec,Toyota,Food
2026-01-08 18:00:00,4.393337577896143,2.2189194242027743,0.5050646313560447,0,0,6,0,1.176585222144,6,Typec,Toyota,Food
2026-01-08 19:00:00,4.393337577896143,1.1800011628790354,0.2685887760630741,0,0,6,0,1.176585222144,6,Typec,Toyota,Food
2026-01-08 20:00:00,4.393337577896143,1.820876232326819,0.4144630818920112,0,0,6,0,1.176585222144,6,Typec,Toyota,Food
2026-01-08 21:00:00,4.393337577896143,1.7982020734289133,0.40930204919286584,0,0,6,0,1.176585222144,6,Typec,Toyota,Food
2026-01-08 22:00:00,0.0,0.0,0.0,1,1,6,100,1.0,6,Typec,Toyota,Food
2026-01-08 23:00:00,0.0,0.0,0.0,1,1,6,100,1.0,6,Typec,Toyota,Food
2026-01-09 00:00:00,0.0,0.0,0.0,1,1,6,100,1.0,6,Typec,Toyota,Food
2026-01-09 01:00:00,0.0,0.0,0.0,1,1,6,100,1.0,6,Typec,Toyota,Food
2026-01-09 02:00:00,0.0,0.0,0.0,1,1,6,100,1.0,6,Typec,Toyota,Food
2026-01-09 03:00:00,0.0,0.0,0.0,1,1,6,100,1.0,6,Typec,Toyota,Food
2026-01-09 04:00:00,0.0,0.0,0.0,1,1,6,100,1.0,6,Typec,Toyota,Food
2026-01-09 05:00:00,0.0,0.0,0.0,1,1,6,100,1.0,6,Typec,Toyota,Food
2026-01-09 06:00:00,0.0,0.0,0.0,1,1,6,100,1.0,6,Typec,Toyota,Food
2026-01-09 07:00:00,0.0,0.0,0.0,1,1,6,100,1.0,6,Typec,Toyota,Food
2026-01-09 08:00:00,6.6639573051221515,2.2834288364690063,0.34265358133580515,0,0,6,0,1.137342385344,6,Typec,Toyota,Food
2026-01-09 09:00:00,6.6639573051221515,3.215108855330817,0.4824624030618521,0,0,6,0,1.137342385344,6,Typec,Toyota,Food
2026-01-09 10:00:00,6.6639573051221515,1.5056235622817713,0.22593535542679666,0,0,6,0,1.137342385344,6,Typec,Toyota,Food
2026-01-09 11:00:00,6.6639573051221515,2.3863655919550206,0.358100372299921,0,0,6,0,1.137342385344,6,Typec,Toyota,Food
2026-01-09 12:00:00,6.6639573051221515,2.1440820383839947,0.32174306350011844,0,0,6,0,1.137342385344,6,Typec,Toyota,Food
2026-01-09 13:00:00,6.6639573051221515,0.7579201097238202,0.1137342385344,0,0,6,0,1.137342385344,6,Typec,Toyota,Food
2026-01-09 14:00:00,6.6639573051221515,3.1453866716261483,0.47199982346953123,0,0,6,0,1.137342385344,6,Typec,Toyota,Food
2026-01-09 15:00:00,6.6639573051221515,2.362540644188122,0.3545251771604525,0,0,6,0,1.137342385344,6,Typec,Toyota,Food
2026-01-09 16:00:00,6.6639573051221515,2.170877291534726,0.32576398559248176,0,0,6,0,1.137342385344,6,Typec,Toyota,Food
2026-01-09 17:00:00,6.6639573051221515,1.063988421154912,0.1596631509534272,0,0,6,0,1.137342385344,6,Typec,Toyota,Food
2026-01-09 18:00:00,6.6639573051221515,1.3117711035678359,0.19684566444619364,0,0,6,0,1.137342385344,6,Typec,Toyota,Food
2026-01-09 19:00:00,6.6639573051221515,1.0027266267775985,0.15047014572060172,0,0,6,0,1.137342385344,6,Typec,Toyota,Food
2026-01-09 20:00:00,6.6639573051221515,2.448083617839181,0.3673618400822434,0,0,6,0,1.137342385344,6,Typec,Toyota,Food
2026-01-09 21:00:00,6.6639573051221515,1.0871605127758253,0.163140377856292,0,0,6,0,1.137342385344,6,Typec,Toyota,Food
2026-01-09 22:00:00,0.0,0.0,0.0,1,1,6,100,1.0,6,Typec,Toyota,Food
2026-01-09 23:00:00,0.0,0.0,0.0,1,1,6,100,1.0,6,Typec,Toyota,Food
2026-01-10 00:00:00,0.0,0.0,0.0,1,1,6,100,1.0,6,Typec,Toyota,Food
2026-01-10 01:00:00,0.0,0.0,0.0,1,1,6,100,1.0,6,Typec,Toyota,Food
2026-01-10 02:00:00,0.0,0.0,0.0,1,1,6,100,1.0,6,Typec,Toyota,Food
2026-01-10 03:00:00,0.0,0.0,0.0,1,1,6,100,1.0,6,Typec,Toyota,Food
2026-01-10 04:00:00,0.0,0.0,0.0,1,1,6,100,1.0,6,Typec,Toyota,Food
2026-01-10 05:00:00,0.0,0.0,0.0,1,1,6,100,1.0,6,Typec,Toyota,Food
2026-01-10 06:00:00,0.0,0.0,0.0,1,1,6,100,1.0,6,Typec,Toyota,Food
2026-01-10 07:00:00,0.0,0.0,0.0,1,1,6,100,1.0,6,Typec,Toyota,Food
2026-01-10 08:00:00,0.0,0.0,0.0,1,1,6,100,1.0,6,Typec,Toyota,Food
2026-01-10 09:00:00,5.537942649012076,0.9519392010584412,0.17189401577285374,0,0,6,0,1.18961004,6,Typec,Toyota,Food
2026-01-10 10:00:00,5.537942649012076,1.6609818288835676,0.2999275966102454,0,0,6,0,1.18961004,6,Typec,Toyota,Food
2026-01-10 11:00:00,5.537942649012076,2.384400258584764,0.4305570515451477,0,0,6,0,1.18961004,6,Typec,Toyota,Food
2026-01-10 12:00:00,5.537942649012076,2.290767379112212,0.4136495309356204,0,0,6,0,1.18961004,6,Typec,Toyota,Food
2026-01-10 13:00:00,5.537942649012076,0.961484330732344,0.1736176034440994,0,0,6,0,1.18961004,6,Typec,Toyota,Food
2026-01-10 14:00:00,5.537942649012076,2.5588209420296093,0.46205262571400624,0,0,6,0,1.18961004,6,Typec,Toyota,Food
2026-01-10 15:00:00,5.537942649012076,2.8612540947716516,0.5166637280510797,0,0,6,0,1.18961004,6,Typec,Toyota,Food
2026-01-10 16:00:00,5.537942649012076,1.228240420247198,0.22178641024141083,0,0,6,0,1.18961004,6,Typec,Toyota,Food
2026-01-10 17:00:00,5.537942649012076,1.1379579324581797,0.20548387814402197,0,0,6,0,1.18961004,6,Typec,Toyota,Food
2026-01-10 18:00:00,5.537942649012076,2.9618623825809474,0.5348308153948325,0,0,6,0,1.18961004,6,Typec,Toyota,Food
2026-01-10 19:00:00,0.0,0.0,0.0,1,1,6,100,1.0,6,Typec,Toyota,Food
2026-01-10 20:00:00,0.0,0.0,0.0,1,1,6,100,1.0,6,Typec,Toyota,Food
2026-01-10 21:00:00,0.0,0.0,0.0,1,1,6,100,1.0,6,Typec,Toyota,Food
2026-01-10 22:00:00,0.0,0.0,0.0,1,1,6,100,1.0,6,Typec,Toyota,Food
2026-01-10 23:00:00,0.0,0.0,0.0,1,1,6,100,1.0,6,Typec,Toyota,Food
2026-01-11 00:00:00,0.0,0.0,0.0,1,1,6,100,1.0,6,Typec,Toyota,Food
2026-01-11 01:00:00,0.0,0.0,0.0,1,1,6,100,1.0,6,Typec,Toyota,Food
2026-01-11 02:00:00,0.0,0.0,0.0,1,1,6,100,1.0,6,Typec,Toyota,Food
2026-01-11 03:00:00,0.0,0.0,0.0,1,1,6,100,1.0,6,Typec,Toyota,Food
2026-01-11 04:00:00,0.0,0.0,0.0,1,1,6,100,1.0,6,Typec,Toyota,Food
2026-01-11 05:00:00,0.0,0.0,0.0,1,1,6,100,1.0,6,Typec,Toyota,Food
2026-01-11 06:00:00,0.0,0.0,0.0,1,1,6,100,1.0,6,Typec,Toyota,Food
2026-01-11 07:00:00,0.0,0.0,0.0,1,1,6,100,1.0,6,Typec,Toyota,Food
2026-01-11 08:00:00,3.005317908456066,1.141223761351549,0.37973478883564576,0,0,6,0,1.122069513044,6,Typec,Toyota,Food
2026-01-11 09:00:00,3.005317908456066,0.4603738251151244,0.15318639795802305,0,0,6,0,1.122069513044,6,Typec,Toyota,Food
2026-01-11 10:00:00,3.005317908456066,1.0399396765462867,0.3460331679454634,0,0,6,0,1.122069513044,6,Typec,Toyota,Food
2026-01-11 11:00:00,3.005317908456066,1.3187041910094324,0.43879024821267426,0,0,6,0,1.122069513044,6,Typec,Toyota,Food
2026-01-11 12:00:00,3.005317908456066,0.43216684157889507,0.14380070752678337,0,0,6,0,1.122069513044,6,Typec,Toyota,Food
2026-01-11 13:00:00,3.005317908456066,0.6412360427357765,0.21336712529863477,0,0,6,0,1.122069513044,6,Typec,Toyota,Food
2026-01-11 14:00:00,3.005317908456066,0.8322014118692306,0.2769096106364204,0,0,6,0,1.122069513044,6,Typec,Toyota,Food
2026-01-11 15:00:00,3.005317908456066,0.3372175602083711,0.1122069513044,0,0,6,0,1.122069513044,6,Typec,Toyota,Food
2026-01-11 16:00:00,3.005317908456066,1.1557965266353585,0.3845837817634176,0,0,6,0,1.122069513044,6,Typec,Toyota,Food
2026-01-11 17:00:00,3.005317908456066,0.7148130147169063,0.2378493844879559,0,0,6,0,1.122069513044,6,Typec,Toyota,Food
2026-01-11 18:00:00,3.005317908456066,0.8937021987989379,0.29737359774296324,0,0,6,0,1.122069513044,6,Typec,Toyota,Food
2026-01-11 19:00:00,0.0,0.0,0.0,1,1,6,100,1.0,6,Typec,Toyota,Food
2026-01-11 20:00:00,0.0,0.0,0.0,1,1,6,100,1.0,6,Typec,Toyota,Food
2026-01-11 21:00:00,0.0,0.0,0.0,1,1,6,100,1.0,6,Typec,Toyota,Food
2026-01-11 22:00:00,0.0,0.0,0.0,1,1,6,100,1.0,6,Typec,Toyota,Food
2026-01-11 23:00:00,0.0,0.0,0.0,1,1,6,100,1.0,6,Typec,Toyota,Food
2026-01-12 00:00:00,0.0,0.0,0.0,1,1,6,100,1.0,6,Typec,Toyota,Food
2026-01-12 01:00:00,0.0,0.0,0.0,1,1,6,100,1.0,6,Typec,Toyota,Food
2026-01-12 02:00:00,0.0,0.0,0.0,1,1,6,100,1.0,6,Typec,Toyota,Food
2026-01-12 03:00:00,0.0,0.0,0.0,1,1,6,100,1.0,6,Typec,Toyota,Food
2026-01-12 04:00:00,0.0,0.0,0.0,1,1,6,100,1.0,6,Typec,Toyota,Food
2026-01-12 05:00:00,0.0,0.0,0.0,1,1,6,100,1.0,6,Typec,Toyota,Food
2026-01-12 06:00:00,0.0,0.0,0.0,1,1,6,100,1.0,6,Typec,Toyota,Food
2026-01-12 07:00:00,0.0,0.0,0.0,1,1,6,100,1.0,6,Typec,Toyota,Food
2026-01-12 08:00:00,4.596167991877944,1.8914754919324441,0.4115331500665205,0,0,6,0,1.119889326784,6,Typec,Toyota,Food
2026-01-12 09:00:00,4.596167991877944,1.1285116940504147,0.24553316938037273,0,0,6,0,1.119889326784,6,Typec,Toyota,Food
2026-01-12 10:00:00,4.596167991877944,1.5231638859224217,0.3313986539687105,0,0,6,0,1.119889326784,6,Typec,Toyota,Food
2026-01-12 11:00:00,4.596167991877944,1.7326939604396132,0.37698664702889884,0,0,6,0,1.119889326784,6,Typec,Toyota,Food
2026-01-12 12:00:00,4.596167991877944,1.8045965027541708,0.39263066666473884,0,0,6,0,1.119889326784,6,Typec,Toyota,Food
2026-01-12 13:00:00,4.596167991877944,2.090545753736725,0.4548453749799844,0,0,6,0,1.119889326784,6,Typec,Toyota,Food
2026-01-12 14:00:00,4.596167991877944,1.3575690107199812,0.2953697543516666,0,0,6,0,1.119889326784,6,Typec,Toyota,Food
2026-01-12 15:00:00,4.596167991877944,0.514719947821036,0.1119889326784,0,0,6,0,1.119889326784,6,Typec,Toyota,Food
2026-01-12 16:00:00,4.596167991877944,1.6462572470208856,0.35818039069286567,0,0,6,0,1.119889326784,6,Typec,Toyota,Food
2026-01-12 17:00:00,4.596167991877944,2.316239765194662,0.5039501970528,0,0,6,0,1.119889326784,6,Typec,Toyota,Food
2026-01-12 18:00:00,4.596167991877944,1.0281417400286297,0.22369542232692463,0,0,6,0,1.119889326784,6,Typec,Toyota,Food
2026-01-12 19:00:00,4.596167991877944,1.3378968233556774,0.29108962634088303,0,0,6,0,1.119889326784,6,Typec,Toyota,Food
2026-01-12 20:00:00,4.596167991877944,1.0071801245799015,0.21913475015702785,0,0,6,0,1.119889326784,6,Typec,Toyota,Food
2026-01-12 21:00:00,0.0,0.0,0.0,1,1,6,100,1.0,6,Typec,Toyota,Food
2026-01-12 22:00:00,0.0,0.0,0.0,1,1,6,100,1.0,6,Typec,Toyota,Food
2026-01-12 23:00:00,0.0,0.0,0.0,1,1,6,100,1.0,6,Typec,Toyota,Food
2026-01-13 00:00:00,0.0,0.0,0.0,1,1,6,100,1.0,6,Typec,Toyota,Food
2026-01-13 01:00:00,0.0,0.0,0.0,1,1,6,100,1.0,6,Typec,Toyota,Food
2026-01-13 02:00:00,0.0,0.0,0.0,1,1,6,100,1.0,6,Typec,Toyota,Food
2026-01-13 03:00:00,0.0,0.0,0.0,1,1,6,100,1.0,6,Typec,Toyota,Food
2026-01-13 04:00:00,0.0,0.0,0.0,1,1,6,100,1.0,6,Typec,Toyota,Food
2026-01-13 05:00:00,0.0,0.0,0.0,1,1,6,100,1.0,6,Typec,Toyota,Food
2026-01-13 06:00:00,0.0,0.0,0.0,1,1,6,100,1.0,6,Typec,Toyota,Food
2026-01-13 07:00:00,0.0,0.0,0.0,1,1,6,100,1.0,6,Typec,Toyota,Food
2026-01-13 08:00:00,5.510045411863492,1.8294638359997697,0.332023368094356,0,0,6,0,1.12425024,6,Typec,Toyota,Food
2026-01-13 09:00:00,5.510045411863492,2.7876014445142934,0.505912608,0,0,6,0,1.12425024,6,Typec,Toyota,Food
2026-01-13 10:00:00,5.510045411863492,1.6014905938044677,0.29064925496917915,0,0,6,0,1.12425024,6,Typec,Toyota,Food
2026-01-13 11:00:00,5.510045411863492,2.1407769158502403,0.38852255395953833,0,0,6,0,1.12425024,6,Typec,Toyota,Food
2026-01-13 12:00:00,5.510045411863492,2.113307248655004,0.3835371745040274,0,0,6,0,1.12425024,6,Typec,Toyota,Food
2026-01-13 13:00:00,5.510045411863492,1.632526591688681,0.2962818760393051,0,0,6,0,1.12425024,6,Typec,Toyota,Food
2026-01-13 14:00:00,5.510045411863492,2.441784278090303,0.4431513890671356,0,0,6,0,1.12425024,6,Typec,Toyota,Food
2026-01-13 15:00:00,5.510045411863492,2.7876014445142934,0.505912608,0,0,6,0,1.12425024,6,Typec,Toyota,Food
2026-01-13 16:00:00,5.510045411863492,2.6548537557448477,0.4818206670363863,0,0,6,0,1.12425024,6,Typec,Toyota,Food
2026-01-13 17:00:00,5.510045411863492,2.7876014445142934,0.505912608,0,0,6,0,1.12425024,6,Typec,Toyota,Food
2026-01-13 18:00:00,5.510045411863492,2.6545194962628367,0.481760003383544,0,0,6,0,1.12425024,6,Typec,Toyota,Food
2026-01-13 19:00:00,5.510045411863492,0.6194669876698431,0.11242502400000001,0,0,6,0,1.12425024,6,Typec,Toyota,Food
2026-01-13 20:00:00,5.510045411863492,1.1774961066086054,0.21369989148789564,0,0,6,0,1.12425024,6,Typec,Toyota,Food
2026-01-13 21:00:00,5.510045411863492,2.7876014445142934,0.505912608,0,0,6,0,1.12425024,6,Typec,Toyota,Food
2026-01-13 22:00:00,0.0,0.0,0.0,1,1,6,100,1.0,6,Typec,Toyota,Food
2026-01-13 23:00:00,0.0,0.0,0.0,1,1,6,100,1.0,6,Typec,Toyota,Food
2026-01-14 00:00:00,0.0,0.0,0.0,1,1,6,100,1.0,6,Typec,Toyota,Food
2026-01-14 01:00:00,0.0,0.0,0.0,1,1,6,100,1.0,6,Typec,Toyota,Food
2026-01-14 02:00:00,0.0,0.0,0.0,1,1,6,100,1.0,6,Typec,Toyota,Food
2026-01-14 03:00:00,0.0,0.0,0.0,1,1,6,100,1.0,6,Typec,Toyota,Food
2026-01-14 04:00:00,0.0,0.0,0.0,1,1,6,100,1.0,6,Typec,Toyota,Food
2026-01-14 05:00:00,0.0,0.0,0.0,1,1,6,100,1.0,6,Typec,Toyota,Food
2026-01-14 06:00:00,0.0,0.0,0.0,1,1,6,100,1.0,6,Typec,Toyota,Food
2026-01-14 07:00:00,0.0,0.0,0.0,1,1,6,100,1.0,6,Typec,Toyota,Food
2026-01-14 08:00:00,0.0,0.0,0.0,1,1,6,100,1.0,6,Typec,Toyota,Food
2026-01-14 09:00:00,6.12818867262776,1.6634124348401498,0.27143623078544676,0,0,6,0,1.102475,6,Typec,Toyota,Food
2026-01-14 10:00:00,6.12818867262776,1.702475894104387,0.2778106199159118,0,0,6,0,1.102475,6,Typec,Toyota,Food
2026-01-14 11:00:00,6.12818867262776,2.10139790892274,0.3429068557090726,0,0,6,0,1.102475,6,Typec,Toyota,Food
2026-01-14 12:00:00,6.12818867262776,1.1638611865058035,0.18991928099477737,0,0,6,0,1.102475,6,Typec,Toyota,Food
2026-01-14 13:00:00,6.12818867262776,1.990243650957994,0.32476866449096775,0,0,6,0,1.102475,6,Typec,Toyota,Food
2026-01-14 14:00:00,6.12818867262776,1.7812125849768548,0.2906589010440948,0,0,6,0,1.102475,6,Typec,Toyota,Food
2026-01-14 15:00:00,6.12818867262776,2.4524157257770476,0.40018606749675256,0,0,6,0,1.102475,6,Typec,Toyota,Food
2026-01-14 16:00:00,6.12818867262776,0.6756174806855292,0.11024750000000001,0,0,6,0,1.102475,6,Typec,Toyota,Food
2026-01-14 17:00:00,6.12818867262776,0.7615165809380959,0.12426454562985224,0,0,6,0,1.102475,6,Typec,Toyota,Food
2026-01-14 18:00:00,6.12818867262776,2.0734884486308363,0.3383525800849285,0,0,6,0,1.102475,6,Typec,Toyota,Food
2026-01-14 19:00:00,6.12818867262776,1.5225207182137097,0.24844547052120292,0,0,6,0,1.102475,6,Typec,Toyota,Food
2026-01-14 20:00:00,6.12818867262776,1.8478392732567341,0.30153106765630683,0,0,6,0,1.102475,6,Typec,Toyota,Food
2026-01-14 21:00:00,6.12818867262776,1.5765648342720266,0.2572644085378653,0,0,6,0,1.102475,6,Typec,Toyota,Food
2026-01-14 22:00:00,6.12818867262776,2.120983240716379,0.34610279709402353,0,0,6,0,1.102475,6,Typec,Toyota,Food
2026-01-14 23:00:00,0.0,0.0,0.0,1,1,6,100,1.0,6,Typec,Toyota,Food
