date,Distance_km,Consumption_kWh,Consumption_km,Location,ChargingStation,ID,PowerRating_kW,consumption_factor,VehicleID,ScheduleType,VehicleType,CompanyType
2026-01-01 00:00:00,0.0,0.0,0.0,1,1,0,80,1.0,0,Typec,Renault,Distribution
2026-01-01 01:00:00,0.0,0.0,0.0,1,1,0,80,1.0,0,Typec,Renault,Distribution
2026-01-01 02:00:00,0.0,0.0,0.0,1,1,0,80,1.0,0,Typec,Renault,Distribution
2026-01-01 03:00:00,0.0,0.0,0.0,1,1,0,80,1.0,0,Typec,Renault,Distribution
2026-01-01 04:00:00,0.0,0.0,0.0,1,1,0,80,1.0,0,Typec,Renault,Distribution
2026-01-01 05:00:00,0.0,0.0,0.0,1,1,0,80,1.0,0,Typec,Renault,Distribution
2026-01-01 06:00:00,8.04632590937646,1.4589557150753134,0.18131949059820934,0,0,0,0,1.1329772784640002,0,Typec,Renault,Distribution
2026-01-01 07:00:00,8.04632590937646,1.458976144952136,0.18132202962994293,0,0,0,0,1.1329772784640002,0,Typec,Renault,Distribution
2026-01-01 08:00:00,8.04632590937646,3.7154642740176738,0.4617591079287514,0,0,0,0,1.1329772784640002,0,Typec,Renault,Distribution
2026-01-01 09:00:00,8.04632590937646,2.705307467472345,0.33621649159398637,0,0,0,0,1.1329772784640002,0,Typec,Renault,Distribution
2026-01-01 10:00:00,8.04632590937646,1.1661280012033461,0.14492676711546645,0,0,0,0,1.1329772784640002,0,Typec,Renault,Distribution
2026-01-01 11:00:00,8.04632590937646,2.4254789058696176,0.30143930698148635,0,0,0,0,1.1329772784640002,0,Typec,Renault,Distribution
2026-01-01 12:00:00,8.04632590937646,1.1736648020676255,0.14586344317720745,0,0,0,0,1.1329772784640002,0,Typec,Renault,Distribution
2026-01-01 13:00:00,8.04632590937646,1.1707877301795173,0.14550587974757365,0,0,0,0,1.1329772784640002,0,Typec,Renault,Distribution
2026-01-01 14:00:00,8.04632590937646,2.0514223865541936,0.25495144114951296,0,0,0,0,1.1329772784640002,0,Typec,Renault,Distribution
2026-01-01 15:00:00,8.04632590937646,0.9116304430439713,0.11329772784640002,0,0,0,0,1.1329772784640002,0,Typec,Renault,Distribution
2026-01-01 16:00:00,8.04632590937646,0.9116304430439713,0.11329772784640002,0,0,0,0,1.1329772784640002,0,Typec,Renault,Distribution
2026-01-01 17:00:00,8.04632590937646,1.0506335945133596,0.13057308470305015,0,0,0,0,1.1329772784640002,0,Typec,Renault,Distribution
2026-01-01 18:00:00,8.04632590937646,0.9116304430439713,0.11329772784640002,0,0,0,0,1.1329772784640002,0,Typec,Renault,Distribution
2026-01-01 19:00:00,8.04632590937646,2.1413721494729545,0.2661304269290899,0,0,0,0,1.1329772784640002,0,Typec,Renault,Distribution
2026-01-01 20:00:00,8.04632590937646,0.9116304430439713,0.11329772784640002,0,0,0,0,1.1329772784640002,0,Typec,Renault,Distribution
2026-01-01 21:00:00,8.04632590937646,0.9116304430439713,0.11329772784640002,0,0,0,0,1.1329772784640002,0,Typec,Renault,Distribution
2026-01-01 22:00:00,8.04632590937646,3.5741479505471974,0.4441962693037587,0,0,0,0,1.1329772784640002,0,Typec,Renault,Distribution
2026-01-01 23:00:00,8.04632590937646,1.469379941475956,0.18261501684435544,0,0,0,0,1.1329772784640002,0,Typec,Renault,Distribution
2026-01-02 00:00:00,0.0,0.0,0.0,1,1,0,80,1.0,0,Typec,Renault,Distribution
2026-01-02 01:00:00,0.0,0.0,0.0,1,1,0,80,1.0,0,Typec,Renault,Distribution
2026-01-02 02:00:00,0.0,0.0,0.0,1,1,0,80,1.0,0,Typec,Renault,Distribution
2026-01-02 03:00:00,0.0,0.0,0.0,1,1,0,80,1.0,0,Typec,Renault,Distribution
2026-01-02 04:00:00,0.0,0.0,0.0,1,1,0,80,1.0,0,Typec,Renault,Distribution
2026-01-02 05:00:00,6.885689799761534,0.8487232665715662,0.123259004,0,0,0,0,1.23259004,0,Typec,Renault,Distribution
2026-01-02 06:00:00,6.885689799761534,2.064797553214013,0.2998679309203736,0,0,0,0,1.23259004,0,Typec,Renault,Distribution
2026-01-02 07:00:00,6.885689799761534,0.9337043895881916,0.13560070475735456,0,0,0,0,1.23259004,0,Typec,Renault,Distribution
2026-01-02 08:00:00,6.885689799761534,1.2916193453148315,0.18758024001597676,0,0,0,0,1.23259004,0,Typec,Renault,Distribution
2026-01-02 09:00:00,6.885689799761534,0.9324671938394613,0.13542102838727277,0,0,0,0,1.23259004,0,Typec,Renault,Distribution
2026-01-02 10:00:00,6.885689799761534,3.775426394017905,0.5483003887495275,0,0,0,0,1.23259004,0,Typec,Renault,Distribution
2026-01-02 11:00:00,6.885689799761534,1.6139120389839083,0.23438639931758204,0,0,0,0,1.23259004,0,Typec,Renault,Distribution
2026-01-02 12:00:00,6.885689799761534,0.8487232665715662,0.123259004,0,0,0,0,1.23259004,0,Typec,Renault,Distribution
2026-01-02 13:00:00,6.885689799761534,2.582472923235692,0.37504926860416055,0,0,0,0,1.23259004,0,Typec,Renault,Distribution
2026-01-02 14:00:00,6.885689799761534,0.8487232665715662,0.123259004,0,0,0,0,1.23259004,0,Typec,Renault,Distribution
2026-01-02 15:00:00,6.885689799761534,1.8715186627441394,0.2717982826947787,0,0,0,0,1.23259004,0,Typec,Renault,Distribution
2026-01-02 16:00:00,6.885689799761534,0.8487232665715662,0.123259004,0,0,0,0,1.23259004,0,Typec,Renault,Distribution
2026-01-02 17:00:00,6.885689799761534,0.8487232665715662,0.123259004,0,0,0,0,1.23259004,0,Typec,Renault,Distribution
2026-01-02 18:00:00,6.885689799761534,1.8576138425619426,0.26977890328813187,0,0,0,0,1.23259004,0,Typec,Renault,Distribution
2026-01-02 19:00:00,6.885689799761534,2.4850675651751324,0.3609032119427157,0,0,0,0,1.23259004,0,Typec,Renault,Distribution
2026-01-02 20:00:00,6.885689799761534,1.8280800695160955,0.26548975087135146,0,0,0,0,1.23259004,0,Typec,Renault,Distribution
2026-01-02 21:00:00,6.885689799761534,1.495569297194761,0.21719963296147263,0,0,0,0,1.23259004,0,Typec,Renault,Distribution
2026-01-02 22:00:00,6.885689799761534,1.2807178548045766,0.18599703036999002,0,0,0,0,1.23259004,0,Typec,Renault,Distribution
2026-01-02 23:00:00,6.885689799761534,0.8487232665715662,0.123259004,0,0,0,0,1.23259004,0,Typec,Renault,Distribution
2026-01-03 00:00:00,0.0,0.0,0.0,1,1,0,80,1.0,0,Typec,Renault,Distribution
2026-01-03 01:00:00,0.0,0.0,0.0,1,1,0,80,1.0,0,Typec,Renault,Distribution
2026-01-03 02:00:00,0.0,0.0,0.0,1,1,0,80,1.0,0,Typec,Renault,Distribution
2026-01-03 03:00:00,0.0,0.0,0.0,1,1,0,80,1.0,0,Typec,Renault,Distribution
2026-01-03 04:00:00,0.0,0.0,0.0,1,1,0,80,1.0,0,Typec,Renault,Distribution
2026-01-03 05:00:00,0.0,0.0,0.0,1,1,0,80,1.0,0,Typec,Renault,Distribution
2026-01-03 06:00:00,0.0,0.0,0.0,1,1,0,80,1.0,0,Typec,Renault,Distribution
2026-01-03 07:00:00,5.58244816739478,0.6749453430187302,0.1209049010004,0,0,0,0,1.209049010004,0,Typec,Renault,Distribution
2026-01-03 08:00:00,5.58244816739478,1.594473747035869,0.2856226693422178,0,0,0,0,1.209049010004,0,Typec,Renault,Distribution
2026-01-03 09:00:00,5.58244816739478,0.9411186022261372,0.16858528265840378,0,0,0,0,1.209049010004,0,Typec,Renault,Distribution
2026-01-03 10:00:00,5.58244816739478,0.6749453430187302,0.1209049010004,0,0,0,0,1.209049010004,0,Typec,Renault,Distribution
2026-01-03 11:00:00,5.58244816739478,1.8594326640287506,0.3330855223858732,0,0,0,0,1.209049010004,0,Typec,Renault,Distribution
2026-01-03 12:00:00,5.58244816739478,2.2457553240816983,0.4022886118671745,0,0,0,0,1.209049010004,0,Typec,Renault,Distribution
2026-01-03 13:00:00,5.58244816739478,2.1538837985362123,0.3858314011971181,0,0,0,0,1.209049010004,0,Typec,Renault,Distribution
2026-01-03 14:00:00,5.58244816739478,0.6749453430187302,0.1209049010004,0,0,0,0,1.209049010004,0,Typec,Renault,Distribution
2026-01-03 15:00:00,5.58244816739478,1.0110175751355723,0.18110648676338623,0,0,0,0,1.209049010004,0,Typec,Renault,Distribution
2026-01-03 16:00:00,5.58244816739478,1.6010881882076597,0.2868075332179674,0,0,0,0,1.209049010004,0,Typec,Renault,Distribution
2026-01-03 17:00:00,5.58244816739478,2.1946651678181994,0.39313668519781475,0,0,0,0,1.209049010004,0,Typec,Renault,Distribution
2026-01-03 18:00:00,5.58244816739478,0.8544316448479309,0.15305679859929225,0,0,0,0,1.209049010004,0,Typec,Renault,Distribution
2026-01-03 19:00:00,5.58244816739478,1.1248473703906594,0.20149714545681194,0,0,0,0,1.209049010004,0,Typec,Renault,Distribution
2026-01-03 20:00:00,5.58244816739478,0.6749453430187302,0.1209049010004,0,0,0,0,1.209049010004,0,Typec,Renault,Distribution
2026-01-03 21:00:00,0.0,0.0,0.0,1,1,0,80,1.0,0,Typec,Renault,Distribution
2026-01-03 22:00:00,0.0,0.0,0.0,1,1,0,80,1.0,0,Typec,Renault,Distribution
2026-01-03 23:00:00,0.0,0.0,0.0,1,1,0,80,1.0,0,Typec,Renault,Distribution
2026-01-04 00:00:00,0.0,0.0,0.0,1,1,0,80,1.0,0,Typec,Renault,Distribution
2026-01-04 01:00:00,0.0,0.0,0.0,1,1,0,80,1.0,0,Typec,Renault,Distribution
2026-01-04 02:00:00,0.0,0.0,0.0,1,1,0,80,1.0,0,Typec,Renault,Distribution
2026-01-04 03:00:00,0.0,0.0,0.0,1,1,0,80,1.0,0,Typec,Renault,Distribution
2026-01-04 04:00:00,0.0,0.0,0.0,1,1,0,80,1.0,0,Typec,Renault,Distribution
2026-01-04 05:00:00,0.0,0.0,0.0,1,1,0,80,1.0,0,Typec,Renault,Distribution
2026-01-04 06:00:00,4.794656545086332,2.0584982543248693,0.4293317435707596,0,0,0,0,1.3050301525,0,Typec,Renault,Distribution
2026-01-04 07:00:00,4.794656545086332,1.5102516376443877,0.3149864069392262,0,0,0,0,1.3050301525,0,Typec,Renault,Distribution
2026-01-04 08:00:00,4.794656545086332,0.6503776090137012,0.1356463393984335,0,0,0,0,1.3050301525,0,Typec,Renault,Distribution
2026-01-04 09:00:00,4.794656545086332,1.5100462943804809,0.3149435794161334,0,0,0,0,1.3050301525,0,Typec,Renault,Distribution
2026-01-04 10:00:00,4.794656545086332,2.515019917377137,0.5245464182318927,0,0,0,0,1.3050301525,0,Typec,Renault,Distribution
2026-01-04 11:00:00,4.794656545086332,1.1707777421451924,0.24418385991485267,0,0,0,0,1.3050301525,0,Typec,Renault,Distribution
2026-01-04 12:00:00,4.794656545086332,2.537745135915961,0.5292861150850725,0,0,0,0,1.3050301525,0,Typec,Renault,Distribution
2026-01-04 13:00:00,4.794656545086332,0.625717136221914,0.13050301525000002,0,0,0,0,1.3050301525,0,Typec,Renault,Distribution
2026-01-04 14:00:00,4.794656545086332,1.9033670285086777,0.39697671994030304,0,0,0,0,1.3050301525,0,Typec,Renault,Distribution
2026-01-04 15:00:00,4.794656545086332,1.2757241412234703,0.26607205943267404,0,0,0,0,1.3050301525,0,Typec,Renault,Distribution
2026-01-04 16:00:00,4.794656545086332,0.9459935600926461,0.1973016317638269,0,0,0,0,1.3050301525,0,Typec,Renault,Distribution
2026-01-04 17:00:00,4.794656545086332,1.2797501378209906,0.26691174347670554,0,0,0,0,1.3050301525,0,Typec,Renault,Distribution
2026-01-04 18:00:00,4.794656545086332,0.625717136221914,0.13050301525000002,0,0,0,0,1.3050301525,0,Typec,Renault,Distribution
2026-01-04 19:00:00,4.794656545086332,1.013754287413281,0.2114341825906588,0,0,0,0,1.3050301525,0,Typec,Renault,Distribution
2026-01-04 20:00:00,4.794656545086332,1.5063881383788864,0.31418061423454113,0,0,0,0,1.3050301525,0,Typec,Renault,Distribution
2026-01-04 21:00:00,0.0,0.0,0.0,1,1,0,80,1.0,0,Typec,Renault,Distribution
2026-01-04 22:00:00,0.0,0.0,0.0,1,1,0,80,1.0,0,Typec,Renault,Distribution
2026-01-04 23:00:00,0.0,0.0,0.0,1,1,0,80,1.0,0,Typec,Renault,Distribution
2026-01-05 00:00:00,0.0,0.0,0.0,1,1,0,80,1.0,0,Typec,Renault,Distribution
2026-01-05 01:00:00,0.0,0.0,0.0,1,1,0,80,1.0,0,Typec,Renault,Distribution
2026-01-05 02:00:00,0.0,0.0,0.0,1,1,0,80,1.0,0,Typec,Renault,Distribution
2026-01-05 03:00:00,0.0,0.0,0.0,1,1,0,80,1.0,0,Typec,Renault,Distribution
2026-01-05 04:00:00,0.0,0.0,0.0,1,1,0,80,1.0,0,Typec,Renault,Distribution
2026-01-05 05:00:00,0.0,0.0,0.0,1,1,0,80,1.0,0,Typec,Renault,Distribution
2026-01-05 06:00:00,0.0,0.0,0.0,1,1,0,80,1.0,0,Typec,Renault,Distribution
2026-01-05 07:00:00,6.953650408730265,2.702510171316223,0.388646252322843,0,0,0,0,1.226197579604,0,Typec,Renault,Distribution
2026-01-05 08:00:00,6.953650408730265,2.019722327989733,0.2904549710255759,0,0,0,0,1.226197579604,0,Typec,Renault,Distribution
2026-01-05 09:00:00,6.953650408730265,1.0205233491589172,0.14676080751451875,0,0,0,0,1.226197579604,0,Typec,Renault,Distribution
2026-01-05 10:00:00,6.953650408730265,2.2344760756562883,0.32133856957360374,0,0,0,0,1.226197579604,0,Typec,Renault,Distribution
2026-01-05 11:00:00,6.953650408730265,1.750083499397578,0.2516783842340361,0,0,0,0,1.226197579604,0,Typec,Renault,Distribution
2026-01-05 12:00:00,6.953650408730265,2.7644781655995163,0.3975578297880392,0,0,0,0,1.226197579604,0,Typec,Renault,Distribution
2026-01-05 13:00:00,6.953650408730265,0.8526549300597417,0.12261975796040002,0,0,0,0,1.226197579604,0,Typec,Renault,Distribution
2026-01-05 14:00:00,6.953650408730265,1.2557400192121104,0.18058716579072434,0,0,0,0,1.226197579604,0,Typec,Renault,Distribution
2026-01-05 15:00:00,6.953650408730265,1.1807329891220144,0.1698004529591553,0,0,0,0,1.226197579604,0,Typec,Renault,Distribution
2026-01-05 16:00:00,6.953650408730265,0.8526549300597417,0.12261975796040002,0,0,0,0,1.226197579604,0,Typec,Renault,Distribution
2026-01-05 17:00:00,6.953650408730265,1.9817441510018368,0.28499335378059404,0,0,0,0,1.226197579604,0,Typec,Renault,Distribution
2026-01-05 18:00:00,6.953650408730265,1.9409329042244032,0.27912431458843173,0,0,0,0,1.226197579604,0,Typec,Renault,Distribution
2026-01-05 19:00:00,6.953650408730265,1.6430488848463272,0.23628580504758903,0,0,0,0,1.226197579604,0,Typec,Renault,Distribution
2026-01-05 20:00:00,6.953650408730265,1.3640676052464735,0.19616568637587747,0,0,0,0,1.226197579604,0,Typec,Renault,Distribution
2026-01-05 21:00:00,6.953650408730265,0.8526549300597417,0.12261975796040002,0,0,0,0,1.226197579604,0,Typec,Renault,Distribution
2026-01-05 22:00:00,6.953650408730265,1.1475193199364533,0.16502401652170348,0,0,0,0,1.226197579604,0,Typec,Renault,Distribution
2026-01-05 23:00:00,6.953650408730265,1.2382209575214629,0.17806776077883985,0,0,0,0,1.226197579604,0,Typec,Renault,Distribution
2026-01-06 00:00:00,0.0,0.0,0.0,1,1,0,80,1.0,0,Typec,Renault,Distribution
2026-01-06 01:00:00,0.0,0.0,0.0,1,1,0,80,1.0,0,Typec,Renault,Distribution
2026-01-06 02:00:00,0.0,0.0,0.0,1,1,0,80,1.0,0,Typec,Renault,Distribution
2026-01-06 03:00:00,0.0,0.0,0.0,1,1,0,80,1.0,0,Typec,Renault,Distribution
2026-01-06 04:00:00,0.0,0.0,0.0,1,1,0,80,1.0,0,Typec,Renault,Distribution
2026-01-06 05:00:00,0.0,0.0,0.0,1,1,0,80,1.0,0,Typec,Renault,Distribution
2026-01-06 06:00:00,8.232042622603132,2.3641581257711466,0.2871897333572787,0,0,0,0,1.3306301459840002,0,Typec,Renault,Distribution
2026-01-06 07:00:00,8.232042622603132,2.4882182476776875,0.3022601268907017,0,0,0,0,1.3306301459840002,0,Typec,Renault,Distribution
2026-01-06 08:00:00,8.232042622603132,1.9918192770481042,0.24195930079116285,0,0,0,0,1.3306301459840002,0,Typec,Renault,Distribution
2026-01-06 09:00:00,8.232042622603132,1.0953804076660918,0.13306301459840003,0,0,0,0,1.3306301459840002,0,Typec,Renault,Distribution
2026-01-06 10:00:00,8.232042622603132,2.0634869884306197,0.25066524592144357,0,0,0,0,1.3306301459840002,0,Typec,Renault,Distribution
2026-01-06 11:00:00,8.232042622603132,2.1931862466883527,0.2664206621897719,0,0,0,0,1.3306301459840002,0,Typec,Renault,Distribution
2026-01-06 12:00:00,8.232042622603132,4.929211834497413,0.5987835656928001,0,0,0,0,1.3306301459840002,0,Typec,Renault,Distribution
2026-01-06 13:00:00,8.232042622603132,1.8155133730102464,0.22054227076343122,0,0,0,0,1.3306301459840002,0,Typec,Renault,Distribution
2026-01-06 14:00:00,8.232042622603132,2.554002237028162,0.3102513378654661,0,0,0,0,1.3306301459840002,0,Typec,Renault,Distribution
2026-01-06 15:00:00,8.232042622603132,2.051229544023908,0.2491762540674588,0,0,0,0,1.3306301459840002,0,Typec,Renault,Distribution
2026-01-06 16:00:00,8.232042622603132,1.0953804076660918,0.13306301459840003,0,0,0,0,1.3306301459840002,0,Typec,Renault,Distribution
2026-01-06 17:00:00,8.232042622603132,3.8118724911380237,0.4630530557108116,0,0,0,0,1.3306301459840002,0,Typec,Renault,Distribution
2026-01-06 18:00:00,8.232042622603132,3.22741633443788,0.3920553479128256,0,0,0,0,1.3306301459840002,0,Typec,Renault,Distribution
2026-01-06 19:00:00,8.232042622603132,3.285876806617365,0.399156923409892,0,0,0,0,1.3306301459840002,0,Typec,Renault,Distribution
2026-01-06 20:00:00,8.232042622603132,1.0953804076660918,0.13306301459840003,0,0,0,0,1.3306301459840002,0,Typec,Renault,Distribution
2026-01-06 21:00:00,8.232042622603132,4.200580379431228,0.5102719424578154,0,0,0,0,1.3306301459840002,0,Typec,Renault,Distribution
2026-01-06 22:00:00,8.232042622603132,1.0953804076660918,0.13306301459840003,0,0,0,0,1.3306301459840002,0,Typec,Renault,Distribution
2026-01-06 23:00:00,8.232042622603132,2.9805957387343414,0.36207243759287283,0,0,0,0,1.3306301459840002,0,Typec,Renault,Distribution
2026-01-07 00:00:00,0.0,0.0,0.0,1,1,0,80,1.0,0,Typec,Renault,Distribution
2026-01-07 01:00:00,0.0,0.0,0.0,1,1,0,80,1.0,0,Typec,Renault,Distribution
2026-01-07 02:00:00,0.0,0.0,0.0,1,1,0,80,1.0,0,Typec,Renault,Distribution
2026-01-07 03:00:00,0.0,0.0,0.0,1,1,0,80,1.0,0,Typec,Renault,Distribution
2026-01-07 04:00:00,0.0,0.0,0.0,1,1,0,80,1.0,0,Typec,Renault,Distribution
2026-01-07 05:00:00,0.0,0.0,0.0,1,1,0,80,1.0,0,Typec,Renault,Distribution
2026-01-07 06:00:00,0.0,0.0,0.0,1,1,0,80,1.0,0,Typec,Renault,Distribution
2026-01-07 07:00:00,0.0,0.0,0.0,1,1,0,80,1.0,0,Typec,Renault,Distribution
2026-01-07 08:00:00,7.722755106234746,1.2212187172874196,0.15813251883404972,0,0,0,0,1.282756305344,0,Typec,Renault,Distribution
2026-01-07 09:00:00,7.722755106234746,0.9906412807150194,0.12827563053440003,0,0,0,0,1.282756305344,0,Typec,Renault,Distribution
2026-01-07 10:00:00,7.722755106234746,1.9947438514518998,0.25829432942156877,0,0,0,0,1.282756305344,0,Typec,Renault,Distribution
2026-01-07 11:00:00,7.722755106234746,0.9906412807150194,0.12827563053440003,0,0,0,0,1.282756305344,0,Typec,Renault,Distribution
2026-01-07 12:00:00,7.722755106234746,2.5424349483820143,0.3292134624765522,0,0,0,0,1.282756305344,0,Typec,Renault,Distribution
2026-01-07 13:00:00,7.722755106234746,0.9906412807150194,0.12827563053440003,0,0,0,0,1.282756305344,0,Typec,Renault,Distribution
2026-01-07 14:00:00,7.722755106234746,3.9978918494476443,0.5176768904946967,0,0,0,0,1.282756305344,0,Typec,Renault,Distribution
2026-01-07 15:00:00,7.722755106234746,0.9906412807150194,0.12827563053440003,0,0,0,0,1.282756305344,0,Typec,Renault,Distribution
2026-01-07 16:00:00,7.722755106234746,1.4665315130875265,0.18989745148121612,0,0,0,0,1.282756305344,0,Typec,Renault,Distribution
2026-01-07 17:00:00,7.722755106234746,3.0020898614777107,0.388733013047903,0,0,0,0,1.282756305344,0,Typec,Renault,Distribution
2026-01-07 18:00:00,7.722755106234746,0.9906412807150194,0.12827563053440003,0,0,0,0,1.282756305344,0,Typec,Renault,Distribution
2026-01-07 19:00:00,7.722755106234746,2.2096083482389965,0.2861165889431263,0,0,0,0,1.282756305344,0,Typec,Renault,Distribution
2026-01-07 20:00:00,7.722755106234746,3.6695828249981313,0.47516498639657734,0,0,0,0,1.282756305344,0,Typec,Renault,Distribution
2026-01-07 21:00:00,7.722755106234746,0.9906412807150194,0.12827563053440003,0,0,0,0,1.282756305344,0,Typec,Renault,Distribution
2026-01-07 22:00:00,7.722755106234746,2.151697842611761,0.2786179042340277,0,0,0,0,1.282756305344,0,Typec,Renault,Distribution
2026-01-07 23:00:00,7.722755106234746,2.253451360910364,0.29179370961680556,0,0,0,0,1.282756305344,0,Typec,Renault,Distribution
2026-01-08 00:00:00,0.0,0.0,0.0,1,1,0,80,1.0,0,Typec,Renault,Distribution
2026-01-08 01:00:00,0.0,0.0,0.0,1,1,0,80,1.0,0,Typec,Renault,Distribution
2026-01-08 02:00:00,0.0,0.0,0.0,1,1,0,80,1.0,0,Typec,Renault,Distribution
2026-01-08 03:00:00,0.0,0.0,0.0,1,1,0,80,1.0,0,Typec,Renault,Distribution
2026-01-08 04:00:00,0.0,0.0,0.0,1,1,0,80,1.0,0,Typec,Renault,Distribution
2026-01-08 05:00:00,0.0,0.0,0.0,1,1,0,80,1.0,0,Typec,Renault,Distribution
2026-01-08 06:00:00,7.87039543189573,2.1533500620958668,0.2736012543117154,0,0,0,0,1.176585222144,0,Typec,Renault,Distribution
2026-01-08 07:00:00,7.87039543189573,2.0945836510420643,0.2661344870365103,0,0,0,0,1.176585222144,0,Typec,Renault,Distribution
2026-01-08 08:00:00,7.87039543189573,2.215872766600233,0.2815452902938193,0,0,0,0,1.176585222144,0,Typec,Renault,Distribution
2026-01-08 09:00:00,7.87039543189573,0.9260190957598161,0.11765852221440001,0,0,0,0,1.176585222144,0,Typec,Renault,Distribution
2026-01-08 10:00:00,7.87039543189573,2.0715290683913996,0.2632052082156225,0,0,0,0,1.176585222144,0,Typec,Renault,Distribution
2026-01-08 11:00:00,7.87039543189573,2.148404978526375,0.27297293981185544,0,0,0,0,1.176585222144,0,Typec,Renault,Distribution
2026-01-08 12:00:00,7.87039543189573,0.9260190957598161,0.11765852221440001,0,0,0,0,1.176585222144,0,Typec,Renault,Distribution
2026-01-08 13:00:00,7.87039543189573,4.13632562094205,0.5255549936130388,0,0,0,0,1.176585222144,0,Typec,Renault,Distribution
2026-01-08 14:00:00,7.87039543189573,2.3768890883546607,0.30200376955928154,0,0,0,0,1.176585222144,0,Typec,Renault,Distribution
2026-01-08 15:00:00,7.87039543189573,0.9260190957598161,0.11765852221440001,0,0,0,0,1.176585222144,0,Typec,Renault,Distribution
2026-01-08 16:00:00,7.87039543189573,2.607850973173294,0.33134942147946755,0,0,0,0,1.176585222144,0,Typec,Renault,Distribution
2026-01-08 17:00:00,7.87039543189573,0.9260190957598161,0.11765852221440001,0,0,0,0,1.176585222144,0,Typec,Renault,Distribution
2026-01-08 18:00:00,7.87039543189573,2.7728442480639868,0.35231320612261746,0,0,0,0,1.176585222144,0,Typec,Renault,Distribution
2026-01-08 19:00:00,7.87039543189573,3.2424400893872756,0.41197931126140047,0,0,0,0,1.176585222144,0,Typec,Renault,Distribution
2026-01-08 20:00:00,7.87039543189573,0.9260190957598161,0.11765852221440001,0,0,0,0,1.176585222144,0,Typec,Renault,Distribution
2026-01-08 21:00:00,7.87039543189573,2.9956795685472537,0.380626309626947,0,0,0,0,1.176585222144,0,Typec,Renault,Distribution
2026-01-08 22:00:00,7.87039543189573,2.2997183871261337,0.2921985822727847,0,0,0,0,1.176585222144,0,Typec,Renault,Distribution
2026-01-08 23:00:00,0.0,0.0,0.0,1,1,0,80,1.0,0,Typec,Renault,Distribution
2026-01-09 00:00:00,0.0,0.0,0.0,1,1,0,80,1.0,0,Typec,Renault,Distribution
2026-01-09 01:00:00,0.0,0.0,0.0,1,1,0,80,1.0,0,Typec,Renault,Distribution
2026-01-09 02:00:00,0.0,0.0,0.0,1,1,0,80,1.0,0,Typec,Renault,Distribution
2026-01-09 03:00:00,0.0,0.0,0.0,1,1,0,80,1.0,0,Typec,Renault,Distribution
2026-01-09 04:00:00,0.0,0.0,0.0,1,1,0,80,1.0,0,Typec,Renault,Distribution
2026-01-09 05:00:00,0.0,0.0,0.0,1,1,0,80,1.0,0,Typec,Renault,Distribution
2026-01-09 06:00:00,6.348955354064094,0.7220936026833816,0.1137342385344,0,0,0,0,1.137342385344,0,Typec,Renault,Distribution
2026-01-09 07:00:00,6.348955354064094,0.7220936026833816,0.1137342385344,0,0,0,0,1.137342385344,0,Typec,Renault,Distribution
2026-01-09 08:00:00,6.348955354064094,1.310423818368,0.20639991073951577,0,0,0,0,1.137342385344,0,Typec,Renault,Distribution
2026-01-09 09:00:00,6.348955354064094,1.7226788110836266,0.27133263899562715,0,0,0,0,1.137342385344,0,Typec,Renault,Distribution
2026-01-09 10:00:00,6.348955354064094,1.6591421527525594,0.26132521969783723,0,0,0,0,1.137342385344,0,Typec,Renault,Distribution
2026-01-09 11:00:00,6.348955354064094,2.201739311845015,0.34678765073306705,0,0,0,0,1.137342385344,0,Typec,Renault,Distribution
2026-01-09 12:00:00,6.348955354064094,1.3992351328758639,0.22038824575765606,0,0,0,0,1.137342385344,0,Typec,Renault,Distribution
2026-01-09 13:00:00,6.348955354064094,2.819106870864805,0.4440268853143278,0,0,0,0,1.137342385344,0,Typec,Renault,Distribution
2026-01-09 14:00:00,6.348955354064094,1.1255586537060587,0.17728249624334907,0,0,0,0,1.137342385344,0,Typec,Renault,Distribution
2026-01-09 15:00:00,6.348955354064094,3.2494212120752173,0.5118040734047999,0,0,0,0,1.137342385344,0,Typec,Renault,Distribution
2026-01-09 16:00:00,6.348955354064094,2.003113598449663,0.31550286413140866,0,0,0,0,1.137342385344,0,Typec,Renault,Distribution
2026-01-09 17:00:00,6.348955354064094,0.7220936026833816,0.1137342385344,0,0,0,0,1.137342385344,0,Typec,Renault,Distribution
2026-01-09 18:00:00,6.348955354064094,0.7220936026833816,0.1137342385344,0,0,0,0,1.137342385344,0,Typec,Renault,Distribution
2026-01-09 19:00:00,6.348955354064094,1.8619724009195777,0.29327224670554536,0,0,0,0,1.137342385344,0,Typec,Renault,Distribution
2026-01-09 20:00:00,6.348955354064094,1.1661618870120996,0.18367775830485497,0,0,0,0,1.137342385344,0,Typec,Renault,Distribution
2026-01-09 21:00:00,6.348955354064094,2.0901798502690516,0.32921634091049096,0,0,0,0,1.137342385344,0,Typec,Renault,Distribution
2026-01-09 22:00:00,6.348955354064094,1.8528700577633066,0.291838570982744,0,0,0,0,1.137342385344,0,Typec,Renault,Distribution
2026-01-09 23:00:00,6.348955354064094,1.3146353336814094,0.20706325062435427,0,0,0,0,1.137342385344,0,Typec,Renault,Distribution
2026-01-10 00:00:00,0.0,0.0,0.0,1,1,0,80,1.0,0,Typec,Renault,Distribution
2026-01-10 01:00:00,0.0,0.0,0.0,1,1,0,80,1.0,0,Typec,Renault,Distribution
2026-01-10 02:00:00,0.0,0.0,0.0,1,1,0,80,1.0,0,Typec,Renault,Distribution
2026-01-10 03:00:00,0.0,0.0,0.0,1,1,0,80,1.0,0,Typec,Renault,Distribution
2026-01-10 04:00:00,0.0,0.0,0.0,1,1,0,80,1.0,0,Typec,Renault,Distribution
2026-01-10 05:00:00,0.0,0.0,0.0,1,1,0,80,1.0,0,Typec,Renault,Distribution
2026-01-10 06:00:00,0.0,0.0,0.0,1,1,0,80,1.0,0,Typec,Renault,Distribution
2026-01-10 07:00:00,7.007835258355272,1.8442523475983812,0.26317004889627277,0,0,0,0,1.18961004,0,Typec,Renault,Distribution
2026-01-10 08:00:00,7.007835258355272,0.8336591182005426,0.11896100400000001,0,0,0,0,1.18961004,0,Typec,Renault,Distribution
2026-01-10 09:00:00,7.007835258355272,1.7976958230252928,0.2565265530296169,0,0,0,0,1.18961004,0,Typec,Renault,Distribution
2026-01-10 10:00:00,7.007835258355272,2.039095375616539,0.29097364598937664,0,0,0,0,1.18961004,0,Typec,Renault,Distribution
2026-01-10 11:00:00,7.007835258355272,0.8336591182005426,0.11896100400000001,0,0,0,0,1.18961004,0,Typec,Renault,Distribution
2026-01-10 12:00:00,7.007835258355272,1.7755561759506349,0.2533672825475859,0,0,0,0,1.18961004,0,Typec,Renault,Distribution
2026-01-10 13:00:00,7.007835258355272,1.6668638093816335,0.23785716243746913,0,0,0,0,1.18961004,0,Typec,Renault,Distribution
2026-01-10 14:00:00,7.007835258355272,0.8336591182005426,0.11896100400000001,0,0,0,0,1.18961004,0,Typec,Renault,Distribution
2026-01-10 15:00:00,7.007835258355272,2.0077677360721973,0.2865032727015643,0,0,0,0,1.18961004,0,Typec,Renault,Distribution
2026-01-10 16:00:00,7.007835258355272,2.2387672845174107,0.3194663119182465,0,0,0,0,1.18961004,0,Typec,Renault,Distribution
2026-01-10 17:00:00,7.007835258355272,2.8330779249848432,0.4042729060457055,0,0,0,0,1.18961004,0,Typec,Renault,Distribution
2026-01-10 18:00:00,7.007835258355272,2.7997939630543103,0.39952337060380866,0,0,0,0,1.18961004,0,Typec,Renault,Distribution
2026-01-10 19:00:00,0.0,0.0,0.0,1,1,0,80,1.0,0,Typec,Renault,Distribution
2026-01-10 20:00:00,0.0,0.0,0.0,1,1,0,80,1.0,0,Typec,Renault,Distribution
2026-01-10 21:00:00,0.0,0.0,0.0,1,1,0,80,1.0,0,Typec,Renault,Distribution
2026-01-10 22:00:00,0.0,0.0,0.0,1,1,0,80,1.0,0,Typec,Renault,Distribution
2026-01-10 23:00:00,0.0,0.0,0.0,1,1,0,80,1.0,0,Typec,Renault,Distribution
2026-01-11 00:00:00,0.0,0.0,0.0,1,1,0,80,1.0,0,Typec,Renault,Distribution
2026-01-11 01:00:00,0.0,0.0,0.0,1,1,0,80,1.0,0,Typec,Renault,Distribution
2026-01-11 02:00:00,0.0,0.0,0.0,1,1,0,80,1.0,0,Typec,Renault,Distribution
2026-01-11 03:00:00,0.0,0.0,0.0,1,1,0,80,1.0,0,Typec,Renault,Distribution
2026-01-11 04:00:00,0.0,0.0,0.0,1,1,0,80,1.0,0,Typec,Renault,Distribution
2026-01-11 05:00:00,0.0,0.0,0.0,1,1,0,80,1.0,0,Typec,Renault,Distribution
2026-01-11 06:00:00,5.764770661691652,1.69670650850576,0.29432333185096166,0,0,0,0,1.122069513044,0,Typec,Renault,Distribution
2026-01-11 07:00:00,5.764770661691652,2.9108130341286103,0.5049312808698,0,0,0,0,1.122069513044,0,Typec,Renault,Distribution
2026-01-11 08:00:00,5.764770661691652,1.7460127415692965,0.3028763578006649,0,0,0,0,1.122069513044,0,Typec,Renault,Distribution
2026-01-11 09:00:00,5.764770661691652,2.2445907387472475,0.38936340584424567,0,0,0,0,1.122069513044,0,Typec,Renault,Distribution
2026-01-11 10:00:00,5.764770661691652,2.084279527448041,0.3615546306635581,0,0,0,0,1.122069513044,0,Typec,Renault,Distribution
2026-01-11 11:00:00,5.764770661691652,1.8170905984290797,0.3152060515614442,0,0,0,0,1.122069513044,0,Typec,Renault,Distribution
2026-01-11 12:00:00,5.764770661691652,0.9635809805053105,0.16714992443819976,0,0,0,0,1.122069513044,0,Typec,Renault,Distribution
2026-01-11 13:00:00,5.764770661691652,1.9120762027475242,0.3316829610332551,0,0,0,0,1.122069513044,0,Typec,Renault,Distribution
2026-01-11 14:00:00,5.764770661691652,0.646847340917469,0.1122069513044,0,0,0,0,1.122069513044,0,Typec,Renault,Distribution
2026-01-11 15:00:00,5.764770661691652,1.0328487061038985,0.17916561936582096,0,0,0,0,1.122069513044,0,Typec,Renault,Distribution
2026-01-11 16:00:00,5.764770661691652,0.8133967903636096,0.1410978576769472,0,0,0,0,1.122069513044,0,Typec,Renault,Distribution
2026-01-11 17:00:00,5.764770661691652,1.3142373892269505,0.22797739343915066,0,0,0,0,1.122069513044,0,Typec,Renault,Distribution
2026-01-11 18:00:00,5.764770661691652,2.9108130341286103,0.5049312808698,0,0,0,0,1.122069513044,0,Typec,Renault,Distribution
2026-01-11 19:00:00,5.764770661691652,0.646847340917469,0.1122069513044,0,0,0,0,1.122069513044,0,Typec,Renault,Distribution
2026-01-11 20:00:00,0.0,0.0,0.0,1,1,0,80,1.0,0,Typec,Renault,Distribution
2026-01-11 21:00:00,0.0,0.0,0.0,1,1,0,80,1.0,0,Typec,Renault,Distribution
2026-01-11 22:00:00,0.0,0.0,0.0,1,1,0,80,1.0,0,Typec,Renault,Distribution
2026-01-11 23:00:00,0.0,0.0,0.0,1,1,0,80,1.0,0,Typec,Renault,Distribution
2026-01-12 00:00:00,0.0,0.0,0.0,1,1,0,80,1.0,0,Typec,Renault,Distribution
2026-01-12 01:00:00,0.0,0.0,0.0,1,1,0,80,1.0,0,Typec,Renault,Distribution
2026-01-12 02:00:00,0.0,0.0,0.0,1,1,0,80,1.0,0,Typec,Renault,Distribution
2026-01-12 03:00:00,0.0,0.0,0.0,1,1,0,80,1.0,0,Typec,Renault,Distribution
2026-01-12 04:00:00,0.0,0.0,0.0,1,1,0,80,1.0,0,Typec,Renault,Distribution
2026-01-12 05:00:00,0.0,0.0,0.0,1,1,0,80,1.0,0,Typec,Renault,Distribution
2026-01-12 06:00:00,8.019100511686313,1.8030539247350477,0.22484490899040857,0,0,0,0,1.119889326784,0,Typec,Renault,Distribution
2026-01-12 07:00:00,8.019100511686313,0.8980505073445615,0.1119889326784,0,0,0,0,1.119889326784,0,Typec,Renault,Distribution
2026-01-12 08:00:00,8.019100511686313,0.8980505073445615,0.1119889326784,0,0,0,0,1.119889326784,0,Typec,Renault,Distribution
2026-01-12 09:00:00,8.019100511686313,2.557334359998234,0.31890538798851636,0,0,0,0,1.119889326784,0,Typec,Renault,Distribution
2026-01-12 10:00:00,8.019100511686313,0.8980505073445615,0.1119889326784,0,0,0,0,1.119889326784,0,Typec,Renault,Distribution
2026-01-12 11:00:00,8.019100511686313,1.9896003426552498,0.2481076699008556,0,0,0,0,1.119889326784,0,Typec,Renault,Distribution
2026-01-12 12:00:00,8.019100511686313,1.7801207101381826,0.22198508517806897,0,0,0,0,1.119889326784,0,Typec,Renault,Distribution
2026-01-12 13:00:00,8.019100511686313,0.9254998930433084,0.11541193325792194,0,0,0,0,1.119889326784,0,Typec,Renault,Distribution
2026-01-12 14:00:00,8.019100511686313,4.041227283050526,0.5039501970528,0,0,0,0,1.119889326784,0,Typec,Renault,Distribution
2026-01-12 15:00:00,8.019100511686313,2.5013395980665583,0.311922714327041,0,0,0,0,1.119889326784,0,Typec,Renault,Distribution
2026-01-12 16:00:00,8.019100511686313,0.8980505073445615,0.1119889326784,0,0,0,0,1.119889326784,0,Typec,Renault,Distribution
2026-01-12 17:00:00,8.019100511686313,1.9528199341477974,0.243521069638912,0,0,0,0,1.119889326784,0,Typec,Renault,Distribution
2026-01-12 18:00:00,8.019100511686313,0.9130133539523031,0.11385483354670015,0,0,0,0,1.119889326784,0,Typec,Renault,Distribution
2026-01-12 19:00:00,8.019100511686313,2.769202951801499,0.34532588134615755,0,0,0,0,1.119889326784,0,Typec,Renault,Distribution
2026-01-12 20:00:00,8.019100511686313,0.8980505073445615,0.1119889326784,0,0,0,0,1.119889326784,0,Typec,Renault,Distribution
2026-01-12 21:00:00,8.019100511686313,1.5836085760246557,0.19747957688232584,0,0,0,0,1.119889326784,0,Typec,Renault,Distribution
2026-01-12 22:00:00,8.019100511686313,2.3432900461557034,0.29221357716377344,0,0,0,0,1.119889326784,0,Typec,Renault,Distribution
2026-01-12 23:00:00,8.019100511686313,2.7855334058088683,0.34736232595532174,0,0,0,0,1.119889326784,0,Typec,Renault,Distribution
2026-01-13 00:00:00,0.0,0.0,0.0,1,1,0,80,1.0,0,Typec,Renault,Distribution
2026-01-13 01:00:00,0.0,0.0,0.0,1,1,0,80,1.0,0,Typec,Renault,Distribution
2026-01-13 02:00:00,0.0,0.0,0.0,1,1,0,80,1.0,0,Typec,Renault,Distribution
2026-01-13 03:00:00,0.0,0.0,0.0,1,1,0,80,1.0,0,Typec,Renault,Distribution
2026-01-13 04:00:00,0.0,0.0,0.0,1,1,0,80,1.0,0,Typec,Renault,Distribution
2026-01-13 05:00:00,0.0,0.0,0.0,1,1,0,80,1.0,0,Typec,Renault,Distribution
2026-01-13 06:00:00,6.344447861744129,3.088368934037856,0.4867829323115981,0,0,0,0,1.12425024,0,Typec,Renault,Distribution
2026-01-13 07:00:00,6.344447861744129,1.7637857111773132,0.27800460333398297,0,0,0,0,1.12425024,0,Typec,Renault,Distribution
2026-01-13 08:00:00,6.344447861744129,0.7132747031233324,0.11242502400000001,0,0,0,0,1.12425024,0,Typec,Renault,Distribution
2026-01-13 09:00:00,6.344447861744129,2.263136151135198,0.35671128527692675,0,0,0,0,1.12425024,0,Typec,Renault,Distribution
2026-01-13 10:00:00,6.344447861744129,3.209736164054996,0.505912608,0,0,0,0,1.12425024,0,Typec,Renault,Distribution
2026-01-13 11:00:00,6.344447861744129,2.3747162257563144,0.37429832784589856,0,0,0,0,1.12425024,0,Typec,Renault,Distribution
2026-01-13 12:00:00,6.344447861744129,0.7132747031233324,0.11242502400000001,0,0,0,0,1.12425024,0,Typec,Renault,Distribution
2026-01-13 13:00:00,6.344447861744129,0.8980274666143753,0.14154540886517772,0,0,0,0,1.12425024,0,Typec,Renault,Distribution
2026-01-13 14:00:00,6.344447861744129,2.6029774247607276,0.41027643090208205,0,0,0,0,1.12425024,0,Typec,Renault,Distribution
2026-01-13 15:00:00,6.344447861744129,0.7132747031233324,0.11242502400000001,0,0,0,0,1.12425024,0,Typec,Renault,Distribution
2026-01-13 16:00:00,6.344447861744129,1.801598888208916,0.28396464554027323,0,0,0,0,1.12425024,0,Typec,Renault,Distribution
2026-01-13 17:00:00,6.344447861744129,2.1236866136743298,0.33473151012553437,0,0,0,0,1.12425024,0,Typec,Renault,Distribution
2026-01-13 18:00:00,6.344447861744129,0.7132747031233324,0.11242502400000001,0,0,0,0,1.12425024,0,Typec,Renault,Distribution
2026-01-13 19:00:00,6.344447861744129,1.311532354627756,0.206721275548036,0,0,0,0,1.12425024,0,Typec,Renault,Distribution
2026-01-13 20:00:00,6.344447861744129,0.7132747031233324,0.11242502400000001,0,0,0,0,1.12425024,0,Typec,Renault,Distribution
2026-01-13 21:00:00,6.344447861744129,0.7132747031233324,0.11242502400000001,0,0,0,0,1.12425024,0,Typec,Renault,Distribution
2026-01-13 22:00:00,6.344447861744129,1.1235820340742046,0.17709689772205406,0,0,0,0,1.12425024,0,Typec,Renault,Distribution
2026-01-13 23:00:00,6.344447861744129,0.7132747031233324,0.11242502400000001,0,0,0,0,1.12425024,0,Typec,Renault,Distribution
2026-01-14 00:00:00,0.0,0.0,0.0,1,1,0,80,1.0,0,Typec,Renault,Distribution
2026-01-14 01:00:00,0.0,0.0,0.0,1,1,0,80,1.0,0,Typec,Renault,Distribution
2026-01-14 02:00:00,0.0,0.0,0.0,1,1,0,80,1.0,0,Typec,Renault,Distribution
2026-01-14 03:00:00,0.0,0.0,0.0,1,1,0,80,1.0,0,Typec,Renault,Distribution
2026-01-14 04:00:00,0.0,0.0,0.0,1,1,0,80,1.0,0,Typec,Renault,Distribution
2026-01-14 05:00:00,0.0,0.0,0.0,1,1,0,80,1.0,0,Typec,Renault,Distribution
2026-01-14 06:00:00,0.0,0.0,0.0,1,1,0,80,1.0,0,Typec,Renault,Distribution
2026-01-14 07:00:00,7.409476979958316,3.1754743665054934,0.4285693005180722,0,0,0,0,1.102475,0,Typec,Renault,Distribution
2026-01-14 08:00:00,7.409476979958316,0.8168763133479545,0.11024750000000001,0,0,0,0,1.102475,0,Typec,Renault,Distribution
2026-01-14 09:00:00,7.409476979958316,2.8653721742617058,0.3867171977201859,0,0,0,0,1.102475,0,Typec,Renault,Distribution
2026-01-14 10:00:00,7.409476979958316,1.5798127547713978,0.21321515122384324,0,0,0,0,1.102475,0,Typec,Renault,Distribution
2026-01-14 11:00:00,7.409476979958316,0.8168763133479545,0.11024750000000001,0,0,0,0,1.102475,0,Typec,Renault,Distribution
2026-01-14 12:00:00,7.409476979958316,2.0836646086606683,0.28121615254311655,0,0,0,0,1.102475,0,Typec,Renault,Distribution
2026-01-14 13:00:00,7.409476979958316,1.7903612817278163,0.24163126312025984,0,0,0,0,1.102475,0,Typec,Renault,Distribution
2026-01-14 14:00:00,7.409476979958316,0.8991389951200895,0.12134986012536986,0,0,0,0,1.102475,0,Typec,Renault,Distribution
2026-01-14 15:00:00,7.409476979958316,1.6462343709742062,0.22217956482313916,0,0,0,0,1.102475,0,Typec,Renault,Distribution
2026-01-14 16:00:00,7.409476979958316,1.1387639252129431,0.15369019004892698,0,0,0,0,1.102475,0,Typec,Renault,Distribution
2026-01-14 17:00:00,7.409476979958316,1.6949784672467676,0.22875817980560123,0,0,0,0,1.102475,0,Typec,Renault,Distribution
2026-01-14 18:00:00,7.409476979958316,2.3067021714758513,0.31131781335108866,0,0,0,0,1.102475,0,Typec,Renault,Distribution
2026-01-14 19:00:00,7.409476979958316,3.3368686342421947,0.4503514409003491,0,0,0,0,1.102475,0,Typec,Renault,Distribution
2026-01-14 20:00:00,7.409476979958316,0.8168763133479545,0.11024750000000001,0,0,0,0,1.102475,0,Typec,Renault,Distribution
2026-01-14 21:00:00,7.409476979958316,3.6759434100657957,0.4961137500000001,0,0,0,0,1.102475,0,Typec,Renault,Distribution
2026-01-14 22:00:00,7.409476979958316,0.8168763133479545,0.11024750000000001,0,0,0,0,1.102475,0,Typec,Renault,Distribution
2026-01-14 23:00:00,7.409476979958316,1.3991566509425861,0.1888333892833631,0,0,0,0,1.102475,0,Typec,Renault,Distribution
2026-01-01 00:00:00,0.0,0.0,0.0,1,1,1,80,1.0,1,Typec,Renault,Distribution
2026-01-01 01:00:00,0.0,0.0,0.0,1,1,1,80,1.0,1,Typec,Renault,Distribution
2026-01-01 02:00:00,0.0,0.0,0.0,1,1,1,80,1.0,1,Typec,Renault,Distribution
2026-01-01 03:00:00,0.0,0.0,0.0,1,1,1,80,1.0,1,Typec,Renault,Distribution
2026-01-01 04:00:00,0.0,0.0,0.0,1,1,1,80,1.0,1,Typec,Renault,Distribution
2026-01-01 05:00:00,0.0,0.0,0.0,1,1,1,80,1.0,1,Typec,Renault,Distribution
2026-01-01 06:00:00,6.997782184314128,1.3687129832979668,0.19559239588308477,0,0,1,0,1.1329772784640002,1,Typec,Renault,Distribution
2026-01-01 07:00:00,6.997782184314128,1.9446581699166066,0.27789635611632113,0,0,1,0,1.1329772784640002,1,Typec,Renault,Distribution
2026-01-01 08:00:00,6.997782184314128,2.010013197471666,0.2872357476311865,0,0,1,0,1.1329772784640002,1,Typec,Renault,Distribution
2026-01-01 09:00:00,6.997782184314128,0.7928328214468088,0.11329772784640002,0,0,1,0,1.1329772784640002,1,Typec,Renault,Distribution
2026-01-01 10:00:00,6.997782184314128,1.3980181903861555,0.19978018085785545,0,0,1,0,1.1329772784640002,1,Typec,Renault,Distribution
2026-01-01 11:00:00,6.997782184314128,1.8423246198033183,0.263272644286211,0,0,1,0,1.1329772784640002,1,Typec,Renault,Distribution
2026-01-01 12:00:00,6.997782184314128,0.7928328214468088,0.11329772784640002,0,0,1,0,1.1329772784640002,1,Typec,Renault,Distribution
2026-01-01 13:00:00,6.997782184314128,0.8651505312086099,0.12363210348957235,0,0,1,0,1.1329772784640002,1,Typec,Renault,Distribution
2026-01-01 14:00:00,6.997782184314128,1.9732984388725165,0.28198911982367236,0,0,1,0,1.1329772784640002,1,Typec,Renault,Distribution
2026-01-01 15:00:00,6.997782184314128,0.7928328214468088,0.11329772784640002,0,0,1,0,1.1329772784640002,1,Typec,Renault,Distribution
2026-01-01 16:00:00,6.997782184314128,0.9691377591934515,0.13849212988735507,0,0,1,0,1.1329772784640002,1,Typec,Renault,Distribution
2026-01-01 17:00:00,6.997782184314128,1.1477779624407605,0.16402024701677068,0,0,1,0,1.1329772784640002,1,Typec,Renault,Distribution
2026-01-01 18:00:00,6.997782184314128,2.7954853558201305,0.3994816189172547,0,0,1,0,1.1329772784640002,1,Typec,Renault,Distribution
2026-01-01 19:00:00,6.997782184314128,2.466486801636403,0.3524669297602824,0,0,1,0,1.1329772784640002,1,Typec,Renault,Distribution
2026-01-01 20:00:00,6.997782184314128,0.7928328214468088,0.11329772784640002,0,0,1,0,1.1329772784640002,1,Typec,Renault,Distribution
2026-01-01 21:00:00,6.997782184314128,0.7928328214468088,0.11329772784640002,0,0,1,0,1.1329772784640002,1,Typec,Renault,Distribution
2026-01-01 22:00:00,6.997782184314128,1.4610101023419912,0.2087818774378141,0,0,1,0,1.1329772784640002,1,Typec,Renault,Distribution
2026-01-01 23:00:00,6.997782184314128,2.9720263363262167,0.42470975203946176,0,0,1,0,1.1329772784640002,1,Typec,Renault,Distribution
2026-01-02 00:00:00,0.0,0.0,0.0,1,1,1,80,1.0,1,Typec,Renault,Distribution
2026-01-02 01:00:00,0.0,0.0,0.0,1,1,1,80,1.0,1,Typec,Renault,Distribution
2026-01-02 02:00:00,0.0,0.0,0.0,1,1,1,80,1.0,1,Typec,Renault,Distribution
2026-01-02 03:00:00,0.0,0.0,0.0,1,1,1,80,1.0,1,Typec,Renault,Distribution
2026-01-02 04:00:00,0.0,0.0,0.0,1,1,1,80,1.0,1,Typec,Renault,Distribution
2026-01-02 05:00:00,6.342967821252388,1.6884578779059192,0.26619366919199366,0,0,1,0,1.23259004,1,Typec,Renault,Distribution
2026-01-02 06:00:00,6.342967821252388,2.032150532957415,0.32037850265432644,0,0,1,0,1.23259004,1,Typec,Renault,Distribution
2026-01-02 07:00:00,6.342967821252388,3.5182255322322873,0.5546655180000001,0,0,1,0,1.23259004,1,Typec,Renault,Distribution
2026-01-02 08:00:00,6.342967821252388,2.2748738947638207,0.35864503161150485,0,0,1,0,1.23259004,1,Typec,Renault,Distribution
2026-01-02 09:00:00,6.342967821252388,1.523039710370911,0.24011468342435865,0,0,1,0,1.23259004,1,Typec,Renault,Distribution
2026-01-02 10:00:00,6.342967821252388,0.7818278960516194,0.123259004,0,0,1,0,1.23259004,1,Typec,Renault,Distribution
2026-01-02 11:00:00,6.342967821252388,2.955662768911989,0.4659747380412231,0,0,1,0,1.23259004,1,Typec,Renault,Distribution
2026-01-02 12:00:00,6.342967821252388,3.5182255322322873,0.5546655180000001,0,0,1,0,1.23259004,1,Typec,Renault,Distribution
2026-01-02 13:00:00,6.342967821252388,0.7818278960516194,0.123259004,0,0,1,0,1.23259004,1,Typec,Renault,Distribution
2026-01-02 14:00:00,6.342967821252388,2.8153896656248136,0.4438599950313052,0,0,1,0,1.23259004,1,Typec,Renault,Distribution
2026-01-02 15:00:00,6.342967821252388,0.7818278960516194,0.123259004,0,0,1,0,1.23259004,1,Typec,Renault,Distribution
2026-01-02 16:00:00,6.342967821252388,1.2712748180490163,0.20042271281742202,0,0,1,0,1.23259004,1,Typec,Renault,Distribution
2026-01-02 17:00:00,6.342967821252388,1.6425959830044707,0.2589633164306592,0,0,1,0,1.23259004,1,Typec,Renault,Distribution
2026-01-02 18:00:00,6.342967821252388,2.7073915609767716,0.4268335639202739,0,0,1,0,1.23259004,1,Typec,Renault,Distribution
2026-01-02 19:00:00,6.342967821252388,1.8299647890553885,0.28850292806531547,0,0,1,0,1.23259004,1,Typec,Renault,Distribution
2026-01-02 20:00:00,6.342967821252388,1.5372243969070165,0.2423509688566415,0,0,1,0,1.23259004,1,Typec,Renault,Distribution
2026-01-02 21:00:00,6.342967821252388,3.5182255322322873,0.5546655180000001,0,0,1,0,1.23259004,1,Typec,Renault,Distribution
2026-01-02 22:00:00,6.342967821252388,1.9847705368087478,0.3129088137825149,0,0,1,0,1.23259004,1,Typec,Renault,Distribution
2026-01-02 23:00:00,6.342967821252388,2.751663707742639,0.4338132850876321,0,0,1,0,1.23259004,1,Typec,Renault,Distribution
2026-01-03 00:00:00,0.0,0.0,0.0,1,1,1,80,1.0,1,Typec,Renault,Distribution
2026-01-03 01:00:00,0.0,0.0,0.0,1,1,1,80,1.0,1,Typec,Renault,Distribution
2026-01-03 02:00:00,0.0,0.0,0.0,1,1,1,80,1.0,1,Typec,Renault,Distribution
2026-01-03 03:00:00,0.0,0.0,0.0,1,1,1,80,1.0,1,Typec,Renault,Distribution
2026-01-03 04:00:00,0.0,0.0,0.0,1,1,1,80,1.0,1,Typec,Renault,Distribution
2026-01-03 05:00:00,0.0,0.0,0.0,1,1,1,80,1.0,1,Typec,Renault,Distribution
2026-01-03 06:00:00,0.0,0.0,0.0,1,1,1,80,1.0,1,Typec,Renault,Distribution
2026-01-03 07:00:00,0.0,0.0,0.0,1,1,1,80,1.0,1,Typec,Renault,Distribution
2026-01-03 08:00:00,5.634582031208436,0.8983714620232287,0.15943888243127718,0,0,1,0,1.209049010004,1,Typec,Renault,Distribution
2026-01-03 09:00:00,5.634582031208436,0.6812485826618886,0.1209049010004,0,0,1,0,1.209049010004,1,Typec,Renault,Distribution
2026-01-03 10:00:00,5.634582031208436,0.9150061950749476,0.16239113921972814,0,0,1,0,1.209049010004,1,Typec,Renault,Distribution
2026-01-03 11:00:00,5.634582031208436,0.6812485826618886,0.1209049010004,0,0,1,0,1.209049010004,1,Typec,Renault,Distribution
2026-01-03 12:00:00,5.634582031208436,1.297260874358194,0.2302319616917483,0,0,1,0,1.209049010004,1,Typec,Renault,Distribution
2026-01-03 13:00:00,5.634582031208436,0.6812485826618886,0.1209049010004,0,0,1,0,1.209049010004,1,Typec,Renault,Distribution
2026-01-03 14:00:00,5.634582031208436,0.7784022113513819,0.13814728528931183,0,0,1,0,1.209049010004,1,Typec,Renault,Distribution
2026-01-03 15:00:00,5.634582031208436,0.6812485826618886,0.1209049010004,0,0,1,0,1.209049010004,1,Typec,Renault,Distribution
2026-01-03 16:00:00,5.634582031208436,0.6812485826618886,0.1209049010004,0,0,1,0,1.209049010004,1,Typec,Renault,Distribution
2026-01-03 17:00:00,5.634582031208436,0.6812485826618886,0.1209049010004,0,0,1,0,1.209049010004,1,Typec,Renault,Distribution
2026-01-03 18:00:00,5.634582031208436,1.3501527499675166,0.23961897129004125,0,0,1,0,1.209049010004,1,Typec,Renault,Distribution
2026-01-03 19:00:00,5.634582031208436,0.7984117548717337,0.14169848809539828,0,0,1,0,1.209049010004,1,Typec,Renault,Distribution
2026-01-03 20:00:00,5.634582031208436,2.1960470875993017,0.38974445228341464,0,0,1,0,1.209049010004,1,Typec,Renault,Distribution
2026-01-03 21:00:00,5.634582031208436,2.6220458278512475,0.4653487718039138,0,0,1,0,1.209049010004,1,Typec,Renault,Distribution
2026-01-03 22:00:00,0.0,0.0,0.0,1,1,1,80,1.0,1,Typec,Renault,Distribution
2026-01-03 23:00:00,0.0,0.0,0.0,1,1,1,80,1.0,1,Typec,Renault,Distribution
2026-01-04 00:00:00,0.0,0.0,0.0,1,1,1,80,1.0,1,Typec,Renault,Distribution
2026-01-04 01:00:00,0.0,0.0,0.0,1,1,1,80,1.0,1,Typec,Renault,Distribution
2026-01-04 02:00:00,0.0,0.0,0.0,1,1,1,80,1.0,1,Typec,Renault,Distribution
2026-01-04 03:00:00,0.0,0.0,0.0,1,1,1,80,1.0,1,Typec,Renault,Distribution
2026-01-04 04:00:00,0.0,0.0,0.0,1,1,1,80,1.0,1,Typec,Renault,Distribution
2026-01-04 05:00:00,0.0,0.0,0.0,1,1,1,80,1.0,1,Typec,Renault,Distribution
2026-01-04 06:00:00,0.0,0.0,0.0,1,1,1,80,1.0,1,Typec,Renault,Distribution
2026-01-04 07:00:00,0.0,0.0,0.0,1,1,1,80,1.0,1,Typec,Renault,Distribution
2026-01-04 08:00:00,5.411654416385972,1.5589022479799097,0.28806389470467714,0,0,1,0,1.3050301525,1,Typec,Renault,Distribution
2026-01-04 09:00:00,5.411654416385972,1.6754066922794209,0.309592328587437,0,0,1,0,1.3050301525,1,Typec,Renault,Distribution
2026-01-04 10:00:00,5.411654416385972,1.1579528404023365,0.21397390729462804,0,0,1,0,1.3050301525,1,Typec,Renault,Distribution
2026-01-04 11:00:00,5.411654416385972,1.6979661270064748,0.31376100474287416,0,0,1,0,1.3050301525,1,Typec,Renault,Distribution
2026-01-04 12:00:00,5.411654416385972,1.910568198128735,0.3530469706904633,0,0,1,0,1.3050301525,1,Typec,Renault,Distribution
2026-01-04 13:00:00,5.411654416385972,2.89769189967616,0.5354539807461145,0,0,1,0,1.3050301525,1,Typec,Renault,Distribution
2026-01-04 14:00:00,5.411654416385972,1.9619307590532118,0.36253807211204636,0,0,1,0,1.3050301525,1,Typec,Renault,Distribution
2026-01-04 15:00:00,5.411654416385972,2.9428378531081436,0.5437963378070692,0,0,1,0,1.3050301525,1,Typec,Renault,Distribution
2026-01-04 16:00:00,5.411654416385972,2.9709645722750198,0.5489937722703104,0,0,1,0,1.3050301525,1,Typec,Renault,Distribution
2026-01-04 17:00:00,5.411654416385972,1.5328352674705585,0.28324707188051024,0,0,1,0,1.3050301525,1,Typec,Renault,Distribution
2026-01-04 18:00:00,5.411654416385972,1.5306794589776787,0.2828487078448556,0,0,1,0,1.3050301525,1,Typec,Renault,Distribution
2026-01-04 19:00:00,5.411654416385972,0.7062372188293484,0.13050301525000002,0,0,1,0,1.3050301525,1,Typec,Renault,Distribution
2026-01-04 20:00:00,0.0,0.0,0.0,1,1,1,80,1.0,1,Typec,Renault,Distribution
2026-01-04 21:00:00,0.0,0.0,0.0,1,1,1,80,1.0,1,Typec,Renault,Distribution
2026-01-04 22:00:00,0.0,0.0,0.0,1,1,1,80,1.0,1,Typec,Renault,Distribution
2026-01-04 23:00:00,0.0,0.0,0.0,1,1,1,80,1.0,1,Typec,Renault,Distribution
2026-01-05 00:00:00,0.0,0.0,0.0,1,1,1,80,1.0,1,Typec,Renault,Distribution
2026-01-05 01:00:00,0.0,0.0,0.0,1,1,1,80,1.0,1,Typec,Renault,Distribution
2026-01-05 02:00:00,0.0,0.0,0.0,1,1,1,80,1.0,1,Typec,Renault,Distribution
2026-01-05 03:00:00,0.0,0.0,0.0,1,1,1,80,1.0,1,Typec,Renault,Distribution
2026-01-05 04:00:00,0.0,0.0,0.0,1,1,1,80,1.0,1,Typec,Renault,Distribution
2026-01-05 05:00:00,6.9589257388201435,1.7374532482995424,0.24967262383721317,0,0,1,0,1.226197579604,1,Typec,Renault,Distribution
2026-01-05 06:00:00,6.9589257388201435,1.073479110529383,0.15425931398304976,0,0,1,0,1.226197579604,1,Typec,Renault,Distribution
2026-01-05 07:00:00,6.9589257388201435,0.8533017897585239,0.12261975796040002,0,0,1,0,1.226197579604,1,Typec,Renault,Distribution
2026-01-05 08:00:00,6.9589257388201435,0.8533017897585239,0.12261975796040002,0,0,1,0,1.226197579604,1,Typec,Renault,Distribution
2026-01-05 09:00:00,6.9589257388201435,0.9565628307809539,0.13745840474267443,0,0,1,0,1.226197579604,1,Typec,Renault,Distribution
2026-01-05 10:00:00,6.9589257388201435,1.7546484019783346,0.25214357328029596,0,0,1,0,1.226197579604,1,Typec,Renault,Distribution
2026-01-05 11:00:00,6.9589257388201435,3.839858053913357,0.5517889108218,0,0,1,0,1.226197579604,1,Typec,Renault,Distribution
2026-01-05 12:00:00,6.9589257388201435,2.737463034972938,0.39337437094666616,0,0,1,0,1.226197579604,1,Typec,Renault,Distribution
2026-01-05 13:00:00,6.9589257388201435,0.8533017897585239,0.12261975796040002,0,0,1,0,1.226197579604,1,Typec,Renault,Distribution
2026-01-05 14:00:00,6.9589257388201435,0.8533017897585239,0.12261975796040002,0,0,1,0,1.226197579604,1,Typec,Renault,Distribution
2026-01-05 15:00:00,6.9589257388201435,2.343102027617304,0.33670455980675074,0,0,1,0,1.226197579604,1,Typec,Renault,Distribution
2026-01-05 16:00:00,6.9589257388201435,2.429808064117661,0.3491642467979008,0,0,1,0,1.226197579604,1,Typec,Renault,Distribution
2026-01-05 17:00:00,6.9589257388201435,2.8311849004795366,0.4068422349567352,0,0,1,0,1.226197579604,1,Typec,Renault,Distribution
2026-01-05 18:00:00,6.9589257388201435,2.173803803322207,0.31237634728528746,0,0,1,0,1.226197579604,1,Typec,Renault,Distribution
2026-01-05 19:00:00,6.9589257388201435,3.839858053913357,0.5517889108218,0,0,1,0,1.226197579604,1,Typec,Renault,Distribution
2026-01-05 20:00:00,6.9589257388201435,1.7377002057358792,0.2497081117049683,0,0,1,0,1.226197579604,1,Typec,Renault,Distribution
2026-01-05 21:00:00,6.9589257388201435,0.8640578367526845,0.12416540557870386,0,0,1,0,1.226197579604,1,Typec,Renault,Distribution
2026-01-05 22:00:00,6.9589257388201435,1.2820901380864078,0.1842367897295281,0,0,1,0,1.226197579604,1,Typec,Renault,Distribution
2026-01-05 23:00:00,6.9589257388201435,2.7538681783843635,0.39573179564512356,0,0,1,0,1.226197579604,1,Typec,Renault,Distribution
2026-01-06 00:00:00,0.0,0.0,0.0,1,1,1,80,1.0,1,Typec,Renault,Distribution
2026-01-06 01:00:00,0.0,0.0,0.0,1,1,1,80,1.0,1,Typec,Renault,Distribution
2026-01-06 02:00:00,0.0,0.0,0.0,1,1,1,80,1.0,1,Typec,Renault,Distribution
2026-01-06 03:00:00,0.0,0.0,0.0,1,1,1,80,1.0,1,Typec,Renault,Distribution
2026-01-06 04:00:00,0.0,0.0,0.0,1,1,1,80,1.0,1,Typec,Renault,Distribution
2026-01-06 05:00:00,0.0,0.0,0.0,1,1,1,80,1.0,1,Typec,Renault,Distribution
2026-01-06 06:00:00,6.195487899512206,2.8603366932368974,0.46168061977202834,0,0,1,0,1.3306301459840002,1,Typec,Renault,Distribution
2026-01-06 07:00:00,6.195487899512206,1.3421191587263466,0.216628485196786,0,0,1,0,1.3306301459840002,1,Typec,Renault,Distribution
2026-01-06 08:00:00,6.195487899512206,0.8243902968170034,0.13306301459840003,0,0,1,0,1.3306301459840002,1,Typec,Renault,Distribution
2026-01-06 09:00:00,6.195487899512206,0.8243902968170034,0.13306301459840003,0,0,1,0,1.3306301459840002,1,Typec,Renault,Distribution
2026-01-06 10:00:00,6.195487899512206,2.658929613381955,0.4291719484419141,0,0,1,0,1.3306301459840002,1,Typec,Renault,Distribution
2026-01-06 11:00:00,6.195487899512206,3.5410118543222,0.571546892150495,0,0,1,0,1.3306301459840002,1,Typec,Renault,Distribution
2026-01-06 12:00:00,6.195487899512206,0.8243902968170034,0.13306301459840003,0,0,1,0,1.3306301459840002,1,Typec,Renault,Distribution
2026-01-06 13:00:00,6.195487899512206,0.8243902968170034,0.13306301459840003,0,0,1,0,1.3306301459840002,1,Typec,Renault,Distribution
2026-01-06 14:00:00,6.195487899512206,0.9744016411370853,0.1572760139219711,0,0,1,0,1.3306301459840002,1,Typec,Renault,Distribution
2026-01-06 15:00:00,6.195487899512206,2.4153107172083845,0.38984996119491266,0,0,1,0,1.3306301459840002,1,Typec,Renault,Distribution
2026-01-06 16:00:00,6.195487899512206,2.9220501537367958,0.4716416529466323,0,0,1,0,1.3306301459840002,1,Typec,Renault,Distribution
2026-01-06 17:00:00,6.195487899512206,1.1357611274191792,0.18332069174222776,0,0,1,0,1.3306301459840002,1,Typec,Renault,Distribution
2026-01-06 18:00:00,6.195487899512206,0.8243902968170034,0.13306301459840003,0,0,1,0,1.3306301459840002,1,Typec,Renault,Distribution
2026-01-06 19:00:00,6.195487899512206,0.8243902968170034,0.13306301459840003,0,0,1,0,1.3306301459840002,1,Typec,Renault,Distribution
2026-01-06 20:00:00,6.195487899512206,1.4255449841157122,0.2300940631694157,0,0,1,0,1.3306301459840002,1,Typec,Renault,Distribution
2026-01-06 21:00:00,6.195487899512206,0.8243902968170034,0.13306301459840003,0,0,1,0,1.3306301459840002,1,Typec,Renault,Distribution
2026-01-06 22:00:00,6.195487899512206,0.8243902968170034,0.13306301459840003,0,0,1,0,1.3306301459840002,1,Typec,Renault,Distribution
2026-01-06 23:00:00,6.195487899512206,1.2655408297094841,0.2042681464698083,0,0,1,0,1.3306301459840002,1,Typec,Renault,Distribution
2026-01-07 00:00:00,0.0,0.0,0.0,1,1,1,80,1.0,1,Typec,Renault,Distribution
2026-01-07 01:00:00,0.0,0.0,0.0,1,1,1,80,1.0,1,Typec,Renault,Distribution
2026-01-07 02:00:00,0.0,0.0,0.0,1,1,1,80,1.0,1,Typec,Renault,Distribution
2026-01-07 03:00:00,0.0,0.0,0.0,1,1,1,80,1.0,1,Typec,Renault,Distribution
2026-01-07 04:00:00,0.0,0.0,0.0,1,1,1,80,1.0,1,Typec,Renault,Distribution
2026-01-07 05:00:00,0.0,0.0,0.0,1,1,1,80,1.0,1,Typec,Renault,Distribution
2026-01-07 06:00:00,7.378741679520884,2.192924148114208,0.2971948664635457,0,0,1,0,1.282756305344,1,Typec,Renault,Distribution
2026-01-07 07:00:00,7.378741679520884,4.074595366466143,0.5522073469213404,0,0,1,0,1.282756305344,1,Typec,Renault,Distribution
2026-01-07 08:00:00,7.378741679520884,1.7861031863821906,0.24206067429347464,0,0,1,0,1.282756305344,1,Typec,Renault,Distribution
2026-01-07 09:00:00,7.378741679520884,2.5980608905071483,0.35210080571296615,0,0,1,0,1.282756305344,1,Typec,Renault,Distribution
2026-01-07 10:00:00,7.378741679520884,2.086153594254323,0.2827248445414857,0,0,1,0,1.282756305344,1,Typec,Renault,Distribution
2026-01-07 11:00:00,7.378741679520884,2.40512044122331,0.32595265503040066,0,0,1,0,1.282756305344,1,Typec,Renault,Distribution
2026-01-07 12:00:00,7.378741679520884,2.2432045393703937,0.30400908946253413,0,0,1,0,1.282756305344,1,Typec,Renault,Distribution
2026-01-07 13:00:00,7.378741679520884,3.9781300222051996,0.5391339329910663,0,0,1,0,1.282756305344,1,Typec,Renault,Distribution
2026-01-07 14:00:00,7.378741679520884,0.9465127414909991,0.12827563053440003,0,0,1,0,1.282756305344,1,Typec,Renault,Distribution
2026-01-07 15:00:00,7.378741679520884,0.9465127414909991,0.12827563053440003,0,0,1,0,1.282756305344,1,Typec,Renault,Distribution
2026-01-07 16:00:00,7.378741679520884,3.8359505011952795,0.5198651298285258,0,0,1,0,1.282756305344,1,Typec,Renault,Distribution
2026-01-07 17:00:00,7.378741679520884,0.9465127414909991,0.12827563053440003,0,0,1,0,1.282756305344,1,Typec,Renault,Distribution
2026-01-07 18:00:00,7.378741679520884,0.9465127414909991,0.12827563053440003,0,0,1,0,1.282756305344,1,Typec,Renault,Distribution
2026-01-07 19:00:00,7.378741679520884,0.9465127414909991,0.12827563053440003,0,0,1,0,1.282756305344,1,Typec,Renault,Distribution
2026-01-07 20:00:00,7.378741679520884,2.616651701818354,0.35462031542324685,0,0,1,0,1.282756305344,1,Typec,Renault,Distribution
2026-01-07 21:00:00,7.378741679520884,2.5597256902170007,0.3469054482990396,0,0,1,0,1.282756305344,1,Typec,Renault,Distribution
2026-01-07 22:00:00,7.378741679520884,1.8224603880426582,0.2469879645062997,0,0,1,0,1.282756305344,1,Typec,Renault,Distribution
2026-01-07 23:00:00,7.378741679520884,2.720173919059435,0.3686501082710435,0,0,1,0,1.282756305344,1,Typec,Renault,Distribution
2026-01-08 00:00:00,0.0,0.0,0.0,1,1,1,80,1.0,1,Typec,Renault,Distribution
2026-01-08 01:00:00,0.0,0.0,0.0,1,1,1,80,1.0,1,Typec,Renault,Distribution
2026-01-08 02:00:00,0.0,0.0,0.0,1,1,1,80,1.0,1,Typec,Renault,Distribution
2026-01-08 03:00:00,0.0,0.0,0.0,1,1,1,80,1.0,1,Typec,Renault,Distribution
2026-01-08 04:00:00,0.0,0.0,0.0,1,1,1,80,1.0,1,Typec,Renault,Distribution
2026-01-08 05:00:00,8.068408748127434,2.5140853232235365,0.3115961773512058,0,0,1,0,1.176585222144,1,Typec,Renault,Distribution
2026-01-08 06:00:00,8.068408748127434,1.405833380505801,0.1742392365572797,0,0,1,0,1.176585222144,1,Typec,Renault,Distribution
2026-01-08 07:00:00,8.068408748127434,0.949317049926411,0.11765852221440001,0,0,1,0,1.176585222144,1,Typec,Renault,Distribution
2026-01-08 08:00:00,8.068408748127434,0.949317049926411,0.11765852221440001,0,0,1,0,1.176585222144,1,Typec,Renault,Distribution
2026-01-08 09:00:00,8.068408748127434,0.949317049926411,0.11765852221440001,0,0,1,0,1.176585222144,1,Typec,Renault,Distribution
2026-01-08 10:00:00,8.068408748127434,2.5608908951974043,0.31739726817778685,0,0,1,0,1.176585222144,1,Typec,Renault,Distribution
2026-01-08 11:00:00,8.068408748127434,1.5807467239430877,0.19591802712151354,0,0,1,0,1.176585222144,1,Typec,Renault,Distribution
2026-01-08 12:00:00,8.068408748127434,0.949317049926411,0.11765852221440001,0,0,1,0,1.176585222144,1,Typec,Renault,Distribution
2026-01-08 13:00:00,8.068408748127434,0.949317049926411,0.11765852221440001,0,0,1,0,1.176585222144,1,Typec,Renault,Distribution
2026-01-08 14:00:00,8.068408748127434,0.949317049926411,0.11765852221440001,0,0,1,0,1.176585222144,1,Typec,Renault,Distribution
2026-01-08 15:00:00,8.068408748127434,1.43022212310332,0.1772619816063799,0,0,1,0,1.176585222144,1,Typec,Renault,Distribution
2026-01-08 16:00:00,8.068408748127434,1.0997610296070686,0.13630457552888703,0,0,1,0,1.176585222144,1,Typec,Renault,Distribution
2026-01-08 17:00:00,8.068408748127434,3.2198291464414592,0.39906619098700685,0,0,1,0,1.176585222144,1,Typec,Renault,Distribution
2026-01-08 18:00:00,8.068408748127434,1.7515986840010216,0.21709344911504933,0,0,1,0,1.176585222144,1,Typec,Renault,Distribution
2026-01-08 19:00:00,8.068408748127434,0.949317049926411,0.11765852221440001,0,0,1,0,1.176585222144,1,Typec,Renault,Distribution
2026-01-08 20:00:00,8.068408748127434,1.2783110775000333,0.15843409988329007,0,0,1,0,1.176585222144,1,Typec,Renault,Distribution
2026-01-08 21:00:00,8.068408748127434,3.036080197935209,0.3762923139757689,0,0,1,0,1.176585222144,1,Typec,Renault,Distribution
2026-01-08 22:00:00,8.068408748127434,2.1177857216191818,0.26247873499352525,0,0,1,0,1.176585222144,1,Typec,Renault,Distribution
2026-01-08 23:00:00,8.068408748127434,0.949317049926411,0.11765852221440001,0,0,1,0,1.176585222144,1,Typec,Renault,Distribution
2026-01-09 00:00:00,0.0,0.0,0.0,1,1,1,80,1.0,1,Typec,Renault,Distribution
2026-01-09 01:00:00,0.0,0.0,0.0,1,1,1,80,1.0,1,Typec,Renault,Distribution
2026-01-09 02:00:00,0.0,0.0,0.0,1,1,1,80,1.0,1,Typec,Renault,Distribution
2026-01-09 03:00:00,0.0,0.0,0.0,1,1,1,80,1.0,1,Typec,Renault,Distribution
2026-01-09 04:00:00,0.0,0.0,0.0,1,1,1,80,1.0,1,Typec,Renault,Distribution
2026-01-09 05:00:00,0.0,0.0,0.0,1,1,1,80,1.0,1,Typec,Renault,Distribution
2026-01-09 06:00:00,6.707201396199039,0.7628384434935622,0.1137342385344,0,0,1,0,1.137342385344,1,Typec,Renault,Distribution
2026-01-09 07:00:00,6.707201396199039,0.7628384434935622,0.1137342385344,0,0,1,0,1.137342385344,1,Typec,Renault,Distribution
2026-01-09 08:00:00,6.707201396199039,1.5741415412517192,0.23469424105019163,0,0,1,0,1.137342385344,1,Typec,Renault,Distribution
2026-01-09 09:00:00,6.707201396199039,1.4922102170744083,0.22247881477363143,0,0,1,0,1.137342385344,1,Typec,Renault,Distribution
2026-01-09 10:00:00,6.707201396199039,0.7628384434935622,0.1137342385344,0,0,1,0,1.137342385344,1,Typec,Renault,Distribution
2026-01-09 11:00:00,6.707201396199039,2.130584246993124,0.31765622070041355,0,0,1,0,1.137342385344,1,Typec,Renault,Distribution
2026-01-09 12:00:00,6.707201396199039,0.7996831665794869,0.1192275465341873,0,0,1,0,1.137342385344,1,Typec,Renault,Distribution
2026-01-09 13:00:00,6.707201396199039,1.139004466058716,0.1698181400523008,0,0,1,0,1.137342385344,1,Typec,Renault,Distribution
2026-01-09 14:00:00,6.707201396199039,0.7628384434935622,0.1137342385344,0,0,1,0,1.137342385344,1,Typec,Renault,Distribution
2026-01-09 15:00:00,6.707201396199039,0.9881781591500635,0.1473309210172312,0,0,1,0,1.137342385344,1,Typec,Renault,Distribution
2026-01-09 16:00:00,6.707201396199039,3.43277299572103,0.5118040734047999,0,0,1,0,1.137342385344,1,Typec,Renault,Distribution
2026-01-09 17:00:00,6.707201396199039,2.894012907258501,0.4314784567075224,0,0,1,0,1.137342385344,1,Typec,Renault,Distribution
2026-01-09 18:00:00,6.707201396199039,0.7628384434935622,0.1137342385344,0,0,1,0,1.137342385344,1,Typec,Renault,Distribution
2026-01-09 19:00:00,6.707201396199039,0.7628384434935622,0.1137342385344,0,0,1,0,1.137342385344,1,Typec,Renault,Distribution
2026-01-09 20:00:00,6.707201396199039,2.5642426325168994,0.38231185870906637,0,0,1,0,1.137342385344,1,Typec,Renault,Distribution
2026-01-09 21:00:00,6.707201396199039,2.0176218018752374,0.30081425660166106,0,0,1,0,1.137342385344,1,Typec,Renault,Distribution
2026-01-09 22:00:00,6.707201396199039,0.7628384434935622,0.1137342385344,0,0,1,0,1.137342385344,1,Typec,Renault,Distribution
2026-01-09 23:00:00,6.707201396199039,1.4999535870316116,0.22363330075068763,0,0,1,0,1.137342385344,1,Typec,Renault,Distribution
2026-01-10 00:00:00,0.0,0.0,0.0,1,1,1,80,1.0,1,Typec,Renault,Distribution
2026-01-10 01:00:00,0.0,0.0,0.0,1,1,1,80,1.0,1,Typec,Renault,Distribution
2026-01-10 02:00:00,0.0,0.0,0.0,1,1,1,80,1.0,1,Typec,Renault,Distribution
2026-01-10 03:00:00,0.0,0.0,0.0,1,1,1,80,1.0,1,Typec,Renault,Distribution
2026-01-10 04:00:00,0.0,0.0,0.0,1,1,1,80,1.0,1,Typec,Renault,Distribution
2026-01-10 05:00:00,0.0,0.0,0.0,1,1,1,80,1.0,1,Typec,Renault,Distribution
2026-01-10 06:00:00,0.0,0.0,0.0,1,1,1,80,1.0,1,Typec,Renault,Distribution
2026-01-10 07:00:00,0.0,0.0,0.0,1,1,1,80,1.0,1,Typec,Renault,Distribution
2026-01-10 08:00:00,6.886873273643179,2.4636391269170246,0.35772970243922486,0,0,1,0,1.18961004,1,Typec,Renault,Distribution
2026-01-10 09:00:00,6.886873273643179,0.9153753394172287,0.1329159551868728,0,0,1,0,1.18961004,1,Typec,Renault,Distribution
2026-01-10 10:00:00,6.886873273643179,1.2319331998955554,0.17888135165929347,0,0,1,0,1.18961004,1,Typec,Renault,Distribution
2026-01-10 11:00:00,6.886873273643179,1.232130828769229,0.17891004811787795,0,0,1,0,1.18961004,1,Typec,Renault,Distribution
2026-01-10 12:00:00,6.886873273643179,3.3948840870992387,0.49294998647526056,0,0,1,0,1.18961004,1,Typec,Renault,Distribution
2026-01-10 13:00:00,6.886873273643179,2.4729118025277907,0.3590761299459213,0,0,1,0,1.18961004,1,Typec,Renault,Distribution
2026-01-10 14:00:00,6.886873273643179,1.506423950100623,0.21873844490007868,0,0,1,0,1.18961004,1,Typec,Renault,Distribution
2026-01-10 15:00:00,6.886873273643179,0.8192693590533594,0.11896100400000001,0,0,1,0,1.18961004,1,Typec,Renault,Distribution
2026-01-10 16:00:00,6.886873273643179,3.686712115740117,0.535324518,0,0,1,0,1.18961004,1,Typec,Renault,Distribution
2026-01-10 17:00:00,6.886873273643179,2.54458257729079,0.36948299702699444,0,0,1,0,1.18961004,1,Typec,Renault,Distribution
2026-01-10 18:00:00,6.886873273643179,0.8192693590533594,0.11896100400000001,0,0,1,0,1.18961004,1,Typec,Renault,Distribution
2026-01-10 19:00:00,0.0,0.0,0.0,1,1,1,80,1.0,1,Typec,Renault,Distribution
2026-01-10 20:00:00,0.0,0.0,0.0,1,1,1,80,1.0,1,Typec,Renault,Distribution
2026-01-10 21:00:00,0.0,0.0,0.0,1,1,1,80,1.0,1,Typec,Renault,Distribution
2026-01-10 22:00:00,0.0,0.0,0.0,1,1,1,80,1.0,1,Typec,Renault,Distribution
2026-01-10 23:00:00,0.0,0.0,0.0,1,1,1,80,1.0,1,Typec,Renault,Distribution
2026-01-11 00:00:00,0.0,0.0,0.0,1,1,1,80,1.0,1,Typec,Renault,Distribution
2026-01-11 01:00:00,0.0,0.0,0.0,1,1,1,80,1.0,1,Typec,Renault,Distribution
2026-01-11 02:00:00,0.0,0.0,0.0,1,1,1,80,1.0,1,Typec,Renault,Distribution
2026-01-11 03:00:00,0.0,0.0,0.0,1,1,1,80,1.0,1,Typec,Renault,Distribution
2026-01-11 04:00:00,0.0,0.0,0.0,1,1,1,80,1.0,1,Typec,Renault,Distribution
2026-01-11 05:00:00,0.0,0.0,0.0,1,1,1,80,1.0,1,Typec,Renault,Distribution
2026-01-11 06:00:00,0.0,0.0,0.0,1,1,1,80,1.0,1,Typec,Renault,Distribution
2026-01-11 07:00:00,8.82067592876212,3.802262552286091,0.43106249260193547,0,0,1,0,1.122069513044,1,Typec,Renault,Distribution
2026-01-11 08:00:00,8.82067592876212,1.8315156573990488,0.20763892384107588,0,0,1,0,1.122069513044,1,Typec,Renault,Distribution
2026-01-11 09:00:00,8.82067592876212,1.30468000982324,0.14791156826984084,0,0,1,0,1.122069513044,1,Typec,Renault,Distribution
2026-01-11 10:00:00,8.82067592876212,2.291043530587069,0.2597355972592217,0,0,1,0,1.122069513044,1,Typec,Renault,Distribution
2026-01-11 11:00:00,8.82067592876212,1.6389801087710987,0.18581116934891304,0,0,1,0,1.122069513044,1,Typec,Renault,Distribution
2026-01-11 12:00:00,8.82067592876212,3.8221398738283736,0.4333159844774806,0,0,1,0,1.122069513044,1,Typec,Renault,Distribution
2026-01-11 13:00:00,8.82067592876212,2.230085308133788,0.25282476378732066,0,0,1,0,1.122069513044,1,Typec,Renault,Distribution
2026-01-11 14:00:00,8.82067592876212,0.9897411544105044,0.1122069513044,0,0,1,0,1.122069513044,1,Typec,Renault,Distribution
2026-01-11 15:00:00,8.82067592876212,2.3541343235932737,0.26688820024744403,0,0,1,0,1.122069513044,1,Typec,Renault,Distribution
2026-01-11 16:00:00,8.82067592876212,1.3855532976550837,0.15708017263587762,0,0,1,0,1.122069513044,1,Typec,Renault,Distribution
2026-01-11 17:00:00,8.82067592876212,1.3848288853553135,0.15699804601592005,0,0,1,0,1.122069513044,1,Typec,Renault,Distribution
2026-01-11 18:00:00,8.82067592876212,3.811507270102424,0.43211056622928506,0,0,1,0,1.122069513044,1,Typec,Renault,Distribution
2026-01-11 19:00:00,0.0,0.0,0.0,1,1,1,80,1.0,1,Typec,Renault,Distribution
2026-01-11 20:00:00,0.0,0.0,0.0,1,1,1,80,1.0,1,Typec,Renault,Distribution
2026-01-11 21:00:00,0.0,0.0,0.0,1,1,1,80,1.0,1,Typec,Renault,Distribution
2026-01-11 22:00:00,0.0,0.0,0.0,1,1,1,80,1.0,1,Typec,Renault,Distribution
2026-01-11 23:00:00,0.0,0.0,0.0,1,1,1,80,1.0,1,Typec,Renault,Distribution
2026-01-12 00:00:00,0.0,0.0,0.0,1,1,1,80,1.0,1,Typec,Renault,Distribution
2026-01-12 01:00:00,0.0,0.0,0.0,1,1,1,80,1.0,1,Typec,Renault,Distribution
2026-01-12 02:00:00,0.0,0.0,0.0,1,1,1,80,1.0,1,Typec,Renault,Distribution
2026-01-12 03:00:00,0.0,0.0,0.0,1,1,1,80,1.0,1,Typec,Renault,Distribution
2026-01-12 04:00:00,0.0,0.0,0.0,1,1,1,80,1.0,1,Typec,Renault,Distribution
2026-01-12 05:00:00,0.0,0.0,0.0,1,1,1,80,1.0,1,Typec,Renault,Distribution
2026-01-12 06:00:00,4.848863554865822,0.5430190542126159,0.1119889326784,0,0,1,0,1.119889326784,1,Typec,Renault,Distribution
2026-01-12 07:00:00,4.848863554865822,0.5430190542126159,0.1119889326784,0,0,1,0,1.119889326784,1,Typec,Renault,Distribution
2026-01-12 08:00:00,4.848863554865822,0.8398505091550473,0.17320563873410286,0,0,1,0,1.119889326784,1,Typec,Renault,Distribution
2026-01-12 09:00:00,4.848863554865822,1.747755991528642,0.3604465194271704,0,0,1,0,1.119889326784,1,Typec,Renault,Distribution
2026-01-12 10:00:00,4.848863554865822,1.3974706295649366,0.2882058061135951,0,0,1,0,1.119889326784,1,Typec,Renault,Distribution
2026-01-12 11:00:00,4.848863554865822,1.5005861808970777,0.3094717275331955,0,0,1,0,1.119889326784,1,Typec,Renault,Distribution
2026-01-12 12:00:00,4.848863554865822,1.2725833038940524,0.26244980694847936,0,0,1,0,1.119889326784,1,Typec,Renault,Distribution
2026-01-12 13:00:00,4.848863554865822,2.150964233543106,0.44360172424002703,0,0,1,0,1.119889326784,1,Typec,Renault,Distribution
2026-01-12 14:00:00,4.848863554865822,0.9350631380267955,0.19284170970091788,0,0,1,0,1.119889326784,1,Typec,Renault,Distribution
2026-01-12 15:00:00,4.848863554865822,1.3699613888126594,0.28253246834258855,0,0,1,0,1.119889326784,1,Typec,Renault,Distribution
2026-01-12 16:00:00,4.848863554865822,0.8591239107403957,0.1771804673444084,0,0,1,0,1.119889326784,1,Typec,Renault,Distribution
2026-01-12 17:00:00,4.848863554865822,1.6167679957627858,0.33343235532795373,0,0,1,0,1.119889326784,1,Typec,Renault,Distribution
2026-01-12 18:00:00,4.848863554865822,0.5430190542126159,0.1119889326784,0,0,1,0,1.119889326784,1,Typec,Renault,Distribution
2026-01-12 19:00:00,4.848863554865822,1.460523032073599,0.30120934844783737,0,0,1,0,1.119889326784,1,Typec,Renault,Distribution
2026-01-12 20:00:00,4.848863554865822,0.8942324712290142,0.18442104239696622,0,0,1,0,1.119889326784,1,Typec,Renault,Distribution
2026-01-12 21:00:00,4.848863554865822,2.290266662982481,0.47233060635088486,0,0,1,0,1.119889326784,1,Typec,Renault,Distribution
2026-01-12 22:00:00,4.848863554865822,1.0823472208308034,0.22321667924531935,0,0,1,0,1.119889326784,1,Typec,Renault,Distribution
2026-01-12 23:00:00,4.848863554865822,0.7334791377019279,0.151268256861112,0,0,1,0,1.119889326784,1,Typec,Renault,Distribution
2026-01-13 00:00:00,0.0,0.0,0.0,1,1,1,80,1.0,1,Typec,Renault,Distribution
2026-01-13 01:00:00,0.0,0.0,0.0,1,1,1,80,1.0,1,Typec,Renault,Distribution
2026-01-13 02:00:00,0.0,0.0,0.0,1,1,1,80,1.0,1,Typec,Renault,Distribution
2026-01-13 03:00:00,0.0,0.0,0.0,1,1,1,80,1.0,1,Typec,Renault,Distribution
2026-01-13 04:00:00,0.0,0.0,0.0,1,1,1,80,1.0,1,Typec,Renault,Distribution
2026-01-13 05:00:00,0.0,0.0,0.0,1,1,1,80,1.0,1,Typec,Renault,Distribution
2026-01-13 06:00:00,6.915942381743612,2.471273482473178,0.3573299698095711,0,0,1,0,1.12425024,1,Typec,Renault,Distribution
2026-01-13 07:00:00,6.915942381743612,0.7775249882501428,0.11242502400000001,0,0,1,0,1.12425024,1,Typec,Renault,Distribution
2026-01-13 08:00:00,6.915942381743612,2.2207817579309066,0.32111050603793695,0,0,1,0,1.12425024,1,Typec,Renault,Distribution
2026-01-13 09:00:00,6.915942381743612,0.8383141846722745,0.12121474390608254,0,0,1,0,1.12425024,1,Typec,Renault,Distribution
2026-01-13 10:00:00,6.915942381743612,1.5553697597870202,0.22489628657011573,0,0,1,0,1.12425024,1,Typec,Renault,Distribution
2026-01-13 11:00:00,6.915942381743612,2.235600710644937,0.3232532296027181,0,0,1,0,1.12425024,1,Typec,Renault,Distribution
2026-01-13 12:00:00,6.915942381743612,2.947239346806337,0.4261515183507492,0,0,1,0,1.12425024,1,Typec,Renault,Distribution
2026-01-13 13:00:00,6.915942381743612,1.2456972831820596,0.1801196734186789,0,0,1,0,1.12425024,1,Typec,Renault,Distribution
2026-01-13 14:00:00,6.915942381743612,0.7775249882501428,0.11242502400000001,0,0,1,0,1.12425024,1,Typec,Renault,Distribution
2026-01-13 15:00:00,6.915942381743612,1.4477176055607774,0.20933048970772167,0,0,1,0,1.12425024,1,Typec,Renault,Distribution
2026-01-13 16:00:00,6.915942381743612,1.113341763875617,0.16098193166191865,0,0,1,0,1.12425024,1,Typec,Renault,Distribution
2026-01-13 17:00:00,6.915942381743612,2.804306192140871,0.4054843197571383,0,0,1,0,1.12425024,1,Typec,Renault,Distribution
2026-01-13 18:00:00,6.915942381743612,0.7775249882501428,0.11242502400000001,0,0,1,0,1.12425024,1,Typec,Renault,Distribution
2026-01-13 19:00:00,6.915942381743612,0.9060294973454871,0.13100593488707804,0,0,1,0,1.12425024,1,Typec,Renault,Distribution
2026-01-13 20:00:00,6.915942381743612,1.1959770969758998,0.17293045993746065,0,0,1,0,1.12425024,1,Typec,Renault,Distribution
2026-01-13 21:00:00,6.915942381743612,1.4740244685196808,0.21313428989963004,0,0,1,0,1.12425024,1,Typec,Renault,Distribution
2026-01-13 22:00:00,6.915942381743612,0.7775249882501428,0.11242502400000001,0,0,1,0,1.12425024,1,Typec,Renault,Distribution
2026-01-13 23:00:00,0.0,0.0,0.0,1,1,1,80,1.0,1,Typec,Renault,Distribution
2026-01-14 00:00:00,0.0,0.0,0.0,1,1,1,80,1.0,1,Typec,Renault,Distribution
2026-01-14 01:00:00,0.0,0.0,0.0,1,1,1,80,1.0,1,Typec,Renault,Distribution
2026-01-14 02:00:00,0.0,0.0,0.0,1,1,1,80,1.0,1,Typec,Renault,Distribution
2026-01-14 03:00:00,0.0,0.0,0.0,1,1,1,80,1.0,1,Typec,Renault,Distribution
2026-01-14 04:00:00,0.0,0.0,0.0,1,1,1,80,1.0,1,Typec,Renault,Distribution
2026-01-14 05:00:00,0.0,0.0,0.0,1,1,1,80,1.0,1,Typec,Renault,Distribution
2026-01-14 06:00:00,0.0,0.0,0.0,1,1,1,80,1.0,1,Typec,Renault,Distribution
2026-01-14 07:00:00,5.914878370787866,0.8766387839029122,0.14820909728802137,0,0,1,0,1.102475,1,Typec,Renault,Distribution
2026-01-14 08:00:00,5.914878370787866,1.7350027853860301,0.2933285651239734,0,0,1,0,1.102475,1,Typec,Renault,Distribution
2026-01-14 09:00:00,5.914878370787866,1.97234914984296,0.33345557189880837,0,0,1,0,1.102475,1,Typec,Renault,Distribution
2026-01-14 10:00:00,5.914878370787866,0.6521005531834353,0.11024750000000001,0,0,1,0,1.102475,1,Typec,Renault,Distribution
2026-01-14 11:00:00,5.914878370787866,0.6521005531834353,0.11024750000000001,0,0,1,0,1.102475,1,Typec,Renault,Distribution
2026-01-14 12:00:00,5.914878370787866,0.7249021203188304,0.12255571034206625,0,0,1,0,1.102475,1,Typec,Renault,Distribution
2026-01-14 13:00:00,5.914878370787866,0.6521005531834353,0.11024750000000001,0,0,1,0,1.102475,1,Typec,Renault,Distribution
2026-01-14 14:00:00,5.914878370787866,0.7826966127522736,0.13232674683858595,0,0,1,0,1.102475,1,Typec,Renault,Distribution
2026-01-14 15:00:00,5.914878370787866,1.2261270735979852,0.20729539928555862,0,0,1,0,1.102475,1,Typec,Renault,Distribution
2026-01-14 16:00:00,5.914878370787866,0.8222824650335151,0.1390193362376759,0,0,1,0,1.102475,1,Typec,Renault,Distribution
2026-01-14 17:00:00,5.914878370787866,0.8762962304618268,0.14815118342747993,0,0,1,0,1.102475,1,Typec,Renault,Distribution
2026-01-14 18:00:00,5.914878370787866,0.6521005531834353,0.11024750000000001,0,0,1,0,1.102475,1,Typec,Renault,Distribution
2026-01-14 19:00:00,5.914878370787866,0.6521005531834353,0.11024750000000001,0,0,1,0,1.102475,1,Typec,Renault,Distribution
2026-01-14 20:00:00,5.914878370787866,2.1448449180390203,0.36261860068533,0,0,1,0,1.102475,1,Typec,Renault,Distribution
2026-01-14 21:00:00,5.914878370787866,0.6829469092108472,0.11546254485700916,0,0,1,0,1.102475,1,Typec,Renault,Distribution
2026-01-14 22:00:00,5.914878370787866,1.9790493885720308,0.33458834899227524,0,0,1,0,1.102475,1,Typec,Renault,Distribution
2026-01-14 23:00:00,5.914878370787866,2.159363246202154,0.3650731445073697,0,0,1,0,1.102475,1,Typec,Renault,Distribution
2026-01-01 00:00:00,0.0,0.0,0.0,1,1,2,80,1.0,2,Typec,Renault,Distribution
2026-01-01 01:00:00,0.0,0.0,0.0,1,1,2,80,1.0,2,Typec,Renault,Distribution
2026-01-01 02:00:00,0.0,0.0,0.0,1,1,2,80,1.0,2,Typec,Renault,Distribution
2026-01-01 03:00:00,0.0,0.0,0.0,1,1,2,80,1.0,2,Typec,Renault,Distribution
2026-01-01 04:00:00,0.0,0.0,0.0,1,1,2,80,1.0,2,Typec,Renault,Distribution
2026-01-01 05:00:00,0.0,0.0,0.0,1,1,2,80,1.0,2,Typec,Renault,Distribution
2026-01-01 06:00:00,7.355751024615728,1.314235822008943,0.17866779579826791,0,0,2,0,1.1329772784640002,2,Typec,Renault,Distribution
2026-01-01 07:00:00,7.355751024615728,2.3135652963882363,0.314524688049661,0,0,2,0,1.1329772784640002,2,Typec,Renault,Distribution
2026-01-01 08:00:00,7.355751024615728,1.386819158473903,0.18853535877342337,0,0,2,0,1.1329772784640002,2,Typec,Renault,Distribution
2026-01-01 09:00:00,7.355751024615728,2.4082895308528944,0.3274022629087974,0,0,2,0,1.1329772784640002,2,Typec,Renault,Distribution
2026-01-01 10:00:00,7.355751024615728,2.7866342038594256,0.378837483016223,0,0,2,0,1.1329772784640002,2,Typec,Renault,Distribution
2026-01-01 11:00:00,7.355751024615728,3.7502544496175587,0.5098397753088001,0,0,2,0,1.1329772784640002,2,Typec,Renault,Distribution
2026-01-01 12:00:00,7.355751024615728,1.3771720236111025,0.18722384961133828,0,0,2,0,1.1329772784640002,2,Typec,Renault,Distribution
2026-01-01 13:00:00,7.355751024615728,0.8333898776927909,0.11329772784640002,0,0,2,0,1.1329772784640002,2,Typec,Renault,Distribution
2026-01-01 14:00:00,7.355751024615728,0.8333898776927909,0.11329772784640002,0,0,2,0,1.1329772784640002,2,Typec,Renault,Distribution
2026-01-01 15:00:00,7.355751024615728,1.799929722703603,0.24469693396095243,0,0,2,0,1.1329772784640002,2,Typec,Renault,Distribution
2026-01-01 16:00:00,7.355751024615728,2.5521331497857553,0.3469575222496172,0,0,2,0,1.1329772784640002,2,Typec,Renault,Distribution
2026-01-01 17:00:00,7.355751024615728,1.8546406252323104,0.2521347744133576,0,0,2,0,1.1329772784640002,2,Typec,Renault,Distribution
2026-01-01 18:00:00,7.355751024615728,0.8333898776927909,0.11329772784640002,0,0,2,0,1.1329772784640002,2,Typec,Renault,Distribution
2026-01-01 19:00:00,7.355751024615728,3.3072300945152446,0.44961147861689865,0,0,2,0,1.1329772784640002,2,Typec,Renault,Distribution
2026-01-01 20:00:00,7.355751024615728,1.5412977935189842,0.20953642780473303,0,0,2,0,1.1329772784640002,2,Typec,Renault,Distribution
2026-01-01 21:00:00,7.355751024615728,3.584990926395014,0.487372521772146,0,0,2,0,1.1329772784640002,2,Typec,Renault,Distribution
2026-01-01 22:00:00,7.355751024615728,1.1451911478854395,0.1556865021740272,0,0,2,0,1.1329772784640002,2,Typec,Renault,Distribution
2026-01-01 23:00:00,7.355751024615728,1.916172631677186,0.2604999306345186,0,0,2,0,1.1329772784640002,2,Typec,Renault,Distribution
2026-01-02 00:00:00,0.0,0.0,0.0,1,1,2,80,1.0,2,Typec,Renault,Distribution
2026-01-02 01:00:00,0.0,0.0,0.0,1,1,2,80,1.0,2,Typec,Renault,Distribution
2026-01-02 02:00:00,0.0,0.0,0.0,1,1,2,80,1.0,2,Typec,Renault,Distribution
2026-01-02 03:00:00,0.0,0.0,0.0,1,1,2,80,1.0,2,Typec,Renault,Distribution
2026-01-02 04:00:00,0.0,0.0,0.0,1,1,2,80,1.0,2,Typec,Renault,Distribution
2026-01-02 05:00:00,0.0,0.0,0.0,1,1,2,80,1.0,2,Typec,Renault,Distribution
2026-01-02 06:00:00,0.0,0.0,0.0,1,1,2,80,1.0,2,Typec,Renault,Distribution
2026-01-02 07:00:00,8.274658821147657,1.0199262047344746,0.123259004,0,0,2,0,1.23259004,2,Typec,Renault,Distribution
2026-01-02 08:00:00,8.274658821147657,4.589667921305135,0.5546655180000001,0,0,2,0,1.23259004,2,Typec,Renault,Distribution
2026-01-02 09:00:00,8.274658821147657,1.165522575966614,0.1408544571031584,0,0,2,0,1.23259004,2,Typec,Renault,Distribution
2026-01-02 10:00:00,8.274658821147657,1.943268511189176,0.234845756567357,0,0,2,0,1.23259004,2,Typec,Renault,Distribution
2026-01-02 11:00:00,8.274658821147657,2.2347042674047795,0.2700660312052402,0,0,2,0,1.23259004,2,Typec,Renault,Distribution
2026-01-02 12:00:00,8.274658821147657,1.762024963127564,0.2129423099142569,0,0,2,0,1.23259004,2,Typec,Renault,Distribution
2026-01-02 13:00:00,8.274658821147657,1.590450646870762,0.19220739866712402,0,0,2,0,1.23259004,2,Typec,Renault,Distribution
2026-01-02 14:00:00,8.274658821147657,3.601719035386819,0.435271001890961,0,0,2,0,1.23259004,2,Typec,Renault,Distribution
2026-01-02 15:00:00,8.274658821147657,2.4035785884483114,0.2904746455896711,0,0,2,0,1.23259004,2,Typec,Renault,Distribution
2026-01-02 16:00:00,8.274658821147657,3.1859778278781548,0.38502830107456615,0,0,2,0,1.23259004,2,Typec,Renault,Distribution
2026-01-02 17:00:00,8.274658821147657,1.6274805407113846,0.19668249481803535,0,0,2,0,1.23259004,2,Typec,Renault,Distribution
2026-01-02 18:00:00,8.274658821147657,1.0199262047344746,0.123259004,0,0,2,0,1.23259004,2,Typec,Renault,Distribution
2026-01-02 19:00:00,8.274658821147657,3.0148503021401782,0.36434738486559526,0,0,2,0,1.23259004,2,Typec,Renault,Distribution
2026-01-02 20:00:00,8.274658821147657,1.0199262047344746,0.123259004,0,0,2,0,1.23259004,2,Typec,Renault,Distribution
2026-01-02 21:00:00,8.274658821147657,1.8147656221964146,0.21931606624775798,0,0,2,0,1.23259004,2,Typec,Renault,Distribution
2026-01-02 22:00:00,8.274658821147657,3.4536441371998357,0.4173760165643701,0,0,2,0,1.23259004,2,Typec,Renault,Distribution
2026-01-02 23:00:00,0.0,0.0,0.0,1,1,2,80,1.0,2,Typec,Renault,Distribution
2026-01-03 00:00:00,0.0,0.0,0.0,1,1,2,80,1.0,2,Typec,Renault,Distribution
2026-01-03 01:00:00,0.0,0.0,0.0,1,1,2,80,1.0,2,Typec,Renault,Distribution
2026-01-03 02:00:00,0.0,0.0,0.0,1,1,2,80,1.0,2,Typec,Renault,Distribution
2026-01-03 03:00:00,0.0,0.0,0.0,1,1,2,80,1.0,2,Typec,Renault,Distribution
2026-01-03 04:00:00,0.0,0.0,0.0,1,1,2,80,1.0,2,Typec,Renault,Distribution
2026-01-03 05:00:00,0.0,0.0,0.0,1,1,2,80,1.0,2,Typec,Renault,Distribution
2026-01-03 06:00:00,0.0,0.0,0.0,1,1,2,80,1.0,2,Typec,Renault,Distribution
2026-01-03 07:00:00,0.0,0.0,0.0,1,1,2,80,1.0,2,Typec,Renault,Distribution
2026-01-03 08:00:00,6.024673213299161,0.7284125184136969,0.1209049010004,0,0,2,0,1.209049010004,2,Typec,Renault,Distribution
2026-01-03 09:00:00,6.024673213299161,1.6225497872769847,0.2693174766218503,0,0,2,0,1.209049010004,2,Typec,Renault,Distribution
2026-01-03 10:00:00,6.024673213299161,1.918133578479968,0.3183796880876103,0,0,2,0,1.209049010004,2,Typec,Renault,Distribution
2026-01-03 11:00:00,6.024673213299161,1.7845714237759955,0.29621049318270815,0,0,2,0,1.209049010004,2,Typec,Renault,Distribution
2026-01-03 12:00:00,6.024673213299161,1.5343026718444224,0.25466985801944025,0,0,2,0,1.209049010004,2,Typec,Renault,Distribution
2026-01-03 13:00:00,6.024673213299161,2.8436531229514883,0.472001222684455,0,0,2,0,1.209049010004,2,Typec,Renault,Distribution
2026-01-03 14:00:00,6.024673213299161,2.1173247399266777,0.3514422550343129,0,0,2,0,1.209049010004,2,Typec,Renault,Distribution
2026-01-03 15:00:00,6.024673213299161,0.7284125184136969,0.1209049010004,0,0,2,0,1.209049010004,2,Typec,Renault,Distribution
2026-01-03 16:00:00,6.024673213299161,0.7284125184136969,0.1209049010004,0,0,2,0,1.209049010004,2,Typec,Renault,Distribution
2026-01-03 17:00:00,6.024673213299161,0.7284125184136969,0.1209049010004,0,0,2,0,1.209049010004,2,Typec,Renault,Distribution
2026-01-03 18:00:00,6.024673213299161,1.0860786686011275,0.18027179734888585,0,0,2,0,1.209049010004,2,Typec,Renault,Distribution
2026-01-03 19:00:00,0.0,0.0,0.0,1,1,2,80,1.0,2,Typec,Renault,Distribution
2026-01-03 20:00:00,0.0,0.0,0.0,1,1,2,80,1.0,2,Typec,Renault,Distribution
2026-01-03 21:00:00,0.0,0.0,0.0,1,1,2,80,1.0,2,Typec,Renault,Distribution
2026-01-03 22:00:00,0.0,0.0,0.0,1,1,2,80,1.0,2,Typec,Renault,Distribution
2026-01-03 23:00:00,0.0,0.0,0.0,1,1,2,80,1.0,2,Typec,Renault,Distribution
2026-01-04 00:00:00,0.0,0.0,0.0,1,1,2,80,1.0,2,Typec,Renault,Distribution
2026-01-04 01:00:00,0.0,0.0,0.0,1,1,2,80,1.0,2,Typec,Renault,Distribution
2026-01-04 02:00:00,0.0,0.0,0.0,1,1,2,80,1.0,2,Typec,Renault,Distribution
2026-01-04 03:00:00,0.0,0.0,0.0,1,1,2,80,1.0,2,Typec,Renault,Distribution
2026-01-04 04:00:00,0.0,0.0,0.0,1,1,2,80,1.0,2,Typec,Renault,Distribution
2026-01-04 05:00:00,0.0,0.0,0.0,1,1,2,80,1.0,2,Typec,Renault,Distribution
2026-01-04 06:00:00,0.0,0.0,0.0,1,1,2,80,1.0,2,Typec,Renault,Distribution
2026-01-04 07:00:00,0.0,0.0,0.0,1,1,2,80,1.0,2,Typec,Renault,Distribution
2026-01-04 08:00:00,6.12315278203815,0.7990899008924047,0.13050301525000002,0,0,2,0,1.3050301525,2,Typec,Renault,Distribution
2026-01-04 09:00:00,6.12315278203815,2.211878589997351,0.361231977827786,0,0,2,0,1.3050301525,2,Typec,Renault,Distribution
2026-01-04 10:00:00,6.12315278203815,1.7067302289883397,0.27873389571380874,0,0,2,0,1.3050301525,2,Typec,Renault,Distribution
2026-01-04 11:00:00,6.12315278203815,2.8275458657302877,0.4617794078280556,0,0,2,0,1.3050301525,2,Typec,Renault,Distribution
2026-01-04 12:00:00,6.12315278203815,0.842385156678733,0.13757376088178172,0,0,2,0,1.3050301525,2,Typec,Renault,Distribution
2026-01-04 13:00:00,6.12315278203815,1.8645723605364404,0.30451181391488974,0,0,2,0,1.3050301525,2,Typec,Renault,Distribution
2026-01-04 14:00:00,6.12315278203815,1.5223129306884142,0.24861586585819237,0,0,2,0,1.3050301525,2,Typec,Renault,Distribution
2026-01-04 15:00:00,6.12315278203815,1.7910547614246572,0.29250531959264414,0,0,2,0,1.3050301525,2,Typec,Renault,Distribution
2026-01-04 16:00:00,6.12315278203815,1.3248675447482137,0.2163701596070936,0,0,2,0,1.3050301525,2,Typec,Renault,Distribution
2026-01-04 17:00:00,6.12315278203815,0.7990899008924047,0.13050301525000002,0,0,2,0,1.3050301525,2,Typec,Renault,Distribution
2026-01-04 18:00:00,6.12315278203815,2.4355152641028983,0.3977551027711273,0,0,2,0,1.3050301525,2,Typec,Renault,Distribution
2026-01-04 19:00:00,6.12315278203815,1.8046343812259917,0.2947230692201187,0,0,2,0,1.3050301525,2,Typec,Renault,Distribution
2026-01-04 20:00:00,6.12315278203815,2.577155852900853,0.4208870731530272,0,0,2,0,1.3050301525,2,Typec,Renault,Distribution
2026-01-04 21:00:00,0.0,0.0,0.0,1,1,2,80,1.0,2,Typec,Renault,Distribution
2026-01-04 22:00:00,0.0,0.0,0.0,1,1,2,80,1.0,2,Typec,Renault,Distribution
2026-01-04 23:00:00,0.0,0.0,0.0,1,1,2,80,1.0,2,Typec,Renault,Distribution
2026-01-05 00:00:00,0.0,0.0,0.0,1,1,2,80,1.0,2,Typec,Renault,Distribution
2026-01-05 01:00:00,0.0,0.0,0.0,1,1,2,80,1.0,2,Typec,Renault,Distribution
2026-01-05 02:00:00,0.0,0.0,0.0,1,1,2,80,1.0,2,Typec,Renault,Distribution
2026-01-05 03:00:00,0.0,0.0,0.0,1,1,2,80,1.0,2,Typec,Renault,Distribution
2026-01-05 04:00:00,0.0,0.0,0.0,1,1,2,80,1.0,2,Typec,Renault,Distribution
2026-01-05 05:00:00,0.0,0.0,0.0,1,1,2,80,1.0,2,Typec,Renault,Distribution
2026-01-05 06:00:00,7.078041548679256,0.8679077415327052,0.12261975796040002,0,0,2,0,1.226197579604,2,Typec,Renault,Distribution
2026-01-05 07:00:00,7.078041548679256,1.0736119553308565,0.1516820645862399,0,0,2,0,1.226197579604,2,Typec,Renault,Distribution
2026-01-05 08:00:00,7.078041548679256,2.441538017167569,0.3449454203363858,0,0,2,0,1.226197579604,2,Typec,Renault,Distribution
2026-01-05 09:00:00,7.078041548679256,0.8679077415327052,0.12261975796040002,0,0,2,0,1.226197579604,2,Typec,Renault,Distribution
2026-01-05 10:00:00,7.078041548679256,2.2286678908095223,0.3148706991166767,0,0,2,0,1.226197579604,2,Typec,Renault,Distribution
2026-01-05 11:00:00,7.078041548679256,2.424147568983031,0.3424884627069434,0,0,2,0,1.226197579604,2,Typec,Renault,Distribution
2026-01-05 12:00:00,7.078041548679256,2.3937015304796483,0.33818698491905674,0,0,2,0,1.226197579604,2,Typec,Renault,Distribution
2026-01-05 13:00:00,7.078041548679256,0.8850445644218041,0.12504088289605353,0,0,2,0,1.226197579604,2,Typec,Renault,Distribution
2026-01-05 14:00:00,7.078041548679256,1.6952253166945255,0.23950485526760582,0,0,2,0,1.226197579604,2,Typec,Renault,Distribution
2026-01-05 15:00:00,7.078041548679256,3.2552380243586914,0.4599066001479054,0,0,2,0,1.226197579604,2,Typec,Renault,Distribution
2026-01-05 16:00:00,7.078041548679256,2.2816626961992035,0.3223579122144255,0,0,2,0,1.226197579604,2,Typec,Renault,Distribution
2026-01-05 17:00:00,7.078041548679256,1.8827279863591289,0.265995610990789,0,0,2,0,1.226197579604,2,Typec,Renault,Distribution
2026-01-05 18:00:00,7.078041548679256,3.9055848368971735,0.5517889108218,0,0,2,0,1.226197579604,2,Typec,Renault,Distribution
2026-01-05 19:00:00,7.078041548679256,0.9979490130463008,0.14099225134281893,0,0,2,0,1.226197579604,2,Typec,Renault,Distribution
2026-01-05 20:00:00,7.078041548679256,0.8679077415327052,0.12261975796040002,0,0,2,0,1.226197579604,2,Typec,Renault,Distribution
2026-01-05 21:00:00,7.078041548679256,2.1425438970991375,0.3027029274077843,0,0,2,0,1.226197579604,2,Typec,Renault,Distribution
2026-01-05 22:00:00,7.078041548679256,0.8725264448821614,0.12327229769440569,0,0,2,0,1.226197579604,2,Typec,Renault,Distribution
2026-01-05 23:00:00,7.078041548679256,0.8679077415327052,0.12261975796040002,0,0,2,0,1.226197579604,2,Typec,Renault,Distribution
2026-01-06 00:00:00,0.0,0.0,0.0,1,1,2,80,1.0,2,Typec,Renault,Distribution
2026-01-06 01:00:00,0.0,0.0,0.0,1,1,2,80,1.0,2,Typec,Renault,Distribution
2026-01-06 02:00:00,0.0,0.0,0.0,1,1,2,80,1.0,2,Typec,Renault,Distribution
2026-01-06 03:00:00,0.0,0.0,0.0,1,1,2,80,1.0,2,Typec,Renault,Distribution
2026-01-06 04:00:00,0.0,0.0,0.0,1,1,2,80,1.0,2,Typec,Renault,Distribution
2026-01-06 05:00:00,0.0,0.0,0.0,1,1,2,80,1.0,2,Typec,Renault,Distribution
2026-01-06 06:00:00,7.768524780227516,3.004358821453531,0.38673479282710643,0,0,2,0,1.3306301459840002,2,Typec,Renault,Distribution
2026-01-06 07:00:00,7.768524780227516,2.1837218821399946,0.2810986569416646,0,0,2,0,1.3306301459840002,2,Typec,Renault,Distribution
2026-01-06 08:00:00,7.768524780227516,2.4564392729659095,0.3162040853905815,0,0,2,0,1.3306301459840002,2,Typec,Renault,Distribution
2026-01-06 09:00:00,7.768524780227516,1.441760516935953,0.18559000038276616,0,0,2,0,1.3306301459840002,2,Typec,Renault,Distribution
2026-01-06 10:00:00,7.768524780227516,1.4052474139699103,0.18088986695988307,0,0,2,0,1.3306301459840002,2,Typec,Renault,Distribution
2026-01-06 11:00:00,7.768524780227516,1.7859338995421914,0.22989357053835477,0,0,2,0,1.3306301459840002,2,Typec,Renault,Distribution
2026-01-06 12:00:00,7.768524780227516,1.0337033262394462,0.13306301459840003,0,0,2,0,1.3306301459840002,2,Typec,Renault,Distribution
2026-01-06 13:00:00,7.768524780227516,1.0337033262394462,0.13306301459840003,0,0,2,0,1.3306301459840002,2,Typec,Renault,Distribution
2026-01-06 14:00:00,7.768524780227516,4.027823703259293,0.5184798680839543,0,0,2,0,1.3306301459840002,2,Typec,Renault,Distribution
2026-01-06 15:00:00,7.768524780227516,2.4336835293132406,0.31327486210862876,0,0,2,0,1.3306301459840002,2,Typec,Renault,Distribution
2026-01-06 16:00:00,7.768524780227516,3.491234526333283,0.44940765783732695,0,0,2,0,1.3306301459840002,2,Typec,Renault,Distribution
2026-01-06 17:00:00,7.768524780227516,2.46575796632137,0.3174036301714874,0,0,2,0,1.3306301459840002,2,Typec,Renault,Distribution
2026-01-06 18:00:00,7.768524780227516,1.0337033262394462,0.13306301459840003,0,0,2,0,1.3306301459840002,2,Typec,Renault,Distribution
2026-01-06 19:00:00,7.768524780227516,3.842189581153214,0.4945841958221427,0,0,2,0,1.3306301459840002,2,Typec,Renault,Distribution
2026-01-06 20:00:00,7.768524780227516,2.292299538260392,0.2950752688714804,0,0,2,0,1.3306301459840002,2,Typec,Renault,Distribution
2026-01-06 21:00:00,7.768524780227516,1.782807218625636,0.2294910898866211,0,0,2,0,1.3306301459840002,2,Typec,Renault,Distribution
2026-01-06 22:00:00,7.768524780227516,4.041972356052039,0.5203011473091629,0,0,2,0,1.3306301459840002,2,Typec,Renault,Distribution
2026-01-06 23:00:00,7.768524780227516,3.9459836475104266,0.5079450422239448,0,0,2,0,1.3306301459840002,2,Typec,Renault,Distribution
2026-01-07 00:00:00,0.0,0.0,0.0,1,1,2,80,1.0,2,Typec,Renault,Distribution
2026-01-07 01:00:00,0.0,0.0,0.0,1,1,2,80,1.0,2,Typec,Renault,Distribution
2026-01-07 02:00:00,0.0,0.0,0.0,1,1,2,80,1.0,2,Typec,Renault,Distribution
2026-01-07 03:00:00,0.0,0.0,0.0,1,1,2,80,1.0,2,Typec,Renault,Distribution
2026-01-07 04:00:00,0.0,0.0,0.0,1,1,2,80,1.0,2,Typec,Renault,Distribution
2026-01-07 05:00:00,6.307677545950335,1.9118199148186235,0.30309411045370466,0,0,2,0,1.282756305344,2,Typec,Renault,Distribution
2026-01-07 06:00:00,6.307677545950335,2.6542021150623385,0.42078912495556997,0,0,2,0,1.282756305344,2,Typec,Renault,Distribution
2026-01-07 07:00:00,6.307677545950335,2.1179772527464165,0.3357776673454406,0,0,2,0,1.282756305344,2,Typec,Renault,Distribution
2026-01-07 08:00:00,6.307677545950335,2.47388100212635,0.3922015645385416,0,0,2,0,1.282756305344,2,Typec,Renault,Distribution
2026-01-07 09:00:00,6.307677545950335,1.556542612815645,0.24676952832108212,0,0,2,0,1.282756305344,2,Typec,Renault,Distribution
2026-01-07 10:00:00,6.307677545950335,0.8625303769163701,0.13674294074688922,0,0,2,0,1.282756305344,2,Typec,Renault,Distribution
2026-01-07 11:00:00,6.307677545950335,0.8261873982808547,0.13098123552800903,0,0,2,0,1.282756305344,2,Typec,Renault,Distribution
2026-01-07 12:00:00,6.307677545950335,2.418767104511074,0.38346397495603984,0,0,2,0,1.282756305344,2,Typec,Renault,Distribution
2026-01-07 13:00:00,6.307677545950335,0.9589859158855275,0.15203470832164165,0,0,2,0,1.282756305344,2,Typec,Renault,Distribution
2026-01-07 14:00:00,6.307677545950335,3.317300063327983,0.5259146554594823,0,0,2,0,1.282756305344,2,Typec,Renault,Distribution
2026-01-07 15:00:00,6.307677545950335,1.8844622023832234,0.2987569019905098,0,0,2,0,1.282756305344,2,Typec,Renault,Distribution
2026-01-07 16:00:00,6.307677545950335,1.8170706122882445,0.2880728444108312,0,0,2,0,1.282756305344,2,Typec,Renault,Distribution
2026-01-07 17:00:00,6.307677545950335,2.4580934930495046,0.3896986609005804,0,0,2,0,1.282756305344,2,Typec,Renault,Distribution
2026-01-07 18:00:00,6.307677545950335,2.349487994936561,0.37248067578295646,0,0,2,0,1.282756305344,2,Typec,Renault,Distribution
2026-01-07 19:00:00,6.307677545950335,2.416310203691457,0.38307446537795525,0,0,2,0,1.282756305344,2,Typec,Renault,Distribution
2026-01-07 20:00:00,6.307677545950335,1.3040133117126378,0.20673430152589878,0,0,2,0,1.282756305344,2,Typec,Renault,Distribution
2026-01-07 21:00:00,6.307677545950335,2.724254143742767,0.4318949603712379,0,0,2,0,1.282756305344,2,Typec,Renault,Distribution
2026-01-07 22:00:00,6.307677545950335,0.8091213144144561,0.12827563053440003,0,0,2,0,1.282756305344,2,Typec,Renault,Distribution
2026-01-07 23:00:00,6.307677545950335,0.8091213144144561,0.12827563053440003,0,0,2,0,1.282756305344,2,Typec,Renault,Distribution
2026-01-08 00:00:00,0.0,0.0,0.0,1,1,2,80,1.0,2,Typec,Renault,Distribution
2026-01-08 01:00:00,0.0,0.0,0.0,1,1,2,80,1.0,2,Typec,Renault,Distribution
2026-01-08 02:00:00,0.0,0.0,0.0,1,1,2,80,1.0,2,Typec,Renault,Distribution
2026-01-08 03:00:00,0.0,0.0,0.0,1,1,2,80,1.0,2,Typec,Renault,Distribution
2026-01-08 04:00:00,0.0,0.0,0.0,1,1,2,80,1.0,2,Typec,Renault,Distribution
2026-01-08 05:00:00,0.0,0.0,0.0,1,1,2,80,1.0,2,Typec,Renault,Distribution
2026-01-08 06:00:00,0.0,0.0,0.0,1,1,2,80,1.0,2,Typec,Renault,Distribution
2026-01-08 07:00:00,7.900394482519788,3.0774933833925533,0.3895366731625537,0,0,2,0,1.176585222144,2,Typec,Renault,Distribution
2026-01-08 08:00:00,7.900394482519788,0.9295487397240777,0.11765852221440001,0,0,2,0,1.176585222144,2,Typec,Renault,Distribution
2026-01-08 09:00:00,7.900394482519788,1.0628606613694327,0.13453260640605874,0,0,2,0,1.176585222144,2,Typec,Renault,Distribution
2026-01-08 10:00:00,7.900394482519788,0.9295487397240777,0.11765852221440001,0,0,2,0,1.176585222144,2,Typec,Renault,Distribution
2026-01-08 11:00:00,7.900394482519788,0.9295487397240777,0.11765852221440001,0,0,2,0,1.176585222144,2,Typec,Renault,Distribution
2026-01-08 12:00:00,7.900394482519788,1.7987536095939565,0.2276789612941269,0,0,2,0,1.176585222144,2,Typec,Renault,Distribution
2026-01-08 13:00:00,7.900394482519788,2.6243596123386923,0.33218083200089354,0,0,2,0,1.176585222144,2,Typec,Renault,Distribution
2026-01-08 14:00:00,7.900394482519788,1.9540718393682157,0.24733851501867982,0,0,2,0,1.176585222144,2,Typec,Renault,Distribution
2026-01-08 15:00:00,7.900394482519788,1.6834834630532132,0.21308853206989167,0,0,2,0,1.176585222144,2,Typec,Renault,Distribution
2026-01-08 16:00:00,7.900394482519788,2.7126046842708798,0.34335053651722325,0,0,2,0,1.176585222144,2,Typec,Renault,Distribution
2026-01-08 17:00:00,7.900394482519788,1.4480782474143405,0.18329189138824925,0,0,2,0,1.176585222144,2,Typec,Renault,Distribution
2026-01-08 18:00:00,7.900394482519788,3.16469125469572,0.4005738272560738,0,0,2,0,1.176585222144,2,Typec,Renault,Distribution
2026-01-08 19:00:00,7.900394482519788,3.9159509345847283,0.49566524092550845,0,0,2,0,1.176585222144,2,Typec,Renault,Distribution
2026-01-08 20:00:00,7.900394482519788,1.057789269012786,0.1338906900602525,0,0,2,0,1.176585222144,2,Typec,Renault,Distribution
2026-01-08 21:00:00,7.900394482519788,2.3449531380216033,0.2968146898499799,0,0,2,0,1.176585222144,2,Typec,Renault,Distribution
2026-01-08 22:00:00,0.0,0.0,0.0,1,1,2,80,1.0,2,Typec,Renault,Distribution
2026-01-08 23:00:00,0.0,0.0,0.0,1,1,2,80,1.0,2,Typec,Renault,Distribution
2026-01-09 00:00:00,0.0,0.0,0.0,1,1,2,80,1.0,2,Typec,Renault,Distribution
2026-01-09 01:00:00,0.0,0.0,0.0,1,1,2,80,1.0,2,Typec,Renault,Distribution
2026-01-09 02:00:00,0.0,0.0,0.0,1,1,2,80,1.0,2,Typec,Renault,Distribution
2026-01-09 03:00:00,0.0,0.0,0.0,1,1,2,80,1.0,2,Typec,Renault,Distribution
2026-01-09 04:00:00,0.0,0.0,0.0,1,1,2,80,1.0,2,Typec,Renault,Distribution
2026-01-09 05:00:00,6.430126566479934,0.9525912571488727,0.14814502440973773,0,0,2,0,1.137342385344,2,Typec,Renault,Distribution
2026-01-09 06:00:00,6.430126566479934,1.8839342056812947,0.29298555575907165,0,0,2,0,1.137342385344,2,Typec,Renault,Distribution
2026-01-09 07:00:00,6.430126566479934,0.7313255487184113,0.1137342385344,0,0,2,0,1.137342385344,2,Typec,Renault,Distribution
2026-01-09 08:00:00,6.430126566479934,1.276416702592066,0.19850568871318802,0,0,2,0,1.137342385344,2,Typec,Renault,Distribution
2026-01-09 09:00:00,6.430126566479934,0.7313255487184113,0.1137342385344,0,0,2,0,1.137342385344,2,Typec,Renault,Distribution
2026-01-09 10:00:00,6.430126566479934,1.2638159159679305,0.1965460404086238,0,0,2,0,1.137342385344,2,Typec,Renault,Distribution
2026-01-09 11:00:00,6.430126566479934,0.8997543766314167,0.1399279419042559,0,0,2,0,1.137342385344,2,Typec,Renault,Distribution
2026-01-09 12:00:00,6.430126566479934,1.6232444086222924,0.2524436170641211,0,0,2,0,1.137342385344,2,Typec,Renault,Distribution
2026-01-09 13:00:00,6.430126566479934,0.7313255487184113,0.1137342385344,0,0,2,0,1.137342385344,2,Typec,Renault,Distribution
2026-01-09 14:00:00,6.430126566479934,1.2302618312985423,0.19132777847824367,0,0,2,0,1.137342385344,2,Typec,Renault,Distribution
2026-01-09 15:00:00,6.430126566479934,0.7313255487184113,0.1137342385344,0,0,2,0,1.137342385344,2,Typec,Renault,Distribution
2026-01-09 16:00:00,6.430126566479934,1.754721177037813,0.272890612478007,0,0,2,0,1.137342385344,2,Typec,Renault,Distribution
2026-01-09 17:00:00,6.430126566479934,0.7313255487184113,0.1137342385344,0,0,2,0,1.137342385344,2,Typec,Renault,Distribution
2026-01-09 18:00:00,6.430126566479934,0.7313255487184113,0.1137342385344,0,0,2,0,1.137342385344,2,Typec,Renault,Distribution
2026-01-09 19:00:00,6.430126566479934,1.1281641584815485,0.17544975931930112,0,0,2,0,1.137342385344,2,Typec,Renault,Distribution
2026-01-09 20:00:00,6.430126566479934,2.1837749151631662,0.3396161634744676,0,0,2,0,1.137342385344,2,Typec,Renault,Distribution
2026-01-09 21:00:00,6.430126566479934,2.8383158090482254,0.44140901111407116,0,0,2,0,1.137342385344,2,Typec,Renault,Distribution
2026-01-09 22:00:00,6.430126566479934,1.601140667701013,0.2490060889388575,0,0,2,0,1.137342385344,2,Typec,Renault,Distribution
2026-01-09 23:00:00,6.430126566479934,1.296732904103268,0.20166522240216853,0,0,2,0,1.137342385344,2,Typec,Renault,Distribution
2026-01-10 00:00:00,0.0,0.0,0.0,1,1,2,80,1.0,2,Typec,Renault,Distribution
2026-01-10 01:00:00,0.0,0.0,0.0,1,1,2,80,1.0,2,Typec,Renault,Distribution
2026-01-10 02:00:00,0.0,0.0,0.0,1,1,2,80,1.0,2,Typec,Renault,Distribution
2026-01-10 03:00:00,0.0,0.0,0.0,1,1,2,80,1.0,2,Typec,Renault,Distribution
2026-01-10 04:00:00,0.0,0.0,0.0,1,1,2,80,1.0,2,Typec,Renault,Distribution
2026-01-10 05:00:00,0.0,0.0,0.0,1,1,2,80,1.0,2,Typec,Renault,Distribution
2026-01-10 06:00:00,4.721679797288857,1.6748254304483128,0.35470965892477113,0,0,2,0,1.18961004,2,Typec,Renault,Distribution
2026-01-10 07:00:00,4.721679797288857,0.5616957692519989,0.11896100400000001,0,0,2,0,1.18961004,2,Typec,Renault,Distribution
2026-01-10 08:00:00,4.721679797288857,0.9681534811118933,0.2050442898876365,0,0,2,0,1.18961004,2,Typec,Renault,Distribution
2026-01-10 09:00:00,4.721679797288857,1.4993589944100318,0.3175477920529362,0,0,2,0,1.18961004,2,Typec,Renault,Distribution
2026-01-10 10:00:00,4.721679797288857,0.5616957692519989,0.11896100400000001,0,0,2,0,1.18961004,2,Typec,Renault,Distribution
2026-01-10 11:00:00,4.721679797288857,1.0832637563220595,0.22942338380168412,0,0,2,0,1.18961004,2,Typec,Renault,Distribution
2026-01-10 12:00:00,4.721679797288857,0.7506804330808949,0.15898588326805396,0,0,2,0,1.18961004,2,Typec,Renault,Distribution
2026-01-10 13:00:00,4.721679797288857,1.6600936480856479,0.3515896289788345,0,0,2,0,1.18961004,2,Typec,Renault,Distribution
2026-01-10 14:00:00,4.721679797288857,2.5276309616339954,0.535324518,0,0,2,0,1.18961004,2,Typec,Renault,Distribution
2026-01-10 15:00:00,4.721679797288857,1.2410824406648695,0.26284765040134384,0,0,2,0,1.18961004,2,Typec,Renault,Distribution
2026-01-10 16:00:00,4.721679797288857,0.5616957692519989,0.11896100400000001,0,0,2,0,1.18961004,2,Typec,Renault,Distribution
2026-01-10 17:00:00,4.721679797288857,0.7844980130960599,0.16614807584930075,0,0,2,0,1.18961004,2,Typec,Renault,Distribution
2026-01-10 18:00:00,4.721679797288857,2.5276309616339954,0.535324518,0,0,2,0,1.18961004,2,Typec,Renault,Distribution
2026-01-10 19:00:00,4.721679797288857,2.5276309616339954,0.535324518,0,0,2,0,1.18961004,2,Typec,Renault,Distribution
2026-01-10 20:00:00,4.721679797288857,0.5616957692519989,0.11896100400000001,0,0,2,0,1.18961004,2,Typec,Renault,Distribution
2026-01-10 21:00:00,0.0,0.0,0.0,1,1,2,80,1.0,2,Typec,Renault,Distribution
2026-01-10 22:00:00,0.0,0.0,0.0,1,1,2,80,1.0,2,Typec,Renault,Distribution
2026-01-10 23:00:00,0.0,0.0,0.0,1,1,2,80,1.0,2,Typec,Renault,Distribution
2026-01-11 00:00:00,0.0,0.0,0.0,1,1,2,80,1.0,2,Typec,Renault,Distribution
2026-01-11 01:00:00,0.0,0.0,0.0,1,1,2,80,1.0,2,Typec,Renault,Distribution
2026-01-11 02:00:00,0.0,0.0,0.0,1,1,2,80,1.0,2,Typec,Renault,Distribution
2026-01-11 03:00:00,0.0,0.0,0.0,1,1,2,80,1.0,2,Typec,Renault,Distribution
2026-01-11 04:00:00,0.0,0.0,0.0,1,1,2,80,1.0,2,Typec,Renault,Distribution
2026-01-11 05:00:00,0.0,0.0,0.0,1,1,2,80,1.0,2,Typec,Renault,Distribution
2026-01-11 06:00:00,0.0,0.0,0.0,1,1,2,80,1.0,2,Typec,Renault,Distribution
2026-01-11 07:00:00,5.004976373100657,2.262444128347564,0.45203892280233615,0,0,2,0,1.122069513044,2,Typec,Renault,Distribution
2026-01-11 08:00:00,5.004976373100657,1.4020482820481186,0.28013084928501447,0,0,2,0,1.122069513044,2,Typec,Renault,Distribution
2026-01-11 09:00:00,5.004976373100657,1.2658390813539169,0.25291609530010845,0,0,2,0,1.122069513044,2,Typec,Renault,Distribution
2026-01-11 10:00:00,5.004976373100657,1.764915558983312,0.35263214597153447,0,0,2,0,1.122069513044,2,Typec,Renault,Distribution
2026-01-11 11:00:00,5.004976373100657,1.2976815219164928,0.2592782513202075,0,0,2,0,1.122069513044,2,Typec,Renault,Distribution
2026-01-11 12:00:00,5.004976373100657,1.0711452136708264,0.21401603800323954,0,0,2,0,1.122069513044,2,Typec,Renault,Distribution
2026-01-11 13:00:00,5.004976373100657,1.2446861979236798,0.2486897250131429,0,0,2,0,1.122069513044,2,Typec,Renault,Distribution
2026-01-11 14:00:00,5.004976373100657,1.2736105108744542,0.2544688358010037,0,0,2,0,1.122069513044,2,Typec,Renault,Distribution
2026-01-11 15:00:00,5.004976373100657,1.4455366401154561,0.28881987293377065,0,0,2,0,1.122069513044,2,Typec,Renault,Distribution
2026-01-11 16:00:00,5.004976373100657,0.9713841714797874,0.1940836677472666,0,0,2,0,1.122069513044,2,Typec,Renault,Distribution
2026-01-11 17:00:00,5.004976373100657,2.245809169531934,0.4487152390173267,0,0,2,0,1.122069513044,2,Typec,Renault,Distribution
2026-01-11 18:00:00,5.004976373100657,2.13308452487206,0.42619272617076953,0,0,2,0,1.122069513044,2,Typec,Renault,Distribution
2026-01-11 19:00:00,5.004976373100657,0.5615931401761779,0.1122069513044,0,0,2,0,1.122069513044,2,Typec,Renault,Distribution
2026-01-11 20:00:00,0.0,0.0,0.0,1,1,2,80,1.0,2,Typec,Renault,Distribution
2026-01-11 21:00:00,0.0,0.0,0.0,1,1,2,80,1.0,2,Typec,Renault,Distribution
2026-01-11 22:00:00,0.0,0.0,0.0,1,1,2,80,1.0,2,Typec,Renault,Distribution
2026-01-11 23:00:00,0.0,0.0,0.0,1,1,2,80,1.0,2,Typec,Renault,Distribution
2026-01-12 00:00:00,0.0,0.0,0.0,1,1,2,80,1.0,2,Typec,Renault,Distribution
2026-01-12 01:00:00,0.0,0.0,0.0,1,1,2,80,1.0,2,Typec,Renault,Distribution
2026-01-12 02:00:00,0.0,0.0,0.0,1,1,2,80,1.0,2,Typec,Renault,Distribution
2026-01-12 03:00:00,0.0,0.0,0.0,1,1,2,80,1.0,2,Typec,Renault,Distribution
2026-01-12 04:00:00,0.0,0.0,0.0,1,1,2,80,1.0,2,Typec,Renault,Distribution
2026-01-12 05:00:00,0.0,0.0,0.0,1,1,2,80,1.0,2,Typec,Renault,Distribution
2026-01-12 06:00:00,0.0,0.0,0.0,1,1,2,80,1.0,2,Typec,Renault,Distribution
2026-01-12 07:00:00,7.046529029463755,1.7095830921315933,0.24261350304288662,0,0,2,0,1.119889326784,2,Typec,Renault,Distribution
2026-01-12 08:00:00,7.046529029463755,1.0434862124134925,0.14808513639131385,0,0,2,0,1.119889326784,2,Typec,Renault,Distribution
2026-01-12 09:00:00,7.046529029463755,3.5510996929365346,0.5039501970528,0,0,2,0,1.119889326784,2,Typec,Renault,Distribution
2026-01-12 10:00:00,7.046529029463755,1.132343376011096,0.16069519777416824,0,0,2,0,1.119889326784,2,Typec,Renault,Distribution
2026-01-12 11:00:00,7.046529029463755,2.7849559864530113,0.3952238009391907,0,0,2,0,1.119889326784,2,Typec,Renault,Distribution
2026-01-12 12:00:00,7.046529029463755,2.969520331823829,0.4214160360948391,0,0,2,0,1.119889326784,2,Typec,Renault,Distribution
2026-01-12 13:00:00,7.046529029463755,0.7891332650970078,0.1119889326784,0,0,2,0,1.119889326784,2,Typec,Renault,Distribution
2026-01-12 14:00:00,7.046529029463755,1.1892211638748573,0.16876694311516346,0,0,2,0,1.119889326784,2,Typec,Renault,Distribution
2026-01-12 15:00:00,7.046529029463755,1.7426903365373634,0.2473118792600764,0,0,2,0,1.119889326784,2,Typec,Renault,Distribution
2026-01-12 16:00:00,7.046529029463755,0.7891332650970078,0.1119889326784,0,0,2,0,1.119889326784,2,Typec,Renault,Distribution
2026-01-12 17:00:00,7.046529029463755,2.137783326249198,0.3033810429660409,0,0,2,0,1.119889326784,2,Typec,Renault,Distribution
2026-01-12 18:00:00,7.046529029463755,1.298771537249789,0.18431365737928795,0,0,2,0,1.119889326784,2,Typec,Renault,Distribution
2026-01-12 19:00:00,7.046529029463755,2.1808542749228126,0.30949340672605974,0,0,2,0,1.119889326784,2,Typec,Renault,Distribution
2026-01-12 20:00:00,7.046529029463755,1.8204511947762612,0.2583472213290234,0,0,2,0,1.119889326784,2,Typec,Renault,Distribution
2026-01-12 21:00:00,7.046529029463755,3.5233840586982352,0.5000169649434293,0,0,2,0,1.119889326784,2,Typec,Renault,Distribution
2026-01-12 22:00:00,7.046529029463755,2.8929965939687117,0.41055625853128297,0,0,2,0,1.119889326784,2,Typec,Renault,Distribution
2026-01-12 23:00:00,7.046529029463755,1.703390267623347,0.24173465553053658,0,0,2,0,1.119889326784,2,Typec,Renault,Distribution
2026-01-13 00:00:00,0.0,0.0,0.0,1,1,2,80,1.0,2,Typec,Renault,Distribution
2026-01-13 01:00:00,0.0,0.0,0.0,1,1,2,80,1.0,2,Typec,Renault,Distribution
2026-01-13 02:00:00,0.0,0.0,0.0,1,1,2,80,1.0,2,Typec,Renault,Distribution
2026-01-13 03:00:00,0.0,0.0,0.0,1,1,2,80,1.0,2,Typec,Renault,Distribution
2026-01-13 04:00:00,0.0,0.0,0.0,1,1,2,80,1.0,2,Typec,Renault,Distribution
2026-01-13 05:00:00,0.0,0.0,0.0,1,1,2,80,1.0,2,Typec,Renault,Distribution
2026-01-13 06:00:00,0.0,0.0,0.0,1,1,2,80,1.0,2,Typec,Renault,Distribution
2026-01-13 07:00:00,7.816155834653167,0.8787315072986225,0.11242502400000001,0,0,2,0,1.12425024,2,Typec,Renault,Distribution
2026-01-13 08:00:00,7.816155834653167,1.4030124982417294,0.17950160256803355,0,0,2,0,1.12425024,2,Typec,Renault,Distribution
2026-01-13 09:00:00,7.816155834653167,0.8787315072986225,0.11242502400000001,0,0,2,0,1.12425024,2,Typec,Renault,Distribution
2026-01-13 10:00:00,7.816155834653167,1.6482417079339964,0.21087625973710325,0,0,2,0,1.12425024,2,Typec,Renault,Distribution
2026-01-13 11:00:00,7.816155834653167,0.8787315072986225,0.11242502400000001,0,0,2,0,1.12425024,2,Typec,Renault,Distribution
2026-01-13 12:00:00,7.816155834653167,3.2234410752507694,0.41240747286019347,0,0,2,0,1.12425024,2,Typec,Renault,Distribution
2026-01-13 13:00:00,7.816155834653167,2.0359098504256323,0.260474572602476,0,0,2,0,1.12425024,2,Typec,Renault,Distribution
2026-01-13 14:00:00,7.816155834653167,3.2003203238717917,0.40944940090409576,0,0,2,0,1.12425024,2,Typec,Renault,Distribution
2026-01-13 15:00:00,7.816155834653167,1.8424023803314797,0.23571720156385984,0,0,2,0,1.12425024,2,Typec,Renault,Distribution
2026-01-13 16:00:00,7.816155834653167,3.1706249370366186,0.40565016922763436,0,0,2,0,1.12425024,2,Typec,Renault,Distribution
2026-01-13 17:00:00,7.816155834653167,2.099832680606033,0.26865286785818165,0,0,2,0,1.12425024,2,Typec,Renault,Distribution
2026-01-13 18:00:00,7.816155834653167,1.009883652333919,0.1292046465932228,0,0,2,0,1.12425024,2,Typec,Renault,Distribution
2026-01-13 19:00:00,7.816155834653167,3.473975832468024,0.44446092247368524,0,0,2,0,1.12425024,2,Typec,Renault,Distribution
2026-01-13 20:00:00,7.816155834653167,2.321636037043593,0.2970304182972591,0,0,2,0,1.12425024,2,Typec,Renault,Distribution
2026-01-13 21:00:00,7.816155834653167,3.096263553635692,0.39613636410731634,0,0,2,0,1.12425024,2,Typec,Renault,Distribution
2026-01-13 22:00:00,7.816155834653167,1.7394141108704182,0.22254086889602076,0,0,2,0,1.12425024,2,Typec,Renault,Distribution
2026-01-13 23:00:00,7.816155834653167,1.1643914509842697,0.1489723945653571,0,0,2,0,1.12425024,2,Typec,Renault,Distribution
2026-01-14 00:00:00,0.0,0.0,0.0,1,1,2,80,1.0,2,Typec,Renault,Distribution
2026-01-14 01:00:00,0.0,0.0,0.0,1,1,2,80,1.0,2,Typec,Renault,Distribution
2026-01-14 02:00:00,0.0,0.0,0.0,1,1,2,80,1.0,2,Typec,Renault,Distribution
2026-01-14 03:00:00,0.0,0.0,0.0,1,1,2,80,1.0,2,Typec,Renault,Distribution
2026-01-14 04:00:00,0.0,0.0,0.0,1,1,2,80,1.0,2,Typec,Renault,Distribution
2026-01-14 05:00:00,7.5564965007890805,2.538071956021224,0.33587945892070326,0,0,2,0,1.102475,2,Typec,Renault,Distribution
2026-01-14 06:00:00,7.5564965007890805,0.8330848479707442,0.11024750000000001,0,0,2,0,1.102475,2,Typec,Renault,Distribution
2026-01-14 07:00:00,7.5564965007890805,1.539850852649886,0.20377841139595426,0,0,2,0,1.102475,2,Typec,Renault,Distribution
2026-01-14 08:00:00,7.5564965007890805,2.1780978109807116,0.28824175472763947,0,0,2,0,1.102475,2,Typec,Renault,Distribution
2026-01-14 09:00:00,7.5564965007890805,0.8330848479707442,0.11024750000000001,0,0,2,0,1.102475,2,Typec,Renault,Distribution
2026-01-14 10:00:00,7.5564965007890805,2.2693751073007378,0.30032106903824546,0,0,2,0,1.102475,2,Typec,Renault,Distribution
2026-01-14 11:00:00,7.5564965007890805,1.9247305633283833,0.2547120299900086,0,0,2,0,1.102475,2,Typec,Renault,Distribution
2026-01-14 12:00:00,7.5564965007890805,2.691770681787687,0.3562194042578596,0,0,2,0,1.102475,2,Typec,Renault,Distribution
2026-01-14 13:00:00,7.5564965007890805,0.8330848479707442,0.11024750000000001,0,0,2,0,1.102475,2,Typec,Renault,Distribution
2026-01-14 14:00:00,7.5564965007890805,1.3712415460357077,0.1814652525667837,0,0,2,0,1.102475,2,Typec,Renault,Distribution
2026-01-14 15:00:00,7.5564965007890805,0.8330848479707442,0.11024750000000001,0,0,2,0,1.102475,2,Typec,Renault,Distribution
2026-01-14 16:00:00,7.5564965007890805,1.4890695876481972,0.1970581985305892,0,0,2,0,1.102475,2,Typec,Renault,Distribution
2026-01-14 17:00:00,7.5564965007890805,0.9322500789179341,0.12337067565909474,0,0,2,0,1.102475,2,Typec,Renault,Distribution
2026-01-14 18:00:00,7.5564965007890805,2.610803716448672,0.34550452265491566,0,0,2,0,1.102475,2,Typec,Renault,Distribution
2026-01-14 19:00:00,7.5564965007890805,0.8330848479707442,0.11024750000000001,0,0,2,0,1.102475,2,Typec,Renault,Distribution
2026-01-14 20:00:00,7.5564965007890805,0.8330848479707442,0.11024750000000001,0,0,2,0,1.102475,2,Typec,Renault,Distribution
2026-01-14 21:00:00,7.5564965007890805,2.46674274785778,0.3264400039886464,0,0,2,0,1.102475,2,Typec,Renault,Distribution
2026-01-14 22:00:00,7.5564965007890805,2.367147585857903,0.31325993277581954,0,0,2,0,1.102475,2,Typec,Renault,Distribution
2026-01-14 23:00:00,7.5564965007890805,0.8330848479707442,0.11024750000000001,0,0,2,0,1.102475,2,Typec,Renault,Distribution
2026-01-01 00:00:00,0.0,0.0,0.0,1,1,3,80,1.0,3,Typec,Renault,Distribution
2026-01-01 01:00:00,0.0,0.0,0.0,1,1,3,80,1.0,3,Typec,Renault,Distribution
2026-01-01 02:00:00,0.0,0.0,0.0,1,1,3,80,1.0,3,Typec,Renault,Distribution
2026-01-01 03:00:00,0.0,0.0,0.0,1,1,3,80,1.0,3,Typec,Renault,Distribution
2026-01-01 04:00:00,0.0,0.0,0.0,1,1,3,80,1.0,3,Typec,Renault,Distribution
2026-01-01 05:00:00,0.0,0.0,0.0,1,1,3,80,1.0,3,Typec,Renault,Distribution
2026-01-01 06:00:00,6.37849080936944,1.8602098629334805,0.2916379310605882,0,0,3,0,1.1329772784640002,3,Typec,Renault,Distribution
2026-01-01 07:00:00,6.37849080936944,1.7620994611237544,0.2762564866496924,0,0,3,0,1.1329772784640002,3,Typec,Renault,Distribution
2026-01-01 08:00:00,6.37849080936944,2.6036531967984993,0.4081926704313758,0,0,3,0,1.1329772784640002,3,Typec,Renault,Distribution
2026-01-01 09:00:00,6.37849080936944,2.570212760240648,0.40294998253587383,0,0,3,0,1.1329772784640002,3,Typec,Renault,Distribution
2026-01-01 10:00:00,6.37849080936944,1.8060853127947198,0.28315245200976696,0,0,3,0,1.1329772784640002,3,Typec,Renault,Distribution
2026-01-01 11:00:00,6.37849080936944,0.7226685157907027,0.11329772784640002,0,0,3,0,1.1329772784640002,3,Typec,Renault,Distribution
2026-01-01 12:00:00,6.37849080936944,0.7226685157907027,0.11329772784640002,0,0,3,0,1.1329772784640002,3,Typec,Renault,Distribution
2026-01-01 13:00:00,6.37849080936944,2.157240715027773,0.33820550652185255,0,0,3,0,1.1329772784640002,3,Typec,Renault,Distribution
2026-01-01 14:00:00,6.37849080936944,2.4030098237511486,0.3767364248955787,0,0,3,0,1.1329772784640002,3,Typec,Renault,Distribution
2026-01-01 15:00:00,6.37849080936944,2.074349571537556,0.3252100902129575,0,0,3,0,1.1329772784640002,3,Typec,Renault,Distribution
2026-01-01 16:00:00,6.37849080936944,0.8466538445090671,0.13273576302178053,0,0,3,0,1.1329772784640002,3,Typec,Renault,Distribution
2026-01-01 17:00:00,6.37849080936944,1.8455426125627301,0.28933844505220435,0,0,3,0,1.1329772784640002,3,Typec,Renault,Distribution
2026-01-01 18:00:00,6.37849080936944,3.123668051017214,0.4897189859439511,0,0,3,0,1.1329772784640002,3,Typec,Renault,Distribution
2026-01-01 19:00:00,6.37849080936944,1.3103701688521787,0.2054357696851049,0,0,3,0,1.1329772784640002,3,Typec,Renault,Distribution
2026-01-01 20:00:00,6.37849080936944,1.3453986584507338,0.21092742760943728,0,0,3,0,1.1329772784640002,3,Typec,Renault,Distribution
2026-01-01 21:00:00,6.37849080936944,3.2520083210581623,0.5098397753088001,0,0,3,0,1.1329772784640002,3,Typec,Renault,Distribution
2026-01-01 22:00:00,6.37849080936944,3.2520083210581623,0.5098397753088001,0,0,3,0,1.1329772784640002,3,Typec,Renault,Distribution
2026-01-01 23:00:00,6.37849080936944,1.9252165697172943,0.3018294808686282,0,0,3,0,1.1329772784640002,3,Typec,Renault,Distribution
2026-01-02 00:00:00,0.0,0.0,0.0,1,1,3,80,1.0,3,Typec,Renault,Distribution
2026-01-02 01:00:00,0.0,0.0,0.0,1,1,3,80,1.0,3,Typec,Renault,Distribution
2026-01-02 02:00:00,0.0,0.0,0.0,1,1,3,80,1.0,3,Typec,Renault,Distribution
2026-01-02 03:00:00,0.0,0.0,0.0,1,1,3,80,1.0,3,Typec,Renault,Distribution
2026-01-02 04:00:00,0.0,0.0,0.0,1,1,3,80,1.0,3,Typec,Renault,Distribution
2026-01-02 05:00:00,7.6990474267433475,2.049876874822101,0.2662507140430991,0,0,3,0,1.23259004,3,Typec,Renault,Distribution
2026-01-02 06:00:00,7.6990474267433475,0.9489769175691481,0.123259004,0,0,3,0,1.23259004,3,Typec,Renault,Distribution
2026-01-02 07:00:00,7.6990474267433475,0.9489769175691481,0.123259004,0,0,3,0,1.23259004,3,Typec,Renault,Distribution
2026-01-02 08:00:00,7.6990474267433475,2.670121186909962,0.3468118896936589,0,0,3,0,1.23259004,3,Typec,Renault,Distribution
2026-01-02 09:00:00,7.6990474267433475,2.539376252182028,0.3298299271883002,0,0,3,0,1.23259004,3,Typec,Renault,Distribution
2026-01-02 10:00:00,7.6990474267433475,3.3485465368965803,0.43492997916405823,0,0,3,0,1.23259004,3,Typec,Renault,Distribution
2026-01-02 11:00:00,7.6990474267433475,0.9489769175691481,0.123259004,0,0,3,0,1.23259004,3,Typec,Renault,Distribution
2026-01-02 12:00:00,7.6990474267433475,0.9489769175691481,0.123259004,0,0,3,0,1.23259004,3,Typec,Renault,Distribution
2026-01-02 13:00:00,7.6990474267433475,2.645196849813822,0.34357456230565453,0,0,3,0,1.23259004,3,Typec,Renault,Distribution
2026-01-02 14:00:00,7.6990474267433475,2.1262477736254666,0.276170239741575,0,0,3,0,1.23259004,3,Typec,Renault,Distribution
2026-01-02 15:00:00,7.6990474267433475,2.0605237284979205,0.2676335933898137,0,0,3,0,1.23259004,3,Typec,Renault,Distribution
2026-01-02 16:00:00,7.6990474267433475,3.8041375440092313,0.49410496301077594,0,0,3,0,1.23259004,3,Typec,Renault,Distribution
2026-01-02 17:00:00,7.6990474267433475,1.5205248310473576,0.19749518956925435,0,0,3,0,1.23259004,3,Typec,Renault,Distribution
2026-01-02 18:00:00,7.6990474267433475,1.143379178121486,0.14850917454409404,0,0,3,0,1.23259004,3,Typec,Renault,Distribution
2026-01-02 19:00:00,7.6990474267433475,1.9021343672661766,0.24706100142453188,0,0,3,0,1.23259004,3,Typec,Renault,Distribution
2026-01-02 20:00:00,7.6990474267433475,0.9489769175691481,0.123259004,0,0,3,0,1.23259004,3,Typec,Renault,Distribution
2026-01-02 21:00:00,7.6990474267433475,1.7848524489704325,0.23182769893981736,0,0,3,0,1.23259004,3,Typec,Renault,Distribution
2026-01-02 22:00:00,7.6990474267433475,0.9489769175691481,0.123259004,0,0,3,0,1.23259004,3,Typec,Renault,Distribution
2026-01-02 23:00:00,7.6990474267433475,0.9489769175691481,0.123259004,0,0,3,0,1.23259004,3,Typec,Renault,Distribution
2026-01-03 00:00:00,0.0,0.0,0.0,1,1,3,80,1.0,3,Typec,Renault,Distribution
2026-01-03 01:00:00,0.0,0.0,0.0,1,1,3,80,1.0,3,Typec,Renault,Distribution
2026-01-03 02:00:00,0.0,0.0,0.0,1,1,3,80,1.0,3,Typec,Renault,Distribution
2026-01-03 03:00:00,0.0,0.0,0.0,1,1,3,80,1.0,3,Typec,Renault,Distribution
2026-01-03 04:00:00,0.0,0.0,0.0,1,1,3,80,1.0,3,Typec,Renault,Distribution
2026-01-03 05:00:00,0.0,0.0,0.0,1,1,3,80,1.0,3,Typec,Renault,Distribution
2026-01-03 06:00:00,0.0,0.0,0.0,1,1,3,80,1.0,3,Typec,Renault,Distribution
2026-01-03 07:00:00,6.652633166335015,0.9665432885066196,0.14528732673818773,0,0,3,0,1.209049010004,3,Typec,Renault,Distribution
2026-01-03 08:00:00,6.652633166335015,0.8043359543677125,0.1209049010004,0,0,3,0,1.209049010004,3,Typec,Renault,Distribution
2026-01-03 09:00:00,6.652633166335015,1.3716833099610872,0.20618652429271966,0,0,3,0,1.209049010004,3,Typec,Renault,Distribution
2026-01-03 10:00:00,6.652633166335015,0.8043359543677125,0.1209049010004,0,0,3,0,1.209049010004,3,Typec,Renault,Distribution
2026-01-03 11:00:00,6.652633166335015,3.6195117946547066,0.5440720545018,0,0,3,0,1.209049010004,3,Typec,Renault,Distribution
2026-01-03 12:00:00,6.652633166335015,2.6572696671870615,0.3994312628920995,0,0,3,0,1.209049010004,3,Typec,Renault,Distribution
2026-01-03 13:00:00,6.652633166335015,3.211270474779334,0.4827066808718159,0,0,3,0,1.209049010004,3,Typec,Renault,Distribution
2026-01-03 14:00:00,6.652633166335015,0.8043359543677125,0.1209049010004,0,0,3,0,1.209049010004,3,Typec,Renault,Distribution
2026-01-03 15:00:00,6.652633166335015,2.111259367068507,0.31735694938845027,0,0,3,0,1.209049010004,3,Typec,Renault,Distribution
2026-01-03 16:00:00,6.652633166335015,2.122106548308414,0.31898745883767077,0,0,3,0,1.209049010004,3,Typec,Renault,Distribution
2026-01-03 17:00:00,6.652633166335015,0.8043359543677125,0.1209049010004,0,0,3,0,1.209049010004,3,Typec,Renault,Distribution
2026-01-03 18:00:00,6.652633166335015,0.8043359543677125,0.1209049010004,0,0,3,0,1.209049010004,3,Typec,Renault,Distribution
2026-01-03 19:00:00,0.0,0.0,0.0,1,1,3,80,1.0,3,Typec,Renault,Distribution
2026-01-03 20:00:00,0.0,0.0,0.0,1,1,3,80,1.0,3,Typec,Renault,Distribution
2026-01-03 21:00:00,0.0,0.0,0.0,1,1,3,80,1.0,3,Typec,Renault,Distribution
2026-01-03 22:00:00,0.0,0.0,0.0,1,1,3,80,1.0,3,Typec,Renault,Distribution
2026-01-03 23:00:00,0.0,0.0,0.0,1,1,3,80,1.0,3,Typec,Renault,Distribution
2026-01-04 00:00:00,0.0,0.0,0.0,1,1,3,80,1.0,3,Typec,Renault,Distribution
2026-01-04 01:00:00,0.0,0.0,0.0,1,1,3,80,1.0,3,Typec,Renault,Distribution
2026-01-04 02:00:00,0.0,0.0,0.0,1,1,3,80,1.0,3,Typec,Renault,Distribution
2026-01-04 03:00:00,0.0,0.0,0.0,1,1,3,80,1.0,3,Typec,Renault,Distribution
2026-01-04 04:00:00,0.0,0.0,0.0,1,1,3,80,1.0,3,Typec,Renault,Distribution
2026-01-04 05:00:00,0.0,0.0,0.0,1,1,3,80,1.0,3,Typec,Renault,Distribution
2026-01-04 06:00:00,5.392873258208783,1.1513381121444641,0.21349252189302806,0,0,3,0,1.3050301525,3,Typec,Renault,Distribution
2026-01-04 07:00:00,5.392873258208783,0.8466477100440154,0.15699380821814926,0,0,3,0,1.3050301525,3,Typec,Renault,Distribution
2026-01-04 08:00:00,5.392873258208783,0.7037862210573381,0.13050301525000002,0,0,3,0,1.3050301525,3,Typec,Renault,Distribution
2026-01-04 09:00:00,5.392873258208783,0.7037862210573381,0.13050301525000002,0,0,3,0,1.3050301525,3,Typec,Renault,Distribution
2026-01-04 10:00:00,5.392873258208783,0.9659576250899041,0.17911743496281282,0,0,3,0,1.3050301525,3,Typec,Renault,Distribution
2026-01-04 11:00:00,5.392873258208783,0.7037862210573381,0.13050301525000002,0,0,3,0,1.3050301525,3,Typec,Renault,Distribution
2026-01-04 12:00:00,5.392873258208783,1.5992052852346765,0.2965404912493428,0,0,3,0,1.3050301525,3,Typec,Renault,Distribution
2026-01-04 13:00:00,5.392873258208783,2.822788265003912,0.5234293724049964,0,0,3,0,1.3050301525,3,Typec,Renault,Distribution
2026-01-04 14:00:00,5.392873258208783,1.7617327744137865,0.3266779488526192,0,0,3,0,1.3050301525,3,Typec,Renault,Distribution
2026-01-04 15:00:00,5.392873258208783,0.9331571700591921,0.17303524955621444,0,0,3,0,1.3050301525,3,Typec,Renault,Distribution
2026-01-04 16:00:00,5.392873258208783,2.08713182805028,0.38701666590686973,0,0,3,0,1.3050301525,3,Typec,Renault,Distribution
2026-01-04 17:00:00,5.392873258208783,0.7037862210573381,0.13050301525000002,0,0,3,0,1.3050301525,3,Typec,Renault,Distribution
2026-01-04 18:00:00,5.392873258208783,1.459933179017867,0.2707152772032282,0,0,3,0,1.3050301525,3,Typec,Renault,Distribution
2026-01-04 19:00:00,5.392873258208783,0.7037862210573381,0.13050301525000002,0,0,3,0,1.3050301525,3,Typec,Renault,Distribution
2026-01-04 20:00:00,5.392873258208783,0.7037862210573381,0.13050301525000002,0,0,3,0,1.3050301525,3,Typec,Renault,Distribution
2026-01-04 21:00:00,0.0,0.0,0.0,1,1,3,80,1.0,3,Typec,Renault,Distribution
2026-01-04 22:00:00,0.0,0.0,0.0,1,1,3,80,1.0,3,Typec,Renault,Distribution
2026-01-04 23:00:00,0.0,0.0,0.0,1,1,3,80,1.0,3,Typec,Renault,Distribution
2026-01-05 00:00:00,0.0,0.0,0.0,1,1,3,80,1.0,3,Typec,Renault,Distribution
2026-01-05 01:00:00,0.0,0.0,0.0,1,1,3,80,1.0,3,Typec,Renault,Distribution
2026-01-05 02:00:00,0.0,0.0,0.0,1,1,3,80,1.0,3,Typec,Renault,Distribution
2026-01-05 03:00:00,0.0,0.0,0.0,1,1,3,80,1.0,3,Typec,Renault,Distribution
2026-01-05 04:00:00,0.0,0.0,0.0,1,1,3,80,1.0,3,Typec,Renault,Distribution
2026-01-05 05:00:00,0.0,0.0,0.0,1,1,3,80,1.0,3,Typec,Renault,Distribution
2026-01-05 06:00:00,0.0,0.0,0.0,1,1,3,80,1.0,3,Typec,Renault,Distribution
2026-01-05 07:00:00,6.937341990662352,3.1097533297231448,0.4482629419032342,0,0,3,0,1.226197579604,3,Typec,Renault,Distribution
2026-01-05 08:00:00,6.937341990662352,1.7240960244476577,0.24852400627910332,0,0,3,0,1.226197579604,3,Typec,Renault,Distribution
2026-01-05 09:00:00,6.937341990662352,1.7093456249700725,0.24639777414330274,0,0,3,0,1.226197579604,3,Typec,Renault,Distribution
2026-01-05 10:00:00,6.937341990662352,2.169925959736488,0.312789244447975,0,0,3,0,1.226197579604,3,Typec,Renault,Distribution
2026-01-05 11:00:00,6.937341990662352,0.8506551957835372,0.12261975796040002,0,0,3,0,1.226197579604,3,Typec,Renault,Distribution
2026-01-05 12:00:00,6.937341990662352,3.3064946334910017,0.4766226946778084,0,0,3,0,1.226197579604,3,Typec,Renault,Distribution
2026-01-05 13:00:00,6.937341990662352,0.8506551957835372,0.12261975796040002,0,0,3,0,1.226197579604,3,Typec,Renault,Distribution
2026-01-05 14:00:00,6.937341990662352,2.2298083371338584,0.32142113508821907,0,0,3,0,1.226197579604,3,Typec,Renault,Distribution
2026-01-05 15:00:00,6.937341990662352,1.6552381505809104,0.23859832091438732,0,0,3,0,1.226197579604,3,Typec,Renault,Distribution
2026-01-05 16:00:00,6.937341990662352,2.8296433381486064,0.40788580726700524,0,0,3,0,1.226197579604,3,Typec,Renault,Distribution
2026-01-05 17:00:00,6.937341990662352,0.8506551957835372,0.12261975796040002,0,0,3,0,1.226197579604,3,Typec,Renault,Distribution
2026-01-05 18:00:00,6.937341990662352,0.8506551957835372,0.12261975796040002,0,0,3,0,1.226197579604,3,Typec,Renault,Distribution
2026-01-05 19:00:00,6.937341990662352,0.9956386890478673,0.14351875551010673,0,0,3,0,1.226197579604,3,Typec,Renault,Distribution
2026-01-05 20:00:00,6.937341990662352,0.8506551957835372,0.12261975796040002,0,0,3,0,1.226197579604,3,Typec,Renault,Distribution
2026-01-05 21:00:00,6.937341990662352,0.8506551957835372,0.12261975796040002,0,0,3,0,1.226197579604,3,Typec,Renault,Distribution
2026-01-05 22:00:00,6.937341990662352,1.434268971753177,0.20674618228187397,0,0,3,0,1.226197579604,3,Typec,Renault,Distribution
2026-01-05 23:00:00,6.937341990662352,3.8279483810259176,0.5517889108218,0,0,3,0,1.226197579604,3,Typec,Renault,Distribution
2026-01-06 00:00:00,0.0,0.0,0.0,1,1,3,80,1.0,3,Typec,Renault,Distribution
2026-01-06 01:00:00,0.0,0.0,0.0,1,1,3,80,1.0,3,Typec,Renault,Distribution
2026-01-06 02:00:00,0.0,0.0,0.0,1,1,3,80,1.0,3,Typec,Renault,Distribution
2026-01-06 03:00:00,0.0,0.0,0.0,1,1,3,80,1.0,3,Typec,Renault,Distribution
2026-01-06 04:00:00,0.0,0.0,0.0,1,1,3,80,1.0,3,Typec,Renault,Distribution
2026-01-06 05:00:00,6.751884996125799,1.5878482646395244,0.23517110637260918,0,0,3,0,1.3306301459840002,3,Typec,Renault,Distribution
2026-01-06 06:00:00,6.751884996125799,2.063223020335002,0.3055773345545533,0,0,3,0,1.3306301459840002,3,Typec,Renault,Distribution
2026-01-06 07:00:00,6.751884996125799,2.421289100937558,0.3586093516591119,0,0,3,0,1.3306301459840002,3,Typec,Renault,Distribution
2026-01-06 08:00:00,6.751884996125799,3.3593587273328147,0.49754383098355487,0,0,3,0,1.3306301459840002,3,Typec,Renault,Distribution
2026-01-06 09:00:00,6.751884996125799,2.7785222970728802,0.41151801292041906,0,0,3,0,1.3306301459840002,3,Typec,Renault,Distribution
2026-01-06 10:00:00,6.751884996125799,1.375105121704293,0.2036624027946747,0,0,3,0,1.3306301459840002,3,Typec,Renault,Distribution
2026-01-06 11:00:00,6.751884996125799,3.309487572969418,0.49015757449488356,0,0,3,0,1.3306301459840002,3,Typec,Renault,Distribution
2026-01-06 12:00:00,6.751884996125799,2.1100430802750814,0.3125117032481765,0,0,3,0,1.3306301459840002,3,Typec,Renault,Distribution
2026-01-06 13:00:00,6.751884996125799,2.801229712062743,0.414881135219287,0,0,3,0,1.3306301459840002,3,Typec,Renault,Distribution
2026-01-06 14:00:00,6.751884996125799,4.0429177731279236,0.5987835656928001,0,0,3,0,1.3306301459840002,3,Typec,Renault,Distribution
2026-01-06 15:00:00,6.751884996125799,1.93452306060396,0.28651599689775237,0,0,3,0,1.3306301459840002,3,Typec,Renault,Distribution
2026-01-06 16:00:00,6.751884996125799,0.8984261718062053,0.13306301459840003,0,0,3,0,1.3306301459840002,3,Typec,Renault,Distribution
2026-01-06 17:00:00,6.751884996125799,1.2968041687402427,0.19206550015060136,0,0,3,0,1.3306301459840002,3,Typec,Renault,Distribution
2026-01-06 18:00:00,6.751884996125799,1.2753839527837203,0.1888930207661312,0,0,3,0,1.3306301459840002,3,Typec,Renault,Distribution
2026-01-06 19:00:00,6.751884996125799,2.5388604914948787,0.3760224726800983,0,0,3,0,1.3306301459840002,3,Typec,Renault,Distribution
2026-01-06 20:00:00,6.751884996125799,3.606920976131655,0.5342094804934163,0,0,3,0,1.3306301459840002,3,Typec,Renault,Distribution
2026-01-06 21:00:00,6.751884996125799,1.8520580688814294,0.2743023718478813,0,0,3,0,1.3306301459840002,3,Typec,Renault,Distribution
2026-01-06 22:00:00,6.751884996125799,0.8984261718062053,0.13306301459840003,0,0,3,0,1.3306301459840002,3,Typec,Renault,Distribution
2026-01-06 23:00:00,6.751884996125799,2.7631049736557833,0.4092346026689199,0,0,3,0,1.3306301459840002,3,Typec,Renault,Distribution
2026-01-07 00:00:00,0.0,0.0,0.0,1,1,3,80,1.0,3,Typec,Renault,Distribution
2026-01-07 01:00:00,0.0,0.0,0.0,1,1,3,80,1.0,3,Typec,Renault,Distribution
2026-01-07 02:00:00,0.0,0.0,0.0,1,1,3,80,1.0,3,Typec,Renault,Distribution
2026-01-07 03:00:00,0.0,0.0,0.0,1,1,3,80,1.0,3,Typec,Renault,Distribution
2026-01-07 04:00:00,0.0,0.0,0.0,1,1,3,80,1.0,3,Typec,Renault,Distribution
2026-01-07 05:00:00,0.0,0.0,0.0,1,1,3,80,1.0,3,Typec,Renault,Distribution
2026-01-07 06:00:00,6.495121831648739,0.8331658483524893,0.12827563053440003,0,0,3,0,1.282756305344,3,Typec,Renault,Distribution
2026-01-07 07:00:00,6.495121831648739,0.8331658483524893,0.12827563053440003,0,0,3,0,1.282756305344,3,Typec,Renault,Distribution
2026-01-07 08:00:00,6.495121831648739,3.0244354561184257,0.4656472248728696,0,0,3,0,1.282756305344,3,Typec,Renault,Distribution
2026-01-07 09:00:00,6.495121831648739,0.8331658483524893,0.12827563053440003,0,0,3,0,1.282756305344,3,Typec,Renault,Distribution
2026-01-07 10:00:00,6.495121831648739,0.8331658483524893,0.12827563053440003,0,0,3,0,1.282756305344,3,Typec,Renault,Distribution
2026-01-07 11:00:00,6.495121831648739,1.965740116190915,0.3026486903775177,0,0,3,0,1.282756305344,3,Typec,Renault,Distribution
2026-01-07 12:00:00,6.495121831648739,0.8331658483524893,0.12827563053440003,0,0,3,0,1.282756305344,3,Typec,Renault,Distribution
2026-01-07 13:00:00,6.495121831648739,1.4035848218055016,0.21609830549540468,0,0,3,0,1.282756305344,3,Typec,Renault,Distribution
2026-01-07 14:00:00,6.495121831648739,3.2397814021514693,0.49880225284843877,0,0,3,0,1.282756305344,3,Typec,Renault,Distribution
2026-01-07 15:00:00,6.495121831648739,1.7157872365256073,0.2641655200623184,0,0,3,0,1.282756305344,3,Typec,Renault,Distribution
2026-01-07 16:00:00,6.495121831648739,0.8331658483524893,0.12827563053440003,0,0,3,0,1.282756305344,3,Typec,Renault,Distribution
2026-01-07 17:00:00,6.495121831648739,3.749246317586201,0.5772403374048001,0,0,3,0,1.282756305344,3,Typec,Renault,Distribution
2026-01-07 18:00:00,6.495121831648739,1.488986470143092,0.22924688847062372,0,0,3,0,1.282756305344,3,Typec,Renault,Distribution
2026-01-07 19:00:00,6.495121831648739,1.0615777573710523,0.16344231638555404,0,0,3,0,1.282756305344,3,Typec,Renault,Distribution
2026-01-07 20:00:00,6.495121831648739,2.734129956759589,0.42095129662341535,0,0,3,0,1.282756305344,3,Typec,Renault,Distribution
2026-01-07 21:00:00,6.495121831648739,1.5161628902782498,0.23343101631911697,0,0,3,0,1.282756305344,3,Typec,Renault,Distribution
2026-01-07 22:00:00,6.495121831648739,3.4814966825722014,0.5360171483786392,0,0,3,0,1.282756305344,3,Typec,Renault,Distribution
2026-01-07 23:00:00,6.495121831648739,0.8331658483524893,0.12827563053440003,0,0,3,0,1.282756305344,3,Typec,Renault,Distribution
2026-01-08 00:00:00,0.0,0.0,0.0,1,1,3,80,1.0,3,Typec,Renault,Distribution
2026-01-08 01:00:00,0.0,0.0,0.0,1,1,3,80,1.0,3,Typec,Renault,Distribution
2026-01-08 02:00:00,0.0,0.0,0.0,1,1,3,80,1.0,3,Typec,Renault,Distribution
2026-01-08 03:00:00,0.0,0.0,0.0,1,1,3,80,1.0,3,Typec,Renault,Distribution
2026-01-08 04:00:00,0.0,0.0,0.0,1,1,3,80,1.0,3,Typec,Renault,Distribution
2026-01-08 05:00:00,0.0,0.0,0.0,1,1,3,80,1.0,3,Typec,Renault,Distribution
2026-01-08 06:00:00,6.89347893551511,1.3209606953399287,0.19162468003410543,0,0,3,0,1.176585222144,3,Typec,Renault,Distribution
2026-01-08 07:00:00,6.89347893551511,2.1151090979985634,0.30682752754948595,0,0,3,0,1.176585222144,3,Typec,Renault,Distribution
2026-01-08 08:00:00,6.89347893551511,0.8110765444688032,0.11765852221440001,0,0,3,0,1.176585222144,3,Typec,Renault,Distribution
2026-01-08 09:00:00,6.89347893551511,1.8712125864787361,0.2714467693283683,0,0,3,0,1.176585222144,3,Typec,Renault,Distribution
2026-01-08 10:00:00,6.89347893551511,0.8110765444688032,0.11765852221440001,0,0,3,0,1.176585222144,3,Typec,Renault,Distribution
2026-01-08 11:00:00,6.89347893551511,2.664312412469135,0.3864975054529628,0,0,3,0,1.176585222144,3,Typec,Renault,Distribution
2026-01-08 12:00:00,6.89347893551511,1.5874007603886358,0.23027571060098098,0,0,3,0,1.176585222144,3,Typec,Renault,Distribution
2026-01-08 13:00:00,6.89347893551511,2.31982760397024,0.3365249427279048,0,0,3,0,1.176585222144,3,Typec,Renault,Distribution
2026-01-08 14:00:00,6.89347893551511,0.9149937486611439,0.13273323342544918,0,0,3,0,1.176585222144,3,Typec,Renault,Distribution
2026-01-08 15:00:00,6.89347893551511,1.498048469011458,0.21731385313931006,0,0,3,0,1.176585222144,3,Typec,Renault,Distribution
2026-01-08 16:00:00,6.89347893551511,0.9848122625968909,0.14286143060844816,0,0,3,0,1.176585222144,3,Typec,Renault,Distribution
2026-01-08 17:00:00,6.89347893551511,2.314202553032999,0.3357089467714565,0,0,3,0,1.176585222144,3,Typec,Renault,Distribution
2026-01-08 18:00:00,6.89347893551511,0.8110765444688032,0.11765852221440001,0,0,3,0,1.176585222144,3,Typec,Renault,Distribution
2026-01-08 19:00:00,6.89347893551511,1.2215871076743525,0.1772090868923603,0,0,3,0,1.176585222144,3,Typec,Renault,Distribution
2026-01-08 20:00:00,6.89347893551511,2.5020138410168564,0.3629537225574906,0,0,3,0,1.176585222144,3,Typec,Renault,Distribution
2026-01-08 21:00:00,6.89347893551511,2.34163944189076,0.33968906901661294,0,0,3,0,1.176585222144,3,Typec,Renault,Distribution
2026-01-08 22:00:00,0.0,0.0,0.0,1,1,3,80,1.0,3,Typec,Renault,Distribution
2026-01-08 23:00:00,0.0,0.0,0.0,1,1,3,80,1.0,3,Typec,Renault,Distribution
2026-01-09 00:00:00,0.0,0.0,0.0,1,1,3,80,1.0,3,Typec,Renault,Distribution
2026-01-09 01:00:00,0.0,0.0,0.0,1,1,3,80,1.0,3,Typec,Renault,Distribution
2026-01-09 02:00:00,0.0,0.0,0.0,1,1,3,80,1.0,3,Typec,Renault,Distribution
2026-01-09 03:00:00,0.0,0.0,0.0,1,1,3,80,1.0,3,Typec,Renault,Distribution
2026-01-09 04:00:00,0.0,0.0,0.0,1,1,3,80,1.0,3,Typec,Renault,Distribution
2026-01-09 05:00:00,0.0,0.0,0.0,1,1,3,80,1.0,3,Typec,Renault,Distribution
2026-01-09 06:00:00,5.358033565967449,1.9167716606232938,0.35773789712666737,0,0,3,0,1.137342385344,3,Typec,Renault,Distribution
2026-01-09 07:00:00,5.358033565967449,0.6093918676670637,0.1137342385344,0,0,3,0,1.137342385344,3,Typec,Renault,Distribution
2026-01-09 08:00:00,5.358033565967449,0.6093918676670637,0.1137342385344,0,0,3,0,1.137342385344,3,Typec,Renault,Distribution
2026-01-09 09:00:00,5.358033565967449,0.9638481395799136,0.17988841012530699,0,0,3,0,1.137342385344,3,Typec,Renault,Distribution
2026-01-09 10:00:00,5.358033565967449,1.0878818244446538,0.20303751573236467,0,0,3,0,1.137342385344,3,Typec,Renault,Distribution
2026-01-09 11:00:00,5.358033565967449,1.6670375727970632,0.3111286169212458,0,0,3,0,1.137342385344,3,Typec,Renault,Distribution
2026-01-09 12:00:00,5.358033565967449,0.8420795302035852,0.15716204832164743,0,0,3,0,1.137342385344,3,Typec,Renault,Distribution
2026-01-09 13:00:00,5.358033565967449,0.6093918676670637,0.1137342385344,0,0,3,0,1.137342385344,3,Typec,Renault,Distribution
2026-01-09 14:00:00,5.358033565967449,0.7273364329796889,0.1357468974437753,0,0,3,0,1.137342385344,3,Typec,Renault,Distribution
2026-01-09 15:00:00,5.358033565967449,1.5975306426332965,0.29815614683347835,0,0,3,0,1.137342385344,3,Typec,Renault,Distribution
2026-01-09 16:00:00,5.358033565967449,0.6093918676670637,0.1137342385344,0,0,3,0,1.137342385344,3,Typec,Renault,Distribution
2026-01-09 17:00:00,5.358033565967449,1.3788077369231075,0.25733465831212077,0,0,3,0,1.137342385344,3,Typec,Renault,Distribution
2026-01-09 18:00:00,5.358033565967449,0.6093918676670637,0.1137342385344,0,0,3,0,1.137342385344,3,Typec,Renault,Distribution
2026-01-09 19:00:00,5.358033565967449,1.0749615720464116,0.20062613621426917,0,0,3,0,1.137342385344,3,Typec,Renault,Distribution
2026-01-09 20:00:00,5.358033565967449,1.718962871027753,0.32081972795879193,0,0,3,0,1.137342385344,3,Typec,Renault,Distribution
2026-01-09 21:00:00,5.358033565967449,1.0045812360877264,0.1874906574808549,0,0,3,0,1.137342385344,3,Typec,Renault,Distribution
2026-01-09 22:00:00,5.358033565967449,2.219560912049496,0.4142491615109416,0,0,3,0,1.137342385344,3,Typec,Renault,Distribution
2026-01-09 23:00:00,0.0,0.0,0.0,1,1,3,80,1.0,3,Typec,Renault,Distribution
2026-01-10 00:00:00,0.0,0.0,0.0,1,1,3,80,1.0,3,Typec,Renault,Distribution
2026-01-10 01:00:00,0.0,0.0,0.0,1,1,3,80,1.0,3,Typec,Renault,Distribution
2026-01-10 02:00:00,0.0,0.0,0.0,1,1,3,80,1.0,3,Typec,Renault,Distribution
2026-01-10 03:00:00,0.0,0.0,0.0,1,1,3,80,1.0,3,Typec,Renault,Distribution
2026-01-10 04:00:00,0.0,0.0,0.0,1,1,3,80,1.0,3,Typec,Renault,Distribution
2026-01-10 05:00:00,0.0,0.0,0.0,1,1,3,80,1.0,3,Typec,Renault,Distribution
2026-01-10 06:00:00,0.0,0.0,0.0,1,1,3,80,1.0,3,Typec,Renault,Distribution
2026-01-10 07:00:00,0.0,0.0,0.0,1,1,3,80,1.0,3,Typec,Renault,Distribution
2026-01-10 08:00:00,7.754992730059448,2.5038042052088856,0.3228635141724616,0,0,3,0,1.18961004,3,Typec,Renault,Distribution
2026-01-10 09:00:00,7.754992730059448,1.324499573430482,0.17079314185512184,0,0,3,0,1.18961004,3,Typec,Renault,Distribution
2026-01-10 10:00:00,7.754992730059448,0.9225417211805731,0.11896100400000001,0,0,3,0,1.18961004,3,Typec,Renault,Distribution
2026-01-10 11:00:00,7.754992730059448,3.6826266060155257,0.47487170319852706,0,0,3,0,1.18961004,3,Typec,Renault,Distribution
2026-01-10 12:00:00,7.754992730059448,3.189383040395352,0.41126834691061054,0,0,3,0,1.18961004,3,Typec,Renault,Distribution
2026-01-10 13:00:00,7.754992730059448,1.9569657051559204,0.25234913471555487,0,0,3,0,1.18961004,3,Typec,Renault,Distribution
2026-01-10 14:00:00,7.754992730059448,1.2677786699963387,0.16347902752793686,0,0,3,0,1.18961004,3,Typec,Renault,Distribution
2026-01-10 15:00:00,7.754992730059448,0.9225417211805731,0.11896100400000001,0,0,3,0,1.18961004,3,Typec,Renault,Distribution
2026-01-10 16:00:00,7.754992730059448,1.733192711336472,0.2234937893130927,0,0,3,0,1.18961004,3,Typec,Renault,Distribution
2026-01-10 17:00:00,7.754992730059448,3.559207145847838,0.45895686427297966,0,0,3,0,1.18961004,3,Typec,Renault,Distribution
2026-01-10 18:00:00,7.754992730059448,3.6003518758204103,0.4642624437112542,0,0,3,0,1.18961004,3,Typec,Renault,Distribution
2026-01-10 19:00:00,0.0,0.0,0.0,1,1,3,80,1.0,3,Typec,Renault,Distribution
2026-01-10 20:00:00,0.0,0.0,0.0,1,1,3,80,1.0,3,Typec,Renault,Distribution
2026-01-10 21:00:00,0.0,0.0,0.0,1,1,3,80,1.0,3,Typec,Renault,Distribution
2026-01-10 22:00:00,0.0,0.0,0.0,1,1,3,80,1.0,3,Typec,Renault,Distribution
2026-01-10 23:00:00,0.0,0.0,0.0,1,1,3,80,1.0,3,Typec,Renault,Distribution
2026-01-11 00:00:00,0.0,0.0,0.0,1,1,3,80,1.0,3,Typec,Renault,Distribution
2026-01-11 01:00:00,0.0,0.0,0.0,1,1,3,80,1.0,3,Typec,Renault,Distribution
2026-01-11 02:00:00,0.0,0.0,0.0,1,1,3,80,1.0,3,Typec,Renault,Distribution
2026-01-11 03:00:00,0.0,0.0,0.0,1,1,3,80,1.0,3,Typec,Renault,Distribution
2026-01-11 04:00:00,0.0,0.0,0.0,1,1,3,80,1.0,3,Typec,Renault,Distribution
2026-01-11 05:00:00,0.0,0.0,0.0,1,1,3,80,1.0,3,Typec,Renault,Distribution
2026-01-11 06:00:00,0.0,0.0,0.0,1,1,3,80,1.0,3,Typec,Renault,Distribution
2026-01-11 07:00:00,6.8809959932613936,1.0771054926073833,0.15653337011999427,0,0,3,0,1.122069513044,3,Typec,Renault,Distribution
2026-01-11 08:00:00,6.8809959932613936,0.7720955823416527,0.1122069513044,0,0,3,0,1.122069513044,3,Typec,Renault,Distribution
2026-01-11 09:00:00,6.8809959932613936,2.747707065864925,0.39931821912929083,0,0,3,0,1.122069513044,3,Typec,Renault,Distribution
2026-01-11 10:00:00,6.8809959932613936,1.381061550236794,0.2007066348518844,0,0,3,0,1.122069513044,3,Typec,Renault,Distribution
2026-01-11 11:00:00,6.8809959932613936,3.0925528828986772,0.44943390258143373,0,0,3,0,1.122069513044,3,Typec,Renault,Distribution
2026-01-11 12:00:00,6.8809959932613936,2.5616432953725057,0.3722779809610615,0,0,3,0,1.122069513044,3,Typec,Renault,Distribution
2026-01-11 13:00:00,6.8809959932613936,3.0724886406667893,0.44651801042693506,0,0,3,0,1.122069513044,3,Typec,Renault,Distribution
2026-01-11 14:00:00,6.8809959932613936,1.3427909478301614,0.19514485245234353,0,0,3,0,1.122069513044,3,Typec,Renault,Distribution
2026-01-11 15:00:00,6.8809959932613936,1.8172884885731067,0.2641025354981735,0,0,3,0,1.122069513044,3,Typec,Renault,Distribution
2026-01-11 16:00:00,6.8809959932613936,0.9509411833615917,0.138198188793142,0,0,3,0,1.122069513044,3,Typec,Renault,Distribution
2026-01-11 17:00:00,6.8809959932613936,0.7720955823416527,0.1122069513044,0,0,3,0,1.122069513044,3,Typec,Renault,Distribution
2026-01-11 18:00:00,6.8809959932613936,0.7720955823416527,0.1122069513044,0,0,3,0,1.122069513044,3,Typec,Renault,Distribution
2026-01-11 19:00:00,6.8809959932613936,0.7720955823416527,0.1122069513044,0,0,3,0,1.122069513044,3,Typec,Renault,Distribution
2026-01-11 20:00:00,0.0,0.0,0.0,1,1,3,80,1.0,3,Typec,Renault,Distribution
2026-01-11 21:00:00,0.0,0.0,0.0,1,1,3,80,1.0,3,Typec,Renault,Distribution
2026-01-11 22:00:00,0.0,0.0,0.0,1,1,3,80,1.0,3,Typec,Renault,Distribution
2026-01-11 23:00:00,0.0,0.0,0.0,1,1,3,80,1.0,3,Typec,Renault,Distribution
2026-01-12 00:00:00,0.0,0.0,0.0,1,1,3,80,1.0,3,Typec,Renault,Distribution
2026-01-12 01:00:00,0.0,0.0,0.0,1,1,3,80,1.0,3,Typec,Renault,Distribution
2026-01-12 02:00:00,0.0,0.0,0.0,1,1,3,80,1.0,3,Typec,Renault,Distribution
2026-01-12 03:00:00,0.0,0.0,0.0,1,1,3,80,1.0,3,Typec,Renault,Distribution
2026-01-12 04:00:00,0.0,0.0,0.0,1,1,3,80,1.0,3,Typec,Renault,Distribution
2026-01-12 05:00:00,0.0,0.0,0.0,1,1,3,80,1.0,3,Typec,Renault,Distribution
2026-01-12 06:00:00,7.459889110970446,1.3480338192455141,0.18070427042449033,0,0,3,0,1.119889326784,3,Typec,Renault,Distribution
2026-01-12 07:00:00,7.459889110970446,2.5267892758123827,0.33871673401907665,0,0,3,0,1.119889326784,3,Typec,Renault,Distribution
2026-01-12 08:00:00,7.459889110970446,1.180085440958968,0.1581907483347903,0,0,3,0,1.119889326784,3,Typec,Renault,Distribution
2026-01-12 09:00:00,7.459889110970446,2.7919863011352906,0.3742664615522797,0,0,3,0,1.119889326784,3,Typec,Renault,Distribution
2026-01-12 10:00:00,7.459889110970446,3.0149047113884104,0.4041487301674121,0,0,3,0,1.119889326784,3,Typec,Renault,Distribution
2026-01-12 11:00:00,7.459889110970446,1.5070927682562814,0.20202616229776985,0,0,3,0,1.119889326784,3,Typec,Renault,Distribution
2026-01-12 12:00:00,7.459889110970446,1.7468021507039913,0.23415926493265962,0,0,3,0,1.119889326784,3,Typec,Renault,Distribution
2026-01-12 13:00:00,7.459889110970446,1.6037678188565394,0.21498547699563694,0,0,3,0,1.119889326784,3,Typec,Renault,Distribution
2026-01-12 14:00:00,7.459889110970446,2.634507035033581,0.35315632656781704,0,0,3,0,1.119889326784,3,Typec,Renault,Distribution
2026-01-12 15:00:00,7.459889110970446,1.992447415189355,0.2670880740384304,0,0,3,0,1.119889326784,3,Typec,Renault,Distribution
2026-01-12 16:00:00,7.459889110970446,2.282397113672183,0.3059559035959007,0,0,3,0,1.119889326784,3,Typec,Renault,Distribution
2026-01-12 17:00:00,7.459889110970446,0.8354250194367985,0.1119889326784,0,0,3,0,1.119889326784,3,Typec,Renault,Distribution
2026-01-12 18:00:00,7.459889110970446,0.8354250194367985,0.1119889326784,0,0,3,0,1.119889326784,3,Typec,Renault,Distribution
2026-01-12 19:00:00,7.459889110970446,1.9649514225557603,0.26340222935299673,0,0,3,0,1.119889326784,3,Typec,Renault,Distribution
2026-01-12 20:00:00,7.459889110970446,1.932240710162524,0.2590173501803114,0,0,3,0,1.119889326784,3,Typec,Renault,Distribution
2026-01-12 21:00:00,7.459889110970446,0.8354250194367985,0.1119889326784,0,0,3,0,1.119889326784,3,Typec,Renault,Distribution
2026-01-12 22:00:00,7.459889110970446,2.6774086172090588,0.3589072943821224,0,0,3,0,1.119889326784,3,Typec,Renault,Distribution
2026-01-12 23:00:00,7.459889110970446,1.2705440119815208,0.1703167423913943,0,0,3,0,1.119889326784,3,Typec,Renault,Distribution
2026-01-13 00:00:00,0.0,0.0,0.0,1,1,3,80,1.0,3,Typec,Renault,Distribution
2026-01-13 01:00:00,0.0,0.0,0.0,1,1,3,80,1.0,3,Typec,Renault,Distribution
2026-01-13 02:00:00,0.0,0.0,0.0,1,1,3,80,1.0,3,Typec,Renault,Distribution
2026-01-13 03:00:00,0.0,0.0,0.0,1,1,3,80,1.0,3,Typec,Renault,Distribution
2026-01-13 04:00:00,0.0,0.0,0.0,1,1,3,80,1.0,3,Typec,Renault,Distribution
2026-01-13 05:00:00,0.0,0.0,0.0,1,1,3,80,1.0,3,Typec,Renault,Distribution
2026-01-13 06:00:00,6.788930423194951,3.4346054959291017,0.505912608,0,0,3,0,1.12425024,3,Typec,Renault,Distribution
2026-01-13 07:00:00,6.788930423194951,1.5302816601852016,0.22540835813501137,0,0,3,0,1.12425024,3,Typec,Renault,Distribution
2026-01-13 08:00:00,6.788930423194951,1.9649125615620395,0.28942888482827145,0,0,3,0,1.12425024,3,Typec,Renault,Distribution
2026-01-13 09:00:00,6.788930423194951,1.6407891118680709,0.24168595192287975,0,0,3,0,1.12425024,3,Typec,Renault,Distribution
2026-01-13 10:00:00,6.788930423194951,2.6646208751409786,0.3924949453064179,0,0,3,0,1.12425024,3,Typec,Renault,Distribution
2026-01-13 11:00:00,6.788930423194951,1.8198306039793803,0.26805851445490975,0,0,3,0,1.12425024,3,Typec,Renault,Distribution
2026-01-13 12:00:00,6.788930423194951,0.7632456657620226,0.11242502400000001,0,0,3,0,1.12425024,3,Typec,Renault,Distribution
2026-01-13 13:00:00,6.788930423194951,0.7632456657620226,0.11242502400000001,0,0,3,0,1.12425024,3,Typec,Renault,Distribution
2026-01-13 14:00:00,6.788930423194951,1.7921106802203826,0.26397540827602034,0,0,3,0,1.12425024,3,Typec,Renault,Distribution
2026-01-13 15:00:00,6.788930423194951,1.263506316743758,0.18611272144237662,0,0,3,0,1.12425024,3,Typec,Renault,Distribution
2026-01-13 16:00:00,6.788930423194951,3.287683924237523,0.48427126502944773,0,0,3,0,1.12425024,3,Typec,Renault,Distribution
2026-01-13 17:00:00,6.788930423194951,1.226038083316279,0.18059370282061174,0,0,3,0,1.12425024,3,Typec,Renault,Distribution
2026-01-13 18:00:00,6.788930423194951,0.7632456657620226,0.11242502400000001,0,0,3,0,1.12425024,3,Typec,Renault,Distribution
2026-01-13 19:00:00,6.788930423194951,0.9045898054750611,0.1332448190048397,0,0,3,0,1.12425024,3,Typec,Renault,Distribution
2026-01-13 20:00:00,6.788930423194951,1.4766941101641016,0.21751498661981453,0,0,3,0,1.12425024,3,Typec,Renault,Distribution
2026-01-13 21:00:00,6.788930423194951,0.7632456657620226,0.11242502400000001,0,0,3,0,1.12425024,3,Typec,Renault,Distribution
2026-01-13 22:00:00,6.788930423194951,1.8725381059931054,0.2758222561237955,0,0,3,0,1.12425024,3,Typec,Renault,Distribution
2026-01-13 23:00:00,6.788930423194951,1.9979488832085488,0.2942950890146685,0,0,3,0,1.12425024,3,Typec,Renault,Distribution
2026-01-14 00:00:00,0.0,0.0,0.0,1,1,3,80,1.0,3,Typec,Renault,Distribution
2026-01-14 01:00:00,0.0,0.0,0.0,1,1,3,80,1.0,3,Typec,Renault,Distribution
2026-01-14 02:00:00,0.0,0.0,0.0,1,1,3,80,1.0,3,Typec,Renault,Distribution
2026-01-14 03:00:00,0.0,0.0,0.0,1,1,3,80,1.0,3,Typec,Renault,Distribution
2026-01-14 04:00:00,0.0,0.0,0.0,1,1,3,80,1.0,3,Typec,Renault,Distribution
2026-01-14 05:00:00,0.0,0.0,0.0,1,1,3,80,1.0,3,Typec,Renault,Distribution
2026-01-14 06:00:00,6.538198242050462,1.2413401479389847,0.1898596680589001,0,0,3,0,1.102475,3,Typec,Renault,Distribution
2026-01-14 07:00:00,6.538198242050462,1.912696552454422,0.2925418412909083,0,0,3,0,1.102475,3,Typec,Renault,Distribution
2026-01-14 08:00:00,6.538198242050462,1.148770805852832,0.1757014338391433,0,0,3,0,1.102475,3,Typec,Renault,Distribution
2026-01-14 09:00:00,6.538198242050462,0.8368512498806646,0.1279941688672654,0,0,3,0,1.102475,3,Typec,Renault,Distribution
2026-01-14 10:00:00,6.538198242050462,1.2298340118775077,0.18809983520655932,0,0,3,0,1.102475,3,Typec,Renault,Distribution
2026-01-14 11:00:00,6.538198242050462,1.332316429158491,0.20377424786383652,0,0,3,0,1.102475,3,Typec,Renault,Distribution
2026-01-14 12:00:00,6.538198242050462,1.5851617289034639,0.24244626274995557,0,0,3,0,1.102475,3,Typec,Renault,Distribution
2026-01-14 13:00:00,6.538198242050462,3.2436900481070627,0.4961137500000001,0,0,3,0,1.102475,3,Typec,Renault,Distribution
2026-01-14 14:00:00,6.538198242050462,0.9161115716081828,0.1401168238852419,0,0,3,0,1.102475,3,Typec,Renault,Distribution
2026-01-14 15:00:00,6.538198242050462,1.0734018096178743,0.16417394668676213,0,0,3,0,1.102475,3,Typec,Renault,Distribution
2026-01-14 16:00:00,6.538198242050462,0.7208200106904584,0.11024750000000001,0,0,3,0,1.102475,3,Typec,Renault,Distribution
2026-01-14 17:00:00,6.538198242050462,0.7208200106904584,0.11024750000000001,0,0,3,0,1.102475,3,Typec,Renault,Distribution
2026-01-14 18:00:00,6.538198242050462,1.988008130049352,0.30406054641529,0,0,3,0,1.102475,3,Typec,Renault,Distribution
2026-01-14 19:00:00,6.538198242050462,1.4156224345309922,0.21651567941553196,0,0,3,0,1.102475,3,Typec,Renault,Distribution
2026-01-14 20:00:00,6.538198242050462,2.4686732365109227,0.377576993709618,0,0,3,0,1.102475,3,Typec,Renault,Distribution
2026-01-14 21:00:00,6.538198242050462,1.892832730136665,0.2895037225948427,0,0,3,0,1.102475,3,Typec,Renault,Distribution
2026-01-14 22:00:00,6.538198242050462,1.7086914034213114,0.2613397973208968,0,0,3,0,1.102475,3,Typec,Renault,Distribution
2026-01-14 23:00:00,0.0,0.0,0.0,1,1,3,80,1.0,3,Typec,Renault,Distribution
2026-01-01 00:00:00,0.0,0.0,0.0,1,1,4,80,1.0,4,Typec,Renault,Distribution
2026-01-01 01:00:00,0.0,0.0,0.0,1,1,4,80,1.0,4,Typec,Renault,Distribution
2026-01-01 02:00:00,0.0,0.0,0.0,1,1,4,80,1.0,4,Typec,Renault,Distribution
2026-01-01 03:00:00,0.0,0.0,0.0,1,1,4,80,1.0,4,Typec,Renault,Distribution
2026-01-01 04:00:00,0.0,0.0,0.0,1,1,4,80,1.0,4,Typec,Renault,Distribution
2026-01-01 05:00:00,0.0,0.0,0.0,1,1,4,80,1.0,4,Typec,Renault,Distribution
2026-01-01 06:00:00,7.841257684034989,0.8883966790592892,0.11329772784640002,0,0,4,0,1.1329772784640002,4,Typec,Renault,Distribution
2026-01-01 07:00:00,7.841257684034989,3.155925821409947,0.4024769939439048,0,0,4,0,1.1329772784640002,4,Typec,Renault,Distribution
2026-01-01 08:00:00,7.841257684034989,1.8723169787486111,0.23877763672538124,0,0,4,0,1.1329772784640002,4,Typec,Renault,Distribution
2026-01-01 09:00:00,7.841257684034989,2.2019526741526274,0.2808162622478103,0,0,4,0,1.1329772784640002,4,Typec,Renault,Distribution
2026-01-01 10:00:00,7.841257684034989,0.8883966790592892,0.11329772784640002,0,0,4,0,1.1329772784640002,4,Typec,Renault,Distribution
2026-01-01 11:00:00,7.841257684034989,2.4126007221460606,0.3076803262132528,0,0,4,0,1.1329772784640002,4,Typec,Renault,Distribution
2026-01-01 12:00:00,7.841257684034989,1.8193507960885238,0.23202282967855664,0,0,4,0,1.1329772784640002,4,Typec,Renault,Distribution
2026-01-01 13:00:00,7.841257684034989,2.36050178703351,0.3010361197336436,0,0,4,0,1.1329772784640002,4,Typec,Renault,Distribution
2026-01-01 14:00:00,7.841257684034989,2.713009236837213,0.34599159295083143,0,0,4,0,1.1329772784640002,4,Typec,Renault,Distribution
2026-01-01 15:00:00,7.841257684034989,1.1561720024954307,0.14744726536017658,0,0,4,0,1.1329772784640002,4,Typec,Renault,Distribution
2026-01-01 16:00:00,7.841257684034989,0.8883966790592892,0.11329772784640002,0,0,4,0,1.1329772784640002,4,Typec,Renault,Distribution
2026-01-01 17:00:00,7.841257684034989,3.4173302920817825,0.435814053023606,0,0,4,0,1.1329772784640002,4,Typec,Renault,Distribution
2026-01-01 18:00:00,7.841257684034989,1.8378232227654996,0.23437862863598485,0,0,4,0,1.1329772784640002,4,Typec,Renault,Distribution
2026-01-01 19:00:00,7.841257684034989,3.473565975207263,0.44298582130256176,0,0,4,0,1.1329772784640002,4,Typec,Renault,Distribution
2026-01-01 20:00:00,7.841257684034989,2.745599517468424,0.3501478497586603,0,0,4,0,1.1329772784640002,4,Typec,Renault,Distribution
2026-01-01 21:00:00,7.841257684034989,1.4301850825731575,0.18239230748468485,0,0,4,0,1.1329772784640002,4,Typec,Renault,Distribution
2026-01-01 22:00:00,7.841257684034989,1.7782594752428653,0.2267824304337618,0,0,4,0,1.1329772784640002,4,Typec,Renault,Distribution
2026-01-01 23:00:00,7.841257684034989,0.9880575098652435,0.12600752961823397,0,0,4,0,1.1329772784640002,4,Typec,Renault,Distribution
2026-01-02 00:00:00,0.0,0.0,0.0,1,1,4,80,1.0,4,Typec,Renault,Distribution
2026-01-02 01:00:00,0.0,0.0,0.0,1,1,4,80,1.0,4,Typec,Renault,Distribution
2026-01-02 02:00:00,0.0,0.0,0.0,1,1,4,80,1.0,4,Typec,Renault,Distribution
2026-01-02 03:00:00,0.0,0.0,0.0,1,1,4,80,1.0,4,Typec,Renault,Distribution
2026-01-02 04:00:00,0.0,0.0,0.0,1,1,4,80,1.0,4,Typec,Renault,Distribution
2026-01-02 05:00:00,0.0,0.0,0.0,1,1,4,80,1.0,4,Typec,Renault,Distribution
2026-01-02 06:00:00,7.842161872246976,1.864368101068192,0.23773649810342462,0,0,4,0,1.23259004,4,Typec,Renault,Distribution
2026-01-02 07:00:00,7.842161872246976,1.7832895781175115,0.22739770068104376,0,0,4,0,1.23259004,4,Typec,Renault,Distribution
2026-01-02 08:00:00,7.842161872246976,3.0482808779963206,0.38870415169368494,0,0,4,0,1.23259004,4,Typec,Renault,Distribution
2026-01-02 09:00:00,7.842161872246976,0.9666170615799377,0.123259004,0,0,4,0,1.23259004,4,Typec,Renault,Distribution
2026-01-02 10:00:00,7.842161872246976,1.0975044710385584,0.13994922432327908,0,0,4,0,1.23259004,4,Typec,Renault,Distribution
2026-01-02 11:00:00,7.842161872246976,0.9666170615799377,0.123259004,0,0,4,0,1.23259004,4,Typec,Renault,Distribution
2026-01-02 12:00:00,7.842161872246976,1.0552035119434824,0.13455518122850738,0,0,4,0,1.23259004,4,Typec,Renault,Distribution
2026-01-02 13:00:00,7.842161872246976,2.8575338198609943,0.3643808769076376,0,0,4,0,1.23259004,4,Typec,Renault,Distribution
2026-01-02 14:00:00,7.842161872246976,2.8169597058193334,0.359207033941548,0,0,4,0,1.23259004,4,Typec,Renault,Distribution
2026-01-02 15:00:00,7.842161872246976,2.3248544883834823,0.2964558148960209,0,0,4,0,1.23259004,4,Typec,Renault,Distribution
2026-01-02 16:00:00,7.842161872246976,3.367725142574841,0.42943836118622525,0,0,4,0,1.23259004,4,Typec,Renault,Distribution
2026-01-02 17:00:00,7.842161872246976,1.782916251166921,0.22735009557461106,0,0,4,0,1.23259004,4,Typec,Renault,Distribution
2026-01-02 18:00:00,7.842161872246976,0.9666170615799377,0.123259004,0,0,4,0,1.23259004,4,Typec,Renault,Distribution
2026-01-02 19:00:00,7.842161872246976,0.9666170615799377,0.123259004,0,0,4,0,1.23259004,4,Typec,Renault,Distribution
2026-01-02 20:00:00,7.842161872246976,2.424734889336919,0.3091921499246192,0,0,4,0,1.23259004,4,Typec,Renault,Distribution
2026-01-02 21:00:00,7.842161872246976,0.9666170615799377,0.123259004,0,0,4,0,1.23259004,4,Typec,Renault,Distribution
2026-01-02 22:00:00,7.842161872246976,0.9666170615799377,0.123259004,0,0,4,0,1.23259004,4,Typec,Renault,Distribution
2026-01-02 23:00:00,7.842161872246976,1.5046942948454767,0.19187238408971327,0,0,4,0,1.23259004,4,Typec,Renault,Distribution
2026-01-03 00:00:00,0.0,0.0,0.0,1,1,4,80,1.0,4,Typec,Renault,Distribution
2026-01-03 01:00:00,0.0,0.0,0.0,1,1,4,80,1.0,4,Typec,Renault,Distribution
2026-01-03 02:00:00,0.0,0.0,0.0,1,1,4,80,1.0,4,Typec,Renault,Distribution
2026-01-03 03:00:00,0.0,0.0,0.0,1,1,4,80,1.0,4,Typec,Renault,Distribution
2026-01-03 04:00:00,0.0,0.0,0.0,1,1,4,80,1.0,4,Typec,Renault,Distribution
2026-01-03 05:00:00,0.0,0.0,0.0,1,1,4,80,1.0,4,Typec,Renault,Distribution
2026-01-03 06:00:00,0.0,0.0,0.0,1,1,4,80,1.0,4,Typec,Renault,Distribution
2026-01-03 07:00:00,4.99381155793642,0.6037762920269562,0.1209049010004,0,0,4,0,1.209049010004,4,Typec,Renault,Distribution
2026-01-03 08:00:00,4.99381155793642,2.6042207933226686,0.5214896003001772,0,0,4,0,1.209049010004,4,Typec,Renault,Distribution
2026-01-03 09:00:00,4.99381155793642,0.6037762920269562,0.1209049010004,0,0,4,0,1.209049010004,4,Typec,Renault,Distribution
2026-01-03 10:00:00,4.99381155793642,0.6037762920269562,0.1209049010004,0,0,4,0,1.209049010004,4,Typec,Renault,Distribution
2026-01-03 11:00:00,4.99381155793642,1.686459942701421,0.337709968254852,0,0,4,0,1.209049010004,4,Typec,Renault,Distribution
2026-01-03 12:00:00,4.99381155793642,1.1093367473046576,0.22214229240221195,0,0,4,0,1.209049010004,4,Typec,Renault,Distribution
2026-01-03 13:00:00,4.99381155793642,1.409500843488104,0.2822495056402466,0,0,4,0,1.209049010004,4,Typec,Renault,Distribution
2026-01-03 14:00:00,4.99381155793642,1.0392289935365073,0.20810336583183875,0,0,4,0,1.209049010004,4,Typec,Renault,Distribution
2026-01-03 15:00:00,4.99381155793642,0.6037762920269562,0.1209049010004,0,0,4,0,1.209049010004,4,Typec,Renault,Distribution
2026-01-03 16:00:00,4.99381155793642,1.323818277559918,0.2650917565073193,0,0,4,0,1.209049010004,4,Typec,Renault,Distribution
2026-01-03 17:00:00,4.99381155793642,2.424037479716787,0.4854082801471319,0,0,4,0,1.209049010004,4,Typec,Renault,Distribution
2026-01-03 18:00:00,4.99381155793642,0.6037762920269562,0.1209049010004,0,0,4,0,1.209049010004,4,Typec,Renault,Distribution
2026-01-03 19:00:00,4.99381155793642,2.2834503871041343,0.4572560178958212,0,0,4,0,1.209049010004,4,Typec,Renault,Distribution
2026-01-03 20:00:00,0.0,0.0,0.0,1,1,4,80,1.0,4,Typec,Renault,Distribution
2026-01-03 21:00:00,0.0,0.0,0.0,1,1,4,80,1.0,4,Typec,Renault,Distribution
2026-01-03 22:00:00,0.0,0.0,0.0,1,1,4,80,1.0,4,Typec,Renault,Distribution
2026-01-03 23:00:00,0.0,0.0,0.0,1,1,4,80,1.0,4,Typec,Renault,Distribution
2026-01-04 00:00:00,0.0,0.0,0.0,1,1,4,80,1.0,4,Typec,Renault,Distribution
2026-01-04 01:00:00,0.0,0.0,0.0,1,1,4,80,1.0,4,Typec,Renault,Distribution
2026-01-04 02:00:00,0.0,0.0,0.0,1,1,4,80,1.0,4,Typec,Renault,Distribution
2026-01-04 03:00:00,0.0,0.0,0.0,1,1,4,80,1.0,4,Typec,Renault,Distribution
2026-01-04 04:00:00,0.0,0.0,0.0,1,1,4,80,1.0,4,Typec,Renault,Distribution
2026-01-04 05:00:00,0.0,0.0,0.0,1,1,4,80,1.0,4,Typec,Renault,Distribution
2026-01-04 06:00:00,0.0,0.0,0.0,1,1,4,80,1.0,4,Typec,Renault,Distribution
2026-01-04 07:00:00,6.473902085514649,3.18078331617376,0.49132397650726906,0,0,4,0,1.3050301525,4,Typec,Renault,Distribution
2026-01-04 08:00:00,6.473902085514649,0.8448637425929253,0.13050301525000002,0,0,4,0,1.3050301525,4,Typec,Renault,Distribution
2026-01-04 09:00:00,6.473902085514649,2.5537389575724276,0.39446672560686646,0,0,4,0,1.3050301525,4,Typec,Renault,Distribution
2026-01-04 10:00:00,6.473902085514649,3.4299438006473304,0.5298108861303026,0,0,4,0,1.3050301525,4,Typec,Renault,Distribution
2026-01-04 11:00:00,6.473902085514649,0.8448637425929253,0.13050301525000002,0,0,4,0,1.3050301525,4,Typec,Renault,Distribution
2026-01-04 12:00:00,6.473902085514649,0.9324408741198073,0.14403073475673087,0,0,4,0,1.3050301525,4,Typec,Renault,Distribution
2026-01-04 13:00:00,6.473902085514649,0.8448637425929253,0.13050301525000002,0,0,4,0,1.3050301525,4,Typec,Renault,Distribution
2026-01-04 14:00:00,6.473902085514649,1.7456849004763724,0.26964956797575623,0,0,4,0,1.3050301525,4,Typec,Renault,Distribution
2026-01-04 15:00:00,6.473902085514649,3.8018868416681633,0.5872635686250001,0,0,4,0,1.3050301525,4,Typec,Renault,Distribution
2026-01-04 16:00:00,6.473902085514649,1.1002038395693554,0.16994446703651273,0,0,4,0,1.3050301525,4,Typec,Renault,Distribution
2026-01-04 17:00:00,6.473902085514649,1.7149918363056036,0.26490852250343677,0,0,4,0,1.3050301525,4,Typec,Renault,Distribution
2026-01-04 18:00:00,6.473902085514649,2.147884385115847,0.3317758527614646,0,0,4,0,1.3050301525,4,Typec,Renault,Distribution
2026-01-04 19:00:00,0.0,0.0,0.0,1,1,4,80,1.0,4,Typec,Renault,Distribution
2026-01-04 20:00:00,0.0,0.0,0.0,1,1,4,80,1.0,4,Typec,Renault,Distribution
2026-01-04 21:00:00,0.0,0.0,0.0,1,1,4,80,1.0,4,Typec,Renault,Distribution
2026-01-04 22:00:00,0.0,0.0,0.0,1,1,4,80,1.0,4,Typec,Renault,Distribution
2026-01-04 23:00:00,0.0,0.0,0.0,1,1,4,80,1.0,4,Typec,Renault,Distribution
2026-01-05 00:00:00,0.0,0.0,0.0,1,1,4,80,1.0,4,Typec,Renault,Distribution
2026-01-05 01:00:00,0.0,0.0,0.0,1,1,4,80,1.0,4,Typec,Renault,Distribution
2026-01-05 02:00:00,0.0,0.0,0.0,1,1,4,80,1.0,4,Typec,Renault,Distribution
2026-01-05 03:00:00,0.0,0.0,0.0,1,1,4,80,1.0,4,Typec,Renault,Distribution
2026-01-05 04:00:00,0.0,0.0,0.0,1,1,4,80,1.0,4,Typec,Renault,Distribution
2026-01-05 05:00:00,0.0,0.0,0.0,1,1,4,80,1.0,4,Typec,Renault,Distribution
2026-01-05 06:00:00,7.763512850707014,3.1742229441891014,0.4088642609640337,0,0,4,0,1.226197579604,4,Typec,Renault,Distribution
2026-01-05 07:00:00,7.763512850707014,0.9519600666761492,0.12261975796040002,0,0,4,0,1.226197579604,4,Typec,Renault,Distribution
2026-01-05 08:00:00,7.763512850707014,2.446364856729371,0.31511055675094085,0,0,4,0,1.226197579604,4,Typec,Renault,Distribution
2026-01-05 09:00:00,7.763512850707014,0.9519600666761492,0.12261975796040002,0,0,4,0,1.226197579604,4,Typec,Renault,Distribution
2026-01-05 10:00:00,7.763512850707014,0.9895105299749244,0.12745654563897718,0,0,4,0,1.226197579604,4,Typec,Renault,Distribution
2026-01-05 11:00:00,7.763512850707014,2.777728108400214,0.3577926850661746,0,0,4,0,1.226197579604,4,Typec,Renault,Distribution
2026-01-05 12:00:00,7.763512850707014,4.240786504567924,0.5462458279027285,0,0,4,0,1.226197579604,4,Typec,Renault,Distribution
2026-01-05 13:00:00,7.763512850707014,0.9519600666761492,0.12261975796040002,0,0,4,0,1.226197579604,4,Typec,Renault,Distribution
2026-01-05 14:00:00,7.763512850707014,0.9519600666761492,0.12261975796040002,0,0,4,0,1.226197579604,4,Typec,Renault,Distribution
2026-01-05 15:00:00,7.763512850707014,3.161294227731096,0.40719894312317656,0,0,4,0,1.226197579604,4,Typec,Renault,Distribution
2026-01-05 16:00:00,7.763512850707014,2.3742491375238424,0.30582149900191413,0,0,4,0,1.226197579604,4,Typec,Renault,Distribution
2026-01-05 17:00:00,7.763512850707014,3.8751640554379065,0.49915085219250976,0,0,4,0,1.226197579604,4,Typec,Renault,Distribution
2026-01-05 18:00:00,7.763512850707014,0.9519600666761492,0.12261975796040002,0,0,4,0,1.226197579604,4,Typec,Renault,Distribution
2026-01-05 19:00:00,7.763512850707014,2.640828447188338,0.3401589587048653,0,0,4,0,1.226197579604,4,Typec,Renault,Distribution
2026-01-05 20:00:00,7.763512850707014,0.9519600666761492,0.12261975796040002,0,0,4,0,1.226197579604,4,Typec,Renault,Distribution
2026-01-05 21:00:00,7.763512850707014,2.4147643242160903,0.31104016579249694,0,0,4,0,1.226197579604,4,Typec,Renault,Distribution
2026-01-05 22:00:00,7.763512850707014,3.0698307167767456,0.39541774140261515,0,0,4,0,1.226197579604,4,Typec,Renault,Distribution
2026-01-05 23:00:00,7.763512850707014,3.682313406751686,0.4743102095099053,0,0,4,0,1.226197579604,4,Typec,Renault,Distribution
2026-01-06 00:00:00,0.0,0.0,0.0,1,1,4,80,1.0,4,Typec,Renault,Distribution
2026-01-06 01:00:00,0.0,0.0,0.0,1,1,4,80,1.0,4,Typec,Renault,Distribution
2026-01-06 02:00:00,0.0,0.0,0.0,1,1,4,80,1.0,4,Typec,Renault,Distribution
2026-01-06 03:00:00,0.0,0.0,0.0,1,1,4,80,1.0,4,Typec,Renault,Distribution
2026-01-06 04:00:00,0.0,0.0,0.0,1,1,4,80,1.0,4,Typec,Renault,Distribution
2026-01-06 05:00:00,0.0,0.0,0.0,1,1,4,80,1.0,4,Typec,Renault,Distribution
2026-01-06 06:00:00,7.550514475638506,1.0046942178973173,0.13306301459840003,0,0,4,0,1.3306301459840002,4,Typec,Renault,Distribution
2026-01-06 07:00:00,7.550514475638506,2.6886269099346864,0.35608525996598717,0,0,4,0,1.3306301459840002,4,Typec,Renault,Distribution
2026-01-06 08:00:00,7.550514475638506,1.7390781460192568,0.23032578132660192,0,0,4,0,1.3306301459840002,4,Typec,Renault,Distribution
2026-01-06 09:00:00,7.550514475638506,4.290785980534552,0.5682773000937401,0,0,4,0,1.3306301459840002,4,Typec,Renault,Distribution
2026-01-06 10:00:00,7.550514475638506,3.401716338880113,0.450527755407349,0,0,4,0,1.3306301459840002,4,Typec,Renault,Distribution
2026-01-06 11:00:00,7.550514475638506,1.7037447934479084,0.22564618595792202,0,0,4,0,1.3306301459840002,4,Typec,Renault,Distribution
2026-01-06 12:00:00,7.550514475638506,1.0046942178973173,0.13306301459840003,0,0,4,0,1.3306301459840002,4,Typec,Renault,Distribution
2026-01-06 13:00:00,7.550514475638506,1.1067875440647343,0.14658438807524296,0,0,4,0,1.3306301459840002,4,Typec,Renault,Distribution
2026-01-06 14:00:00,7.550514475638506,1.4941200008153628,0.19788320459964595,0,0,4,0,1.3306301459840002,4,Typec,Renault,Distribution
2026-01-06 15:00:00,7.550514475638506,1.0046942178973173,0.13306301459840003,0,0,4,0,1.3306301459840002,4,Typec,Renault,Distribution
2026-01-06 16:00:00,7.550514475638506,2.8169430839514176,0.3730796216655427,0,0,4,0,1.3306301459840002,4,Typec,Renault,Distribution
2026-01-06 17:00:00,7.550514475638506,1.0046942178973173,0.13306301459840003,0,0,4,0,1.3306301459840002,4,Typec,Renault,Distribution
2026-01-06 18:00:00,7.550514475638506,1.671130462874068,0.22132670141430985,0,0,4,0,1.3306301459840002,4,Typec,Renault,Distribution
2026-01-06 19:00:00,7.550514475638506,3.408497071043138,0.4514258044323397,0,0,4,0,1.3306301459840002,4,Typec,Renault,Distribution
2026-01-06 20:00:00,7.550514475638506,3.367252368795018,0.44596330219077795,0,0,4,0,1.3306301459840002,4,Typec,Renault,Distribution
2026-01-06 21:00:00,7.550514475638506,1.0818435897433887,0.1432807781819269,0,0,4,0,1.3306301459840002,4,Typec,Renault,Distribution
2026-01-06 22:00:00,7.550514475638506,2.6493070248677077,0.35087768302618483,0,0,4,0,1.3306301459840002,4,Typec,Renault,Distribution
2026-01-06 23:00:00,7.550514475638506,3.93919656981009,0.5217123392743345,0,0,4,0,1.3306301459840002,4,Typec,Renault,Distribution
2026-01-07 00:00:00,0.0,0.0,0.0,1,1,4,80,1.0,4,Typec,Renault,Distribution
2026-01-07 01:00:00,0.0,0.0,0.0,1,1,4,80,1.0,4,Typec,Renault,Distribution
2026-01-07 02:00:00,0.0,0.0,0.0,1,1,4,80,1.0,4,Typec,Renault,Distribution
2026-01-07 03:00:00,0.0,0.0,0.0,1,1,4,80,1.0,4,Typec,Renault,Distribution
2026-01-07 04:00:00,0.0,0.0,0.0,1,1,4,80,1.0,4,Typec,Renault,Distribution
2026-01-07 05:00:00,0.0,0.0,0.0,1,1,4,80,1.0,4,Typec,Renault,Distribution
2026-01-07 06:00:00,0.0,0.0,0.0,1,1,4,80,1.0,4,Typec,Renault,Distribution
2026-01-07 07:00:00,6.308134068690193,1.0301412470671467,0.16330363873845866,0,0,4,0,1.282756305344,4,Typec,Renault,Distribution
2026-01-07 08:00:00,6.308134068690193,0.929730833579703,0.14738602944321225,0,0,4,0,1.282756305344,4,Typec,Renault,Distribution
2026-01-07 09:00:00,6.308134068690193,1.1122149466379576,0.17631441160363537,0,0,4,0,1.282756305344,4,Typec,Renault,Distribution
2026-01-07 10:00:00,6.308134068690193,1.6472090125724725,0.2611246043022823,0,0,4,0,1.282756305344,4,Typec,Renault,Distribution
2026-01-07 11:00:00,6.308134068690193,2.185445939883377,0.3464488731668885,0,0,4,0,1.282756305344,4,Typec,Renault,Distribution
2026-01-07 12:00:00,6.308134068690193,3.641309438205441,0.5772403374048001,0,0,4,0,1.282756305344,4,Typec,Renault,Distribution
2026-01-07 13:00:00,6.308134068690193,1.7368995520516517,0.2753428403927848,0,0,4,0,1.282756305344,4,Typec,Renault,Distribution
2026-01-07 14:00:00,6.308134068690193,1.9015883320556604,0.3014502087858291,0,0,4,0,1.282756305344,4,Typec,Renault,Distribution
2026-01-07 15:00:00,6.308134068690193,0.8091798751567647,0.12827563053440003,0,0,4,0,1.282756305344,4,Typec,Renault,Distribution
2026-01-07 16:00:00,6.308134068690193,2.9660588371572265,0.47019590973485637,0,0,4,0,1.282756305344,4,Typec,Renault,Distribution
2026-01-07 17:00:00,6.308134068690193,1.0175754780225654,0.16131164413153518,0,0,4,0,1.282756305344,4,Typec,Renault,Distribution
2026-01-07 18:00:00,6.308134068690193,0.857309429087859,0.13590539131738347,0,0,4,0,1.282756305344,4,Typec,Renault,Distribution
2026-01-07 19:00:00,6.308134068690193,0.8091798751567647,0.12827563053440003,0,0,4,0,1.282756305344,4,Typec,Renault,Distribution
2026-01-07 20:00:00,6.308134068690193,1.7334306116677352,0.27479292494296353,0,0,4,0,1.282756305344,4,Typec,Renault,Distribution
2026-01-07 21:00:00,6.308134068690193,2.5419706615147244,0.40296712686110264,0,0,4,0,1.282756305344,4,Typec,Renault,Distribution
2026-01-07 22:00:00,6.308134068690193,3.526902006431248,0.5591038440252375,0,0,4,0,1.282756305344,4,Typec,Renault,Distribution
2026-01-07 23:00:00,0.0,0.0,0.0,1,1,4,80,1.0,4,Typec,Renault,Distribution
2026-01-08 00:00:00,0.0,0.0,0.0,1,1,4,80,1.0,4,Typec,Renault,Distribution
2026-01-08 01:00:00,0.0,0.0,0.0,1,1,4,80,1.0,4,Typec,Renault,Distribution
2026-01-08 02:00:00,0.0,0.0,0.0,1,1,4,80,1.0,4,Typec,Renault,Distribution
2026-01-08 03:00:00,0.0,0.0,0.0,1,1,4,80,1.0,4,Typec,Renault,Distribution
2026-01-08 04:00:00,0.0,0.0,0.0,1,1,4,80,1.0,4,Typec,Renault,Distribution
2026-01-08 05:00:00,0.0,0.0,0.0,1,1,4,80,1.0,4,Typec,Renault,Distribution
2026-01-08 06:00:00,6.836609010674665,2.472252387303195,0.3616196835950434,0,0,4,0,1.176585222144,4,Typec,Renault,Distribution
2026-01-08 07:00:00,6.836609010674665,2.1768671864370717,0.3184132927651876,0,0,4,0,1.176585222144,4,Typec,Renault,Distribution
2026-01-08 08:00:00,6.836609010674665,2.1778568358968657,0.31855805012344063,0,0,4,0,1.176585222144,4,Typec,Renault,Distribution
2026-01-08 09:00:00,6.836609010674665,0.8043853131536324,0.11765852221440001,0,0,4,0,1.176585222144,4,Typec,Renault,Distribution
2026-01-08 10:00:00,6.836609010674665,0.8043853131536324,0.11765852221440001,0,0,4,0,1.176585222144,4,Typec,Renault,Distribution
2026-01-08 11:00:00,6.836609010674665,2.257725002075355,0.33024047426877107,0,0,4,0,1.176585222144,4,Typec,Renault,Distribution
2026-01-08 12:00:00,6.836609010674665,2.1462290293151765,0.3139318082932723,0,0,4,0,1.176585222144,4,Typec,Renault,Distribution
2026-01-08 13:00:00,6.836609010674665,0.8043853131536324,0.11765852221440001,0,0,4,0,1.176585222144,4,Typec,Renault,Distribution
2026-01-08 14:00:00,6.836609010674665,1.4844374378985523,0.2171306616453794,0,0,4,0,1.176585222144,4,Typec,Renault,Distribution
2026-01-08 15:00:00,6.836609010674665,0.8043853131536324,0.11765852221440001,0,0,4,0,1.176585222144,4,Typec,Renault,Distribution
2026-01-08 16:00:00,6.836609010674665,0.8043853131536324,0.11765852221440001,0,0,4,0,1.176585222144,4,Typec,Renault,Distribution
2026-01-08 17:00:00,6.836609010674665,2.7178325069360385,0.39754101817032705,0,0,4,0,1.176585222144,4,Typec,Renault,Distribution
2026-01-08 18:00:00,6.836609010674665,0.9858148900993506,0.1441964705836039,0,0,4,0,1.176585222144,4,Typec,Renault,Distribution
2026-01-08 19:00:00,6.836609010674665,1.4500834539486713,0.2121056581829551,0,0,4,0,1.176585222144,4,Typec,Renault,Distribution
2026-01-08 20:00:00,6.836609010674665,1.5066402593219,0.22037829821325683,0,0,4,0,1.176585222144,4,Typec,Renault,Distribution
2026-01-08 21:00:00,6.836609010674665,1.8927406163897411,0.27685371701590955,0,0,4,0,1.176585222144,4,Typec,Renault,Distribution
2026-01-08 22:00:00,6.836609010674665,2.8044973648954974,0.410217603568752,0,0,4,0,1.176585222144,4,Typec,Renault,Distribution
2026-01-08 23:00:00,0.0,0.0,0.0,1,1,4,80,1.0,4,Typec,Renault,Distribution
2026-01-09 00:00:00,0.0,0.0,0.0,1,1,4,80,1.0,4,Typec,Renault,Distribution
2026-01-09 01:00:00,0.0,0.0,0.0,1,1,4,80,1.0,4,Typec,Renault,Distribution
2026-01-09 02:00:00,0.0,0.0,0.0,1,1,4,80,1.0,4,Typec,Renault,Distribution
2026-01-09 03:00:00,0.0,0.0,0.0,1,1,4,80,1.0,4,Typec,Renault,Distribution
2026-01-09 04:00:00,0.0,0.0,0.0,1,1,4,80,1.0,4,Typec,Renault,Distribution
2026-01-09 05:00:00,0.0,0.0,0.0,1,1,4,80,1.0,4,Typec,Renault,Distribution
2026-01-09 06:00:00,6.849501647995345,0.7790228542748685,0.1137342385344,0,0,4,0,1.137342385344,4,Typec,Renault,Distribution
2026-01-09 07:00:00,6.849501647995345,1.3459427383759004,0.19650228696124475,0,0,4,0,1.137342385344,4,Typec,Renault,Distribution
2026-01-09 08:00:00,6.849501647995345,1.5336717693089539,0.2239099788752976,0,0,4,0,1.137342385344,4,Typec,Renault,Distribution
2026-01-09 09:00:00,6.849501647995345,2.4034659940391716,0.3508964764965926,0,0,4,0,1.137342385344,4,Typec,Renault,Distribution
2026-01-09 10:00:00,6.849501647995345,1.7967279390710402,0.2623151334808265,0,0,4,0,1.137342385344,4,Typec,Renault,Distribution
2026-01-09 11:00:00,6.849501647995345,0.7790228542748685,0.1137342385344,0,0,4,0,1.137342385344,4,Typec,Renault,Distribution
2026-01-09 12:00:00,6.849501647995345,0.7790228542748685,0.1137342385344,0,0,4,0,1.137342385344,4,Typec,Renault,Distribution
2026-01-09 13:00:00,6.849501647995345,1.440540280074099,0.21031315183283505,0,0,4,0,1.137342385344,4,Typec,Renault,Distribution
2026-01-09 14:00:00,6.849501647995345,3.505602844236908,0.5118040734047999,0,0,4,0,1.137342385344,4,Typec,Renault,Distribution
2026-01-09 15:00:00,6.849501647995345,0.7790228542748685,0.1137342385344,0,0,4,0,1.137342385344,4,Typec,Renault,Distribution
2026-01-09 16:00:00,6.849501647995345,1.6493863313406913,0.2408038447327653,0,0,4,0,1.137342385344,4,Typec,Renault,Distribution
2026-01-09 17:00:00,6.849501647995345,0.7790228542748685,0.1137342385344,0,0,4,0,1.137342385344,4,Typec,Renault,Distribution
2026-01-09 18:00:00,6.849501647995345,0.8375254801766321,0.12227538924992476,0,0,4,0,1.137342385344,4,Typec,Renault,Distribution
2026-01-09 19:00:00,6.849501647995345,1.530542921866782,0.2234531795922304,0,0,4,0,1.137342385344,4,Typec,Renault,Distribution
2026-01-09 20:00:00,6.849501647995345,1.6955830717535205,0.24754838510766247,0,0,4,0,1.137342385344,4,Typec,Renault,Distribution
2026-01-09 21:00:00,6.849501647995345,1.3438137070416007,0.19619145685363792,0,0,4,0,1.137342385344,4,Typec,Renault,Distribution
2026-01-09 22:00:00,6.849501647995345,2.2467746838201528,0.3280201683691426,0,0,4,0,1.137342385344,4,Typec,Renault,Distribution
2026-01-09 23:00:00,0.0,0.0,0.0,1,1,4,80,1.0,4,Typec,Renault,Distribution
2026-01-10 00:00:00,0.0,0.0,0.0,1,1,4,80,1.0,4,Typec,Renault,Distribution
2026-01-10 01:00:00,0.0,0.0,0.0,1,1,4,80,1.0,4,Typec,Renault,Distribution
2026-01-10 02:00:00,0.0,0.0,0.0,1,1,4,80,1.0,4,Typec,Renault,Distribution
2026-01-10 03:00:00,0.0,0.0,0.0,1,1,4,80,1.0,4,Typec,Renault,Distribution
2026-01-10 04:00:00,0.0,0.0,0.0,1,1,4,80,1.0,4,Typec,Renault,Distribution
2026-01-10 05:00:00,0.0,0.0,0.0,1,1,4,80,1.0,4,Typec,Renault,Distribution
2026-01-10 06:00:00,0.0,0.0,0.0,1,1,4,80,1.0,4,Typec,Renault,Distribution
2026-01-10 07:00:00,0.0,0.0,0.0,1,1,4,80,1.0,4,Typec,Renault,Distribution
2026-01-10 08:00:00,6.741978783861404,1.4400874885968555,0.21360012168001205,0,0,4,0,1.18961004,4,Typec,Renault,Distribution
2026-01-10 09:00:00,6.741978783861404,0.8527167949521739,0.1264787123022936,0,0,4,0,1.18961004,4,Typec,Renault,Distribution
2026-01-10 10:00:00,6.741978783861404,1.0188287515300043,0.15111716963109156,0,0,4,0,1.18961004,4,Typec,Renault,Distribution
2026-01-10 11:00:00,6.741978783861404,1.8417941695174227,0.27318302661026067,0,0,4,0,1.18961004,4,Typec,Renault,Distribution
2026-01-10 12:00:00,6.741978783861404,2.6370313781210557,0.3911361133964769,0,0,4,0,1.18961004,4,Typec,Renault,Distribution
2026-01-10 13:00:00,6.741978783861404,0.8020325650748517,0.11896100400000001,0,0,4,0,1.18961004,4,Typec,Renault,Distribution
2026-01-10 14:00:00,6.741978783861404,0.8022625207628201,0.11899511204087948,0,0,4,0,1.18961004,4,Typec,Renault,Distribution
2026-01-10 15:00:00,6.741978783861404,0.8020325650748517,0.11896100400000001,0,0,4,0,1.18961004,4,Typec,Renault,Distribution
2026-01-10 16:00:00,6.741978783861404,0.8020325650748517,0.11896100400000001,0,0,4,0,1.18961004,4,Typec,Renault,Distribution
2026-01-10 17:00:00,6.741978783861404,1.0202568558949099,0.1513289923630652,0,0,4,0,1.18961004,4,Typec,Renault,Distribution
2026-01-10 18:00:00,6.741978783861404,0.8020325650748517,0.11896100400000001,0,0,4,0,1.18961004,4,Typec,Renault,Distribution
2026-01-10 19:00:00,6.741978783861404,1.892281803845195,0.28067157499439777,0,0,4,0,1.18961004,4,Typec,Renault,Distribution
2026-01-10 20:00:00,0.0,0.0,0.0,1,1,4,80,1.0,4,Typec,Renault,Distribution
2026-01-10 21:00:00,0.0,0.0,0.0,1,1,4,80,1.0,4,Typec,Renault,Distribution
2026-01-10 22:00:00,0.0,0.0,0.0,1,1,4,80,1.0,4,Typec,Renault,Distribution
2026-01-10 23:00:00,0.0,0.0,0.0,1,1,4,80,1.0,4,Typec,Renault,Distribution
2026-01-11 00:00:00,0.0,0.0,0.0,1,1,4,80,1.0,4,Typec,Renault,Distribution
2026-01-11 01:00:00,0.0,0.0,0.0,1,1,4,80,1.0,4,Typec,Renault,Distribution
2026-01-11 02:00:00,0.0,0.0,0.0,1,1,4,80,1.0,4,Typec,Renault,Distribution
2026-01-11 03:00:00,0.0,0.0,0.0,1,1,4,80,1.0,4,Typec,Renault,Distribution
2026-01-11 04:00:00,0.0,0.0,0.0,1,1,4,80,1.0,4,Typec,Renault,Distribution
2026-01-11 05:00:00,0.0,0.0,0.0,1,1,4,80,1.0,4,Typec,Renault,Distribution
2026-01-11 06:00:00,5.7249772424252665,1.5490199867867618,0.27057225228908544,0,0,4,0,1.122069513044,4,Typec,Renault,Distribution
2026-01-11 07:00:00,5.7249772424252665,1.692227635441075,0.2955867881710912,0,0,4,0,1.122069513044,4,Typec,Renault,Distribution
2026-01-11 08:00:00,5.7249772424252665,2.890720091968245,0.5049312808698,0,0,4,0,1.122069513044,4,Typec,Renault,Distribution
2026-01-11 09:00:00,5.7249772424252665,0.6423822426596101,0.1122069513044,0,0,4,0,1.122069513044,4,Typec,Renault,Distribution
2026-01-11 10:00:00,5.7249772424252665,2.3228840843890826,0.40574555775963955,0,0,4,0,1.122069513044,4,Typec,Renault,Distribution
2026-01-11 11:00:00,5.7249772424252665,0.8627172917016517,0.15069357574182768,0,0,4,0,1.122069513044,4,Typec,Renault,Distribution
2026-01-11 12:00:00,5.7249772424252665,1.1376864305113827,0.19872331056279025,0,0,4,0,1.122069513044,4,Typec,Renault,Distribution
2026-01-11 13:00:00,5.7249772424252665,0.6423822426596101,0.1122069513044,0,0,4,0,1.122069513044,4,Typec,Renault,Distribution
2026-01-11 14:00:00,5.7249772424252665,1.782988976316121,0.3114403605141311,0,0,4,0,1.122069513044,4,Typec,Renault,Distribution
2026-01-11 15:00:00,5.7249772424252665,0.6423822426596101,0.1122069513044,0,0,4,0,1.122069513044,4,Typec,Renault,Distribution
2026-01-11 16:00:00,5.7249772424252665,2.3392104008138745,0.408597327423247,0,0,4,0,1.122069513044,4,Typec,Renault,Distribution
2026-01-11 17:00:00,5.7249772424252665,0.6423822426596101,0.1122069513044,0,0,4,0,1.122069513044,4,Typec,Renault,Distribution
2026-01-11 18:00:00,5.7249772424252665,1.4110005592840351,0.24646395951196728,0,0,4,0,1.122069513044,4,Typec,Renault,Distribution
2026-01-11 19:00:00,5.7249772424252665,0.6423822426596101,0.1122069513044,0,0,4,0,1.122069513044,4,Typec,Renault,Distribution
2026-01-11 20:00:00,0.0,0.0,0.0,1,1,4,80,1.0,4,Typec,Renault,Distribution
2026-01-11 21:00:00,0.0,0.0,0.0,1,1,4,80,1.0,4,Typec,Renault,Distribution
2026-01-11 22:00:00,0.0,0.0,0.0,1,1,4,80,1.0,4,Typec,Renault,Distribution
2026-01-11 23:00:00,0.0,0.0,0.0,1,1,4,80,1.0,4,Typec,Renault,Distribution
2026-01-12 00:00:00,0.0,0.0,0.0,1,1,4,80,1.0,4,Typec,Renault,Distribution
2026-01-12 01:00:00,0.0,0.0,0.0,1,1,4,80,1.0,4,Typec,Renault,Distribution
2026-01-12 02:00:00,0.0,0.0,0.0,1,1,4,80,1.0,4,Typec,Renault,Distribution
2026-01-12 03:00:00,0.0,0.0,0.0,1,1,4,80,1.0,4,Typec,Renault,Distribution
2026-01-12 04:00:00,0.0,0.0,0.0,1,1,4,80,1.0,4,Typec,Renault,Distribution
2026-01-12 05:00:00,0.0,0.0,0.0,1,1,4,80,1.0,4,Typec,Renault,Distribution
2026-01-12 06:00:00,8.076962435108241,1.9667732364899175,0.2435040712757209,0,0,4,0,1.119889326784,4,Typec,Renault,Distribution
2026-01-12 07:00:00,8.076962435108241,2.475777085541437,0.3065232883565167,0,0,4,0,1.119889326784,4,Typec,Renault,Distribution
2026-01-12 08:00:00,8.076962435108241,2.9477856695429363,0.3649621616079031,0,0,4,0,1.119889326784,4,Typec,Renault,Distribution
2026-01-12 09:00:00,8.076962435108241,1.8375350090212943,0.2275032258456541,0,0,4,0,1.119889326784,4,Typec,Renault,Distribution
2026-01-12 10:00:00,8.076962435108241,0.9045304023913026,0.1119889326784,0,0,4,0,1.119889326784,4,Typec,Renault,Distribution
2026-01-12 11:00:00,8.076962435108241,1.5124095575172822,0.18724979466826183,0,0,4,0,1.119889326784,4,Typec,Renault,Distribution
2026-01-12 12:00:00,8.076962435108241,2.2427034782742745,0.2776666966440113,0,0,4,0,1.119889326784,4,Typec,Renault,Distribution
2026-01-12 13:00:00,8.076962435108241,2.449798680708812,0.303306930097909,0,0,4,0,1.119889326784,4,Typec,Renault,Distribution
2026-01-12 14:00:00,8.076962435108241,2.156562065802789,0.267001621355676,0,0,4,0,1.119889326784,4,Typec,Renault,Distribution
2026-01-12 15:00:00,8.076962435108241,2.279216778893173,0.28218736897748475,0,0,4,0,1.119889326784,4,Typec,Renault,Distribution
2026-01-12 16:00:00,8.076962435108241,0.9045304023913026,0.1119889326784,0,0,4,0,1.119889326784,4,Typec,Renault,Distribution
2026-01-12 17:00:00,8.076962435108241,2.8115619039658473,0.34809644424552394,0,0,4,0,1.119889326784,4,Typec,Renault,Distribution
2026-01-12 18:00:00,8.076962435108241,2.667415547839754,0.33024983949971876,0,0,4,0,1.119889326784,4,Typec,Renault,Distribution
2026-01-12 19:00:00,8.076962435108241,1.6053313804332325,0.19875434525426502,0,0,4,0,1.119889326784,4,Typec,Renault,Distribution
2026-01-12 20:00:00,8.076962435108241,0.9045304023913026,0.1119889326784,0,0,4,0,1.119889326784,4,Typec,Renault,Distribution
2026-01-12 21:00:00,8.076962435108241,0.9045304023913026,0.1119889326784,0,0,4,0,1.119889326784,4,Typec,Renault,Distribution
2026-01-12 22:00:00,8.076962435108241,0.9045304023913026,0.1119889326784,0,0,4,0,1.119889326784,4,Typec,Renault,Distribution
2026-01-12 23:00:00,8.076962435108241,0.9045304023913026,0.1119889326784,0,0,4,0,1.119889326784,4,Typec,Renault,Distribution
2026-01-13 00:00:00,0.0,0.0,0.0,1,1,4,80,1.0,4,Typec,Renault,Distribution
2026-01-13 01:00:00,0.0,0.0,0.0,1,1,4,80,1.0,4,Typec,Renault,Distribution
2026-01-13 02:00:00,0.0,0.0,0.0,1,1,4,80,1.0,4,Typec,Renault,Distribution
2026-01-13 03:00:00,0.0,0.0,0.0,1,1,4,80,1.0,4,Typec,Renault,Distribution
2026-01-13 04:00:00,0.0,0.0,0.0,1,1,4,80,1.0,4,Typec,Renault,Distribution
2026-01-13 05:00:00,0.0,0.0,0.0,1,1,4,80,1.0,4,Typec,Renault,Distribution
2026-01-13 06:00:00,6.304576500959041,1.9254172052556455,0.30539992733258997,0,0,4,0,1.12425024,4,Typec,Renault,Distribution
2026-01-13 07:00:00,6.304576500959041,1.1194490022960792,0.17756133217287323,0,0,4,0,1.12425024,4,Typec,Renault,Distribution
2026-01-13 08:00:00,6.304576500959041,1.525954227750205,0.24203913260757157,0,0,4,0,1.12425024,4,Typec,Renault,Distribution
2026-01-13 09:00:00,6.304576500959041,2.695141329859714,0.4274896703132611,0,0,4,0,1.12425024,4,Typec,Renault,Distribution
2026-01-13 10:00:00,6.304576500959041,1.080136798187662,0.17132582942301572,0,0,4,0,1.12425024,4,Typec,Renault,Distribution
2026-01-13 11:00:00,6.304576500959041,1.9785080050206838,0.31382092115461147,0,0,4,0,1.12425024,4,Typec,Renault,Distribution
2026-01-13 12:00:00,6.304576500959041,2.1694403596348995,0.3441056444163836,0,0,4,0,1.12425024,4,Typec,Renault,Distribution
2026-01-13 13:00:00,6.304576500959041,0.7087921644301564,0.11242502400000001,0,0,4,0,1.12425024,4,Typec,Renault,Distribution
2026-01-13 14:00:00,6.304576500959041,1.452644889504127,0.23041117659261542,0,0,4,0,1.12425024,4,Typec,Renault,Distribution
2026-01-13 15:00:00,6.304576500959041,1.3414362627011165,0.21277182733797576,0,0,4,0,1.12425024,4,Typec,Renault,Distribution
2026-01-13 16:00:00,6.304576500959041,0.7654815776219256,0.12141681166141483,0,0,4,0,1.12425024,4,Typec,Renault,Distribution
2026-01-13 17:00:00,6.304576500959041,0.7778500069278311,0.12337862928770964,0,0,4,0,1.12425024,4,Typec,Renault,Distribution
2026-01-13 18:00:00,6.304576500959041,1.1833637493954983,0.18769916571168374,0,0,4,0,1.12425024,4,Typec,Renault,Distribution
2026-01-13 19:00:00,6.304576500959041,0.7348406804198521,0.11655670770400985,0,0,4,0,1.12425024,4,Typec,Renault,Distribution
2026-01-13 20:00:00,6.304576500959041,1.7384350073885488,0.2757417579315758,0,0,4,0,1.12425024,4,Typec,Renault,Distribution
2026-01-13 21:00:00,6.304576500959041,0.7087921644301564,0.11242502400000001,0,0,4,0,1.12425024,4,Typec,Renault,Distribution
2026-01-13 22:00:00,6.304576500959041,0.9295578993062601,0.14744176697116093,0,0,4,0,1.12425024,4,Typec,Renault,Distribution
2026-01-13 23:00:00,0.0,0.0,0.0,1,1,4,80,1.0,4,Typec,Renault,Distribution
2026-01-14 00:00:00,0.0,0.0,0.0,1,1,4,80,1.0,4,Typec,Renault,Distribution
2026-01-14 01:00:00,0.0,0.0,0.0,1,1,4,80,1.0,4,Typec,Renault,Distribution
2026-01-14 02:00:00,0.0,0.0,0.0,1,1,4,80,1.0,4,Typec,Renault,Distribution
2026-01-14 03:00:00,0.0,0.0,0.0,1,1,4,80,1.0,4,Typec,Renault,Distribution
2026-01-14 04:00:00,0.0,0.0,0.0,1,1,4,80,1.0,4,Typec,Renault,Distribution
2026-01-14 05:00:00,0.0,0.0,0.0,1,1,4,80,1.0,4,Typec,Renault,Distribution
2026-01-14 06:00:00,5.670149188268307,0.6251197726336103,0.11024750000000001,0,0,4,0,1.102475,4,Typec,Renault,Distribution
2026-01-14 07:00:00,5.670149188268307,1.6480965625247583,0.29066193988946804,0,0,4,0,1.102475,4,Typec,Renault,Distribution
2026-01-14 08:00:00,5.670149188268307,1.626960617093883,0.28693435799892336,0,0,4,0,1.102475,4,Typec,Renault,Distribution
2026-01-14 09:00:00,5.670149188268307,1.9199513618332678,0.3386068510870401,0,0,4,0,1.102475,4,Typec,Renault,Distribution
2026-01-14 10:00:00,5.670149188268307,0.6937495883673046,0.12235120546787222,0,0,4,0,1.102475,4,Typec,Renault,Distribution
2026-01-14 11:00:00,5.670149188268307,2.6124284182664446,0.4607336300201113,0,0,4,0,1.102475,4,Typec,Renault,Distribution
2026-01-14 12:00:00,5.670149188268307,0.6900363020988434,0.12169632212262549,0,0,4,0,1.102475,4,Typec,Renault,Distribution
2026-01-14 13:00:00,5.670149188268307,1.6931058347873862,0.29859987428381396,0,0,4,0,1.102475,4,Typec,Renault,Distribution
2026-01-14 14:00:00,5.670149188268307,1.8222991227074643,0.32138468710450346,0,0,4,0,1.102475,4,Typec,Renault,Distribution
2026-01-14 15:00:00,5.670149188268307,1.5881718130993534,0.2800934790896374,0,0,4,0,1.102475,4,Typec,Renault,Distribution
2026-01-14 16:00:00,5.670149188268307,0.8055338691574928,0.14206572744579002,0,0,4,0,1.102475,4,Typec,Renault,Distribution
2026-01-14 17:00:00,5.670149188268307,1.1389092779916605,0.20086054884553917,0,0,4,0,1.102475,4,Typec,Renault,Distribution
2026-01-14 18:00:00,5.670149188268307,1.5173614708010572,0.26760521115397096,0,0,4,0,1.102475,4,Typec,Renault,Distribution
2026-01-14 19:00:00,5.670149188268307,0.7485548244124576,0.13201677761164343,0,0,4,0,1.102475,4,Typec,Renault,Distribution
2026-01-14 20:00:00,5.670149188268307,2.208036523761825,0.3894141847855278,0,0,4,0,1.102475,4,Typec,Renault,Distribution
2026-01-14 21:00:00,5.670149188268307,1.3557655517281324,0.23910579893263625,0,0,4,0,1.102475,4,Typec,Renault,Distribution
2026-01-14 22:00:00,5.670149188268307,1.0964194654876074,0.1933669519236159,0,0,4,0,1.102475,4,Typec,Renault,Distribution
2026-01-14 23:00:00,5.670149188268307,1.6527821003736336,0.2914882916649327,0,0,4,0,1.102475,4,Typec,Renault,Distribution
2026-01-01 00:00:00,0.0,0.0,0.0,1,1,5,100,1.0,5,Typec,Toyota,Distribution
2026-01-01 01:00:00,0.0,0.0,0.0,1,1,5,100,1.0,5,Typec,Toyota,Distribution
2026-01-01 02:00:00,0.0,0.0,0.0,1,1,5,100,1.0,5,Typec,Toyota,Distribution
2026-01-01 03:00:00,0.0,0.0,0.0,1,1,5,100,1.0,5,Typec,Toyota,Distribution
2026-01-01 04:00:00,0.0,0.0,0.0,1,1,5,100,1.0,5,Typec,Toyota,Distribution
2026-01-01 05:00:00,0.0,0.0,0.0,1,1,5,100,1.0,5,Typec,Toyota,Distribution
2026-01-01 06:00:00,8.463602027487434,0.9589068791105108,0.11329772784640002,0,0,5,0,1.1329772784640002,5,Typec,Toyota,Distribution
2026-01-01 07:00:00,8.463602027487434,3.075307355108276,0.36335680070028453,0,0,5,0,1.1329772784640002,5,Typec,Toyota,Distribution
2026-01-01 08:00:00,8.463602027487434,1.4168885596407528,0.16740963895030642,0,0,5,0,1.1329772784640002,5,Typec,Toyota,Distribution
2026-01-01 09:00:00,8.463602027487434,1.7699437220663619,0.20912416679305987,0,0,5,0,1.1329772784640002,5,Typec,Toyota,Distribution
2026-01-01 10:00:00,8.463602027487434,3.1100445432335717,0.36746110381052993,0,0,5,0,1.1329772784640002,5,Typec,Toyota,Distribution
2026-01-01 11:00:00,8.463602027487434,3.8355191437061453,0.45317810682135595,0,0,5,0,1.1329772784640002,5,Typec,Toyota,Distribution
2026-01-01 12:00:00,8.463602027487434,3.55862111055257,0.420461772540244,0,0,5,0,1.1329772784640002,5,Typec,Toyota,Distribution
2026-01-01 13:00:00,8.463602027487434,3.472971250625135,0.4103419843402238,0,0,5,0,1.1329772784640002,5,Typec,Toyota,Distribution
2026-01-01 14:00:00,8.463602027487434,1.4006001536728965,0.16548511486293133,0,0,5,0,1.1329772784640002,5,Typec,Toyota,Distribution
2026-01-01 15:00:00,8.463602027487434,2.28511971618467,0.2699937578306771,0,0,5,0,1.1329772784640002,5,Typec,Toyota,Distribution
2026-01-01 16:00:00,8.463602027487434,1.93393558126161,0.22850029750698614,0,0,5,0,1.1329772784640002,5,Typec,Toyota,Distribution
2026-01-01 17:00:00,8.463602027487434,3.7641626295199466,0.44474712035076663,0,0,5,0,1.1329772784640002,5,Typec,Toyota,Distribution
2026-01-01 18:00:00,8.463602027487434,1.483634412952302,0.17529586199042305,0,0,5,0,1.1329772784640002,5,Typec,Toyota,Distribution
2026-01-01 19:00:00,8.463602027487434,3.3001637154621126,0.3899242550327975,0,0,5,0,1.1329772784640002,5,Typec,Toyota,Distribution
2026-01-01 20:00:00,8.463602027487434,0.9589068791105108,0.11329772784640002,0,0,5,0,1.1329772784640002,5,Typec,Toyota,Distribution
2026-01-01 21:00:00,8.463602027487434,2.58520734079789,0.30545001199274885,0,0,5,0,1.1329772784640002,5,Typec,Toyota,Distribution
2026-01-01 22:00:00,8.463602027487434,4.078675620196498,0.4819077748398483,0,0,5,0,1.1329772784640002,5,Typec,Toyota,Distribution
2026-01-01 23:00:00,0.0,0.0,0.0,1,1,5,100,1.0,5,Typec,Toyota,Distribution
2026-01-02 00:00:00,0.0,0.0,0.0,1,1,5,100,1.0,5,Typec,Toyota,Distribution
2026-01-02 01:00:00,0.0,0.0,0.0,1,1,5,100,1.0,5,Typec,Toyota,Distribution
2026-01-02 02:00:00,0.0,0.0,0.0,1,1,5,100,1.0,5,Typec,Toyota,Distribution
2026-01-02 03:00:00,0.0,0.0,0.0,1,1,5,100,1.0,5,Typec,Toyota,Distribution
2026-01-02 04:00:00,0.0,0.0,0.0,1,1,5,100,1.0,5,Typec,Toyota,Distribution
2026-01-02 05:00:00,0.0,0.0,0.0,1,1,5,100,1.0,5,Typec,Toyota,Distribution
2026-01-02 06:00:00,7.26006223891366,1.503372696182235,0.20707435373270133,0,0,5,0,1.23259004,5,Typec,Toyota,Distribution
2026-01-02 07:00:00,7.26006223891366,1.0498559356668664,0.1446070159067891,0,0,5,0,1.23259004,5,Typec,Toyota,Distribution
2026-01-02 08:00:00,7.26006223891366,0.8948680405465078,0.123259004,0,0,5,0,1.23259004,5,Typec,Toyota,Distribution
2026-01-02 09:00:00,7.26006223891366,2.8236317227786474,0.38892665515236047,0,0,5,0,1.23259004,5,Typec,Toyota,Distribution
2026-01-02 10:00:00,7.26006223891366,1.791330223123827,0.2467375849097222,0,0,5,0,1.23259004,5,Typec,Toyota,Distribution
2026-01-02 11:00:00,7.26006223891366,3.0612133169986775,0.4216511121062695,0,0,5,0,1.23259004,5,Typec,Toyota,Distribution
2026-01-02 12:00:00,7.26006223891366,2.985590632975698,0.4112348537417551,0,0,5,0,1.23259004,5,Typec,Toyota,Distribution
2026-01-02 13:00:00,7.26006223891366,3.384189138170931,0.46613775843846145,0,0,5,0,1.23259004,5,Typec,Toyota,Distribution
2026-01-02 14:00:00,7.26006223891366,1.5636553831549476,0.21537768295894402,0,0,5,0,1.23259004,5,Typec,Toyota,Distribution
2026-01-02 15:00:00,7.26006223891366,2.1162090537978653,0.2914863515157025,0,0,5,0,1.23259004,5,Typec,Toyota,Distribution
2026-01-02 16:00:00,7.26006223891366,3.209136682707882,0.44202605667855444,0,0,5,0,1.23259004,5,Typec,Toyota,Distribution
2026-01-02 17:00:00,7.26006223891366,2.871953268642192,0.3955824584049198,0,0,5,0,1.23259004,5,Typec,Toyota,Distribution
2026-01-02 18:00:00,7.26006223891366,1.9949913331248268,0.27478983891236475,0,0,5,0,1.23259004,5,Typec,Toyota,Distribution
2026-01-02 19:00:00,7.26006223891366,3.473990997868501,0.47850705456050224,0,0,5,0,1.23259004,5,Typec,Toyota,Distribution
2026-01-02 20:00:00,7.26006223891366,1.5006332321253406,0.2066970203205701,0,0,5,0,1.23259004,5,Typec,Toyota,Distribution
2026-01-02 21:00:00,7.26006223891366,3.0819305483043697,0.42450470077037883,0,0,5,0,1.23259004,5,Typec,Toyota,Distribution
2026-01-02 22:00:00,7.26006223891366,3.4836550192508966,0.47983817557081493,0,0,5,0,1.23259004,5,Typec,Toyota,Distribution
2026-01-02 23:00:00,0.0,0.0,0.0,1,1,5,100,1.0,5,Typec,Toyota,Distribution
2026-01-03 00:00:00,0.0,0.0,0.0,1,1,5,100,1.0,5,Typec,Toyota,Distribution
2026-01-03 01:00:00,0.0,0.0,0.0,1,1,5,100,1.0,5,Typec,Toyota,Distribution
2026-01-03 02:00:00,0.0,0.0,0.0,1,1,5,100,1.0,5,Typec,Toyota,Distribution
2026-01-03 03:00:00,0.0,0.0,0.0,1,1,5,100,1.0,5,Typec,Toyota,Distribution
2026-01-03 04:00:00,0.0,0.0,0.0,1,1,5,100,1.0,5,Typec,Toyota,Distribution
2026-01-03 05:00:00,0.0,0.0,0.0,1,1,5,100,1.0,5,Typec,Toyota,Distribution
2026-01-03 06:00:00,5.293776561095975,2.4692168771856404,0.46643768370050664,0,0,5,0,1.209049010004,5,Typec,Toyota,Distribution
2026-01-03 07:00:00,5.293776561095975,0.6400435310375467,0.1209049010004,0,0,5,0,1.209049010004,5,Typec,Toyota,Distribution
2026-01-03 08:00:00,5.293776561095975,2.3445263121011393,0.4428835038734143,0,0,5,0,1.209049010004,5,Typec,Toyota,Distribution
2026-01-03 09:00:00,5.293776561095975,1.8200168281835365,0.3438031067572555,0,0,5,0,1.209049010004,5,Typec,Toyota,Distribution
2026-01-03 10:00:00,5.293776561095975,1.3154142564121243,0.24848314643257116,0,0,5,0,1.209049010004,5,Typec,Toyota,Distribution
2026-01-03 11:00:00,5.293776561095975,0.743326580598689,0.1404151784685067,0,0,5,0,1.209049010004,5,Typec,Toyota,Distribution
2026-01-03 12:00:00,5.293776561095975,1.3088691894258178,0.2472467763457779,0,0,5,0,1.209049010004,5,Typec,Toyota,Distribution
2026-01-03 13:00:00,5.293776561095975,0.6400435310375467,0.1209049010004,0,0,5,0,1.209049010004,5,Typec,Toyota,Distribution
2026-01-03 14:00:00,5.293776561095975,1.079170770976857,0.20385650178507633,0,0,5,0,1.209049010004,5,Typec,Toyota,Distribution
2026-01-03 15:00:00,5.293776561095975,1.071851914797173,0.2024739620999921,0,0,5,0,1.209049010004,5,Typec,Toyota,Distribution
2026-01-03 16:00:00,5.293776561095975,1.752222885789757,0.3309967592260813,0,0,5,0,1.209049010004,5,Typec,Toyota,Distribution
2026-01-03 17:00:00,5.293776561095975,2.770849486756472,0.5234164031628151,0,0,5,0,1.209049010004,5,Typec,Toyota,Distribution
2026-01-03 18:00:00,5.293776561095975,1.2533242807806266,0.23675428426490858,0,0,5,0,1.209049010004,5,Typec,Toyota,Distribution
2026-01-03 19:00:00,0.0,0.0,0.0,1,1,5,100,1.0,5,Typec,Toyota,Distribution
2026-01-03 20:00:00,0.0,0.0,0.0,1,1,5,100,1.0,5,Typec,Toyota,Distribution
2026-01-03 21:00:00,0.0,0.0,0.0,1,1,5,100,1.0,5,Typec,Toyota,Distribution
2026-01-03 22:00:00,0.0,0.0,0.0,1,1,5,100,1.0,5,Typec,Toyota,Distribution
2026-01-03 23:00:00,0.0,0.0,0.0,1,1,5,100,1.0,5,Typec,Toyota,Distribution
2026-01-04 00:00:00,0.0,0.0,0.0,1,1,5,100,1.0,5,Typec,Toyota,Distribution
2026-01-04 01:00:00,0.0,0.0,0.0,1,1,5,100,1.0,5,Typec,Toyota,Distribution
2026-01-04 02:00:00,0.0,0.0,0.0,1,1,5,100,1.0,5,Typec,Toyota,Distribution
2026-01-04 03:00:00,0.0,0.0,0.0,1,1,5,100,1.0,5,Typec,Toyota,Distribution
2026-01-04 04:00:00,0.0,0.0,0.0,1,1,5,100,1.0,5,Typec,Toyota,Distribution
2026-01-04 05:00:00,0.0,0.0,0.0,1,1,5,100,1.0,5,Typec,Toyota,Distribution
2026-01-04 06:00:00,6.021959301069408,0.8360338725199661,0.13883087392694587,0,0,5,0,1.3050301525,5,Typec,Toyota,Distribution
2026-01-04 07:00:00,6.021959301069408,2.8036004480850267,0.46556283560188627,0,0,5,0,1.3050301525,5,Typec,Toyota,Distribution
2026-01-04 08:00:00,6.021959301069408,1.9155277881501747,0.31809045733836266,0,0,5,0,1.3050301525,5,Typec,Toyota,Distribution
2026-01-04 09:00:00,6.021959301069408,1.2606842767960216,0.20934785736133144,0,0,5,0,1.3050301525,5,Typec,Toyota,Distribution
2026-01-04 10:00:00,6.021959301069408,3.536477309260532,0.5872635686250001,0,0,5,0,1.3050301525,5,Typec,Toyota,Distribution
2026-01-04 11:00:00,6.021959301069408,3.536477309260532,0.5872635686250001,0,0,5,0,1.3050301525,5,Typec,Toyota,Distribution
2026-01-04 12:00:00,6.021959301069408,2.501369869667286,0.4153747550607127,0,0,5,0,1.3050301525,5,Typec,Toyota,Distribution
2026-01-04 13:00:00,6.021959301069408,2.2596419289865795,0.3752336766183892,0,0,5,0,1.3050301525,5,Typec,Toyota,Distribution
2026-01-04 14:00:00,6.021959301069408,1.7419153077873688,0.28926055801772543,0,0,5,0,1.3050301525,5,Typec,Toyota,Distribution
2026-01-04 15:00:00,6.021959301069408,2.1696528719691166,0.3602901918622764,0,0,5,0,1.3050301525,5,Typec,Toyota,Distribution
2026-01-04 16:00:00,6.021959301069408,1.1569730870590649,0.19212569019747514,0,0,5,0,1.3050301525,5,Typec,Toyota,Distribution
2026-01-04 17:00:00,6.021959301069408,2.4374821035440153,0.404765622230485,0,0,5,0,1.3050301525,5,Typec,Toyota,Distribution
2026-01-04 18:00:00,6.021959301069408,2.0753607092104143,0.3446321380554434,0,0,5,0,1.3050301525,5,Typec,Toyota,Distribution
2026-01-04 19:00:00,6.021959301069408,3.536477309260532,0.5872635686250001,0,0,5,0,1.3050301525,5,Typec,Toyota,Distribution
2026-01-04 20:00:00,0.0,0.0,0.0,1,1,5,100,1.0,5,Typec,Toyota,Distribution
2026-01-04 21:00:00,0.0,0.0,0.0,1,1,5,100,1.0,5,Typec,Toyota,Distribution
2026-01-04 22:00:00,0.0,0.0,0.0,1,1,5,100,1.0,5,Typec,Toyota,Distribution
2026-01-04 23:00:00,0.0,0.0,0.0,1,1,5,100,1.0,5,Typec,Toyota,Distribution
2026-01-05 00:00:00,0.0,0.0,0.0,1,1,5,100,1.0,5,Typec,Toyota,Distribution
2026-01-05 01:00:00,0.0,0.0,0.0,1,1,5,100,1.0,5,Typec,Toyota,Distribution
2026-01-05 02:00:00,0.0,0.0,0.0,1,1,5,100,1.0,5,Typec,Toyota,Distribution
2026-01-05 03:00:00,0.0,0.0,0.0,1,1,5,100,1.0,5,Typec,Toyota,Distribution
2026-01-05 04:00:00,0.0,0.0,0.0,1,1,5,100,1.0,5,Typec,Toyota,Distribution
2026-01-05 05:00:00,0.0,0.0,0.0,1,1,5,100,1.0,5,Typec,Toyota,Distribution
2026-01-05 06:00:00,5.7735158814826715,2.6231807676351706,0.4543471987404533,0,0,5,0,1.226197579604,5,Typec,Toyota,Distribution
2026-01-05 07:00:00,5.7735158814826715,2.501405474764515,0.4332551474894601,0,0,5,0,1.226197579604,5,Typec,Toyota,Distribution
2026-01-05 08:00:00,5.7735158814826715,0.7079471199679307,0.12261975796040002,0,0,5,0,1.226197579604,5,Typec,Toyota,Distribution
2026-01-05 09:00:00,5.7735158814826715,3.185762039855688,0.5517889108218,0,0,5,0,1.226197579604,5,Typec,Toyota,Distribution
2026-01-05 10:00:00,5.7735158814826715,0.7079471199679307,0.12261975796040002,0,0,5,0,1.226197579604,5,Typec,Toyota,Distribution
2026-01-05 11:00:00,5.7735158814826715,0.7079471199679307,0.12261975796040002,0,0,5,0,1.226197579604,5,Typec,Toyota,Distribution
2026-01-05 12:00:00,5.7735158814826715,2.145676124511802,0.3716411574087124,0,0,5,0,1.226197579604,5,Typec,Toyota,Distribution
2026-01-05 13:00:00,5.7735158814826715,2.6909913940815056,0.4660923169385036,0,0,5,0,1.226197579604,5,Typec,Toyota,Distribution
2026-01-05 14:00:00,5.7735158814826715,1.71005621774197,0.296189748646334,0,0,5,0,1.226197579604,5,Typec,Toyota,Distribution
2026-01-05 15:00:00,5.7735158814826715,2.4637822549109667,0.42673862954339936,0,0,5,0,1.226197579604,5,Typec,Toyota,Distribution
2026-01-05 16:00:00,5.7735158814826715,0.7079471199679307,0.12261975796040002,0,0,5,0,1.226197579604,5,Typec,Toyota,Distribution
2026-01-05 17:00:00,5.7735158814826715,0.7079471199679307,0.12261975796040002,0,0,5,0,1.226197579604,5,Typec,Toyota,Distribution
2026-01-05 18:00:00,5.7735158814826715,3.185762039855688,0.5517889108218,0,0,5,0,1.226197579604,5,Typec,Toyota,Distribution
2026-01-05 19:00:00,5.7735158814826715,1.9753187181433063,0.34213445648928104,0,0,5,0,1.226197579604,5,Typec,Toyota,Distribution
2026-01-05 20:00:00,5.7735158814826715,1.7471061918641422,0.3026069777460239,0,0,5,0,1.226197579604,5,Typec,Toyota,Distribution
2026-01-05 21:00:00,5.7735158814826715,1.8665869537776816,0.3233016054852059,0,0,5,0,1.226197579604,5,Typec,Toyota,Distribution
2026-01-05 22:00:00,5.7735158814826715,1.6783838960075232,0.29070395413487715,0,0,5,0,1.226197579604,5,Typec,Toyota,Distribution
2026-01-05 23:00:00,5.7735158814826715,2.8685321501134706,0.4968432076741452,0,0,5,0,1.226197579604,5,Typec,Toyota,Distribution
2026-01-06 00:00:00,0.0,0.0,0.0,1,1,5,100,1.0,5,Typec,Toyota,Distribution
2026-01-06 01:00:00,0.0,0.0,0.0,1,1,5,100,1.0,5,Typec,Toyota,Distribution
2026-01-06 02:00:00,0.0,0.0,0.0,1,1,5,100,1.0,5,Typec,Toyota,Distribution
2026-01-06 03:00:00,0.0,0.0,0.0,1,1,5,100,1.0,5,Typec,Toyota,Distribution
2026-01-06 04:00:00,0.0,0.0,0.0,1,1,5,100,1.0,5,Typec,Toyota,Distribution
2026-01-06 05:00:00,0.0,0.0,0.0,1,1,5,100,1.0,5,Typec,Toyota,Distribution
2026-01-06 06:00:00,7.445775567761442,3.106493306592013,0.4172155443473801,0,0,5,0,1.3306301459840002,5,Typec,Toyota,Distribution
2026-01-06 07:00:00,7.445775567761442,0.990757343069451,0.13306301459840003,0,0,5,0,1.3306301459840002,5,Typec,Toyota,Distribution
2026-01-06 08:00:00,7.445775567761442,1.7041663718684001,0.22887694590837024,0,0,5,0,1.3306301459840002,5,Typec,Toyota,Distribution
2026-01-06 09:00:00,7.445775567761442,0.990757343069451,0.13306301459840003,0,0,5,0,1.3306301459840002,5,Typec,Toyota,Distribution
2026-01-06 10:00:00,7.445775567761442,4.458408043812529,0.5987835656928001,0,0,5,0,1.3306301459840002,5,Typec,Toyota,Distribution
2026-01-06 11:00:00,7.445775567761442,2.584264945528325,0.34707800712092635,0,0,5,0,1.3306301459840002,5,Typec,Toyota,Distribution
2026-01-06 12:00:00,7.445775567761442,1.4615678926993596,0.19629491641241842,0,0,5,0,1.3306301459840002,5,Typec,Toyota,Distribution
2026-01-06 13:00:00,7.445775567761442,2.864370822939988,0.3846974431168835,0,0,5,0,1.3306301459840002,5,Typec,Toyota,Distribution
2026-01-06 14:00:00,7.445775567761442,1.6232541480073353,0.2180100827958965,0,0,5,0,1.3306301459840002,5,Typec,Toyota,Distribution
2026-01-06 15:00:00,7.445775567761442,0.990757343069451,0.13306301459840003,0,0,5,0,1.3306301459840002,5,Typec,Toyota,Distribution
2026-01-06 16:00:00,7.445775567761442,2.8424587869037126,0.3817545615007427,0,0,5,0,1.3306301459840002,5,Typec,Toyota,Distribution
2026-01-06 17:00:00,7.445775567761442,1.6855014583285037,0.22637016694759798,0,0,5,0,1.3306301459840002,5,Typec,Toyota,Distribution
2026-01-06 18:00:00,7.445775567761442,1.0267911813878352,0.13790251560006905,0,0,5,0,1.3306301459840002,5,Typec,Toyota,Distribution
2026-01-06 19:00:00,7.445775567761442,2.8027990372577096,0.3764280848583737,0,0,5,0,1.3306301459840002,5,Typec,Toyota,Distribution
2026-01-06 20:00:00,7.445775567761442,1.9948762199865102,0.2679205412292955,0,0,5,0,1.3306301459840002,5,Typec,Toyota,Distribution
2026-01-06 21:00:00,7.445775567761442,4.458408043812529,0.5987835656928001,0,0,5,0,1.3306301459840002,5,Typec,Toyota,Distribution
2026-01-06 22:00:00,7.445775567761442,3.41078696736624,0.4580835047102671,0,0,5,0,1.3306301459840002,5,Typec,Toyota,Distribution
2026-01-06 23:00:00,7.445775567761442,0.990757343069451,0.13306301459840003,0,0,5,0,1.3306301459840002,5,Typec,Toyota,Distribution
2026-01-07 00:00:00,0.0,0.0,0.0,1,1,5,100,1.0,5,Typec,Toyota,Distribution
2026-01-07 01:00:00,0.0,0.0,0.0,1,1,5,100,1.0,5,Typec,Toyota,Distribution
2026-01-07 02:00:00,0.0,0.0,0.0,1,1,5,100,1.0,5,Typec,Toyota,Distribution
2026-01-07 03:00:00,0.0,0.0,0.0,1,1,5,100,1.0,5,Typec,Toyota,Distribution
2026-01-07 04:00:00,0.0,0.0,0.0,1,1,5,100,1.0,5,Typec,Toyota,Distribution
2026-01-07 05:00:00,0.0,0.0,0.0,1,1,5,100,1.0,5,Typec,Toyota,Distribution
2026-01-07 06:00:00,6.7212314462294165,1.7954723260914989,0.26713442922706543,0,0,5,0,1.282756305344,5,Typec,Toyota,Distribution
2026-01-07 07:00:00,6.7212314462294165,2.1206323519291748,0.31551247251258413,0,0,5,0,1.282756305344,5,Typec,Toyota,Distribution
2026-01-07 08:00:00,6.7212314462294165,3.879765907797221,0.5772403374048001,0,0,5,0,1.282756305344,5,Typec,Toyota,Distribution
2026-01-07 09:00:00,6.7212314462294165,3.8215798108017274,0.5685832784326477,0,0,5,0,1.282756305344,5,Typec,Toyota,Distribution
2026-01-07 10:00:00,6.7212314462294165,3.7654263970377713,0.5602286466641705,0,0,5,0,1.282756305344,5,Typec,Toyota,Distribution
2026-01-07 11:00:00,6.7212314462294165,3.5204605514762033,0.5237820747046535,0,0,5,0,1.282756305344,5,Typec,Toyota,Distribution
2026-01-07 12:00:00,6.7212314462294165,3.6614647436989953,0.5447609969975162,0,0,5,0,1.282756305344,5,Typec,Toyota,Distribution
2026-01-07 13:00:00,6.7212314462294165,3.879765907797221,0.5772403374048001,0,0,5,0,1.282756305344,5,Typec,Toyota,Distribution
2026-01-07 14:00:00,6.7212314462294165,2.4794557569968534,0.3688990294163755,0,0,5,0,1.282756305344,5,Typec,Toyota,Distribution
2026-01-07 15:00:00,6.7212314462294165,3.879765907797221,0.5772403374048001,0,0,5,0,1.282756305344,5,Typec,Toyota,Distribution
2026-01-07 16:00:00,6.7212314462294165,3.5362137794635675,0.5261258755562374,0,0,5,0,1.282756305344,5,Typec,Toyota,Distribution
2026-01-07 17:00:00,6.7212314462294165,2.618630493401119,0.38960576113922696,0,0,5,0,1.282756305344,5,Typec,Toyota,Distribution
2026-01-07 18:00:00,6.7212314462294165,1.7431573065661836,0.2593508824255841,0,0,5,0,1.282756305344,5,Typec,Toyota,Distribution
2026-01-07 19:00:00,6.7212314462294165,1.7636234287438193,0.26239587832274464,0,0,5,0,1.282756305344,5,Typec,Toyota,Distribution
2026-01-07 20:00:00,6.7212314462294165,2.217980616931161,0.3299961673207131,0,0,5,0,1.282756305344,5,Typec,Toyota,Distribution
2026-01-07 21:00:00,6.7212314462294165,0.8621702017327156,0.12827563053440003,0,0,5,0,1.282756305344,5,Typec,Toyota,Distribution
2026-01-07 22:00:00,6.7212314462294165,1.9557803210453895,0.29098541490377844,0,0,5,0,1.282756305344,5,Typec,Toyota,Distribution
2026-01-07 23:00:00,0.0,0.0,0.0,1,1,5,100,1.0,5,Typec,Toyota,Distribution
2026-01-08 00:00:00,0.0,0.0,0.0,1,1,5,100,1.0,5,Typec,Toyota,Distribution
2026-01-08 01:00:00,0.0,0.0,0.0,1,1,5,100,1.0,5,Typec,Toyota,Distribution
2026-01-08 02:00:00,0.0,0.0,0.0,1,1,5,100,1.0,5,Typec,Toyota,Distribution
2026-01-08 03:00:00,0.0,0.0,0.0,1,1,5,100,1.0,5,Typec,Toyota,Distribution
2026-01-08 04:00:00,0.0,0.0,0.0,1,1,5,100,1.0,5,Typec,Toyota,Distribution
2026-01-08 05:00:00,0.0,0.0,0.0,1,1,5,100,1.0,5,Typec,Toyota,Distribution
2026-01-08 06:00:00,0.0,0.0,0.0,1,1,5,100,1.0,5,Typec,Toyota,Distribution
2026-01-08 07:00:00,7.067153008180269,2.062464158467834,0.2918380507795034,0,0,5,0,1.176585222144,5,Typec,Toyota,Distribution
2026-01-08 08:00:00,7.067153008180269,0.9805949374568872,0.13875388523806448,0,0,5,0,1.176585222144,5,Typec,Toyota,Distribution
2026-01-08 09:00:00,7.067153008180269,0.8315107792055421,0.11765852221440001,0,0,5,0,1.176585222144,5,Typec,Toyota,Distribution
2026-01-08 10:00:00,7.067153008180269,3.7024193775691154,0.5238912152154543,0,0,5,0,1.176585222144,5,Typec,Toyota,Distribution
2026-01-08 11:00:00,7.067153008180269,1.6524260750712796,0.23381778676060744,0,0,5,0,1.176585222144,5,Typec,Toyota,Distribution
2026-01-08 12:00:00,7.067153008180269,3.7417985064249395,0.5294633499648,0,0,5,0,1.176585222144,5,Typec,Toyota,Distribution
2026-01-08 13:00:00,7.067153008180269,0.8315107792055421,0.11765852221440001,0,0,5,0,1.176585222144,5,Typec,Toyota,Distribution
2026-01-08 14:00:00,7.067153008180269,3.7417985064249395,0.5294633499648,0,0,5,0,1.176585222144,5,Typec,Toyota,Distribution
2026-01-08 15:00:00,7.067153008180269,2.4407105907944255,0.3453598058467518,0,0,5,0,1.176585222144,5,Typec,Toyota,Distribution
2026-01-08 16:00:00,7.067153008180269,0.8315107792055421,0.11765852221440001,0,0,5,0,1.176585222144,5,Typec,Toyota,Distribution
2026-01-08 17:00:00,7.067153008180269,0.8315107792055421,0.11765852221440001,0,0,5,0,1.176585222144,5,Typec,Toyota,Distribution
2026-01-08 18:00:00,7.067153008180269,3.5484119678599533,0.5020992136087399,0,0,5,0,1.176585222144,5,Typec,Toyota,Distribution
2026-01-08 19:00:00,7.067153008180269,0.8315107792055421,0.11765852221440001,0,0,5,0,1.176585222144,5,Typec,Toyota,Distribution
2026-01-08 20:00:00,7.067153008180269,3.1346455180477055,0.44355138687663,0,0,5,0,1.176585222144,5,Typec,Toyota,Distribution
2026-01-08 21:00:00,7.067153008180269,3.3449127336423814,0.47330413389530784,0,0,5,0,1.176585222144,5,Typec,Toyota,Distribution
2026-01-08 22:00:00,7.067153008180269,2.3422199625888744,0.3314234119280765,0,0,5,0,1.176585222144,5,Typec,Toyota,Distribution
2026-01-08 23:00:00,7.067153008180269,3.434522226964019,0.485983849930593,0,0,5,0,1.176585222144,5,Typec,Toyota,Distribution
2026-01-09 00:00:00,0.0,0.0,0.0,1,1,5,100,1.0,5,Typec,Toyota,Distribution
2026-01-09 01:00:00,0.0,0.0,0.0,1,1,5,100,1.0,5,Typec,Toyota,Distribution
2026-01-09 02:00:00,0.0,0.0,0.0,1,1,5,100,1.0,5,Typec,Toyota,Distribution
2026-01-09 03:00:00,0.0,0.0,0.0,1,1,5,100,1.0,5,Typec,Toyota,Distribution
2026-01-09 04:00:00,0.0,0.0,0.0,1,1,5,100,1.0,5,Typec,Toyota,Distribution
2026-01-09 05:00:00,0.0,0.0,0.0,1,1,5,100,1.0,5,Typec,Toyota,Distribution
2026-01-09 06:00:00,6.2139050785095655,2.2585842104674505,0.36347259604570314,0,0,5,0,1.137342385344,5,Typec,Toyota,Distribution
2026-01-09 07:00:00,6.2139050785095655,1.834095746025385,0.2951599232451265,0,0,5,0,1.137342385344,5,Typec,Toyota,Distribution
2026-01-09 08:00:00,6.2139050785095655,1.0670383632787372,0.17171784084198974,0,0,5,0,1.137342385344,5,Typec,Toyota,Distribution
2026-01-09 09:00:00,6.2139050785095655,2.668388614779644,0.42942217189768683,0,0,5,0,1.137342385344,5,Typec,Toyota,Distribution
2026-01-09 10:00:00,6.2139050785095655,0.9416651366457354,0.15154160302551614,0,0,5,0,1.137342385344,5,Typec,Toyota,Distribution
2026-01-09 11:00:00,6.2139050785095655,0.8099722705307126,0.1303483494351974,0,0,5,0,1.137342385344,5,Typec,Toyota,Distribution
2026-01-09 12:00:00,6.2139050785095655,1.0533211857089226,0.1695103437211768,0,0,5,0,1.137342385344,5,Typec,Toyota,Distribution
2026-01-09 13:00:00,6.2139050785095655,1.8947132263392967,0.30491505782604467,0,0,5,0,1.137342385344,5,Typec,Toyota,Distribution
2026-01-09 14:00:00,6.2139050785095655,3.180301930931969,0.5118040734047999,0,0,5,0,1.137342385344,5,Typec,Toyota,Distribution
2026-01-09 15:00:00,6.2139050785095655,1.7011199104330943,0.2737602021499041,0,0,5,0,1.137342385344,5,Typec,Toyota,Distribution
2026-01-09 16:00:00,6.2139050785095655,1.3329023402116036,0.21450317044934752,0,0,5,0,1.137342385344,5,Typec,Toyota,Distribution
2026-01-09 17:00:00,6.2139050785095655,0.8733028468876421,0.1405401009275005,0,0,5,0,1.137342385344,5,Typec,Toyota,Distribution
2026-01-09 18:00:00,6.2139050785095655,2.980388533195853,0.47963213076803435,0,0,5,0,1.137342385344,5,Typec,Toyota,Distribution
2026-01-09 19:00:00,6.2139050785095655,1.4101373572845797,0.2269325552077483,0,0,5,0,1.137342385344,5,Typec,Toyota,Distribution
2026-01-09 20:00:00,6.2139050785095655,0.9655493375942664,0.15538527309236885,0,0,5,0,1.137342385344,5,Typec,Toyota,Distribution
2026-01-09 21:00:00,6.2139050785095655,0.7067337624293265,0.1137342385344,0,0,5,0,1.137342385344,5,Typec,Toyota,Distribution
2026-01-09 22:00:00,6.2139050785095655,2.2571072958639933,0.36323491706850647,0,0,5,0,1.137342385344,5,Typec,Toyota,Distribution
2026-01-09 23:00:00,6.2139050785095655,1.0265521081650344,0.16520241220216025,0,0,5,0,1.137342385344,5,Typec,Toyota,Distribution
2026-01-10 00:00:00,0.0,0.0,0.0,1,1,5,100,1.0,5,Typec,Toyota,Distribution
2026-01-10 01:00:00,0.0,0.0,0.0,1,1,5,100,1.0,5,Typec,Toyota,Distribution
2026-01-10 02:00:00,0.0,0.0,0.0,1,1,5,100,1.0,5,Typec,Toyota,Distribution
2026-01-10 03:00:00,0.0,0.0,0.0,1,1,5,100,1.0,5,Typec,Toyota,Distribution
2026-01-10 04:00:00,0.0,0.0,0.0,1,1,5,100,1.0,5,Typec,Toyota,Distribution
2026-01-10 05:00:00,0.0,0.0,0.0,1,1,5,100,1.0,5,Typec,Toyota,Distribution
2026-01-10 06:00:00,0.0,0.0,0.0,1,1,5,100,1.0,5,Typec,Toyota,Distribution
2026-01-10 07:00:00,0.0,0.0,0.0,1,1,5,100,1.0,5,Typec,Toyota,Distribution
2026-01-10 08:00:00,3.6862962696124733,1.5481778487414393,0.419981937291273,0,0,5,0,1.18961004,5,Typec,Toyota,Distribution
2026-01-10 09:00:00,3.6862962696124733,1.4011848478508364,0.380106411793683,0,0,5,0,1.18961004,5,Typec,Toyota,Distribution
2026-01-10 10:00:00,3.6862962696124733,1.3312632819406847,0.36113843939099216,0,0,5,0,1.18961004,5,Typec,Toyota,Distribution
2026-01-10 11:00:00,3.6862962696124733,0.646683644704481,0.17542910211404808,0,0,5,0,1.18961004,5,Typec,Toyota,Distribution
2026-01-10 12:00:00,3.6862962696124733,0.9197261684047269,0.2494987112095074,0,0,5,0,1.18961004,5,Typec,Toyota,Distribution
2026-01-10 13:00:00,3.6862962696124733,0.9084085350978023,0.24642852029723047,0,0,5,0,1.18961004,5,Typec,Toyota,Distribution
2026-01-10 14:00:00,3.6862962696124733,1.3395497032276162,0.3633863382794346,0,0,5,0,1.18961004,5,Typec,Toyota,Distribution
2026-01-10 15:00:00,3.6862962696124733,0.9105347427147373,0.24700530725666778,0,0,5,0,1.18961004,5,Typec,Toyota,Distribution
2026-01-10 16:00:00,3.6862962696124733,1.8174714267788648,0.49303455117293893,0,0,5,0,1.18961004,5,Typec,Toyota,Distribution
2026-01-10 17:00:00,3.6862962696124733,0.43852550527455453,0.11896100400000001,0,0,5,0,1.18961004,5,Typec,Toyota,Distribution
2026-01-10 18:00:00,3.6862962696124733,1.0195126833176944,0.2765682974865371,0,0,5,0,1.18961004,5,Typec,Toyota,Distribution
2026-01-10 19:00:00,3.6862962696124733,1.9733647737354953,0.535324518,0,0,5,0,1.18961004,5,Typec,Toyota,Distribution
2026-01-10 20:00:00,3.6862962696124733,1.826442853707737,0.4954682749630822,0,0,5,0,1.18961004,5,Typec,Toyota,Distribution
2026-01-10 21:00:00,3.6862962696124733,1.3009600269179824,0.35291792405355077,0,0,5,0,1.18961004,5,Typec,Toyota,Distribution
2026-01-10 22:00:00,0.0,0.0,0.0,1,1,5,100,1.0,5,Typec,Toyota,Distribution
2026-01-10 23:00:00,0.0,0.0,0.0,1,1,5,100,1.0,5,Typec,Toyota,Distribution
2026-01-11 00:00:00,0.0,0.0,0.0,1,1,5,100,1.0,5,Typec,Toyota,Distribution
2026-01-11 01:00:00,0.0,0.0,0.0,1,1,5,100,1.0,5,Typec,Toyota,Distribution
2026-01-11 02:00:00,0.0,0.0,0.0,1,1,5,100,1.0,5,Typec,Toyota,Distribution
2026-01-11 03:00:00,0.0,0.0,0.0,1,1,5,100,1.0,5,Typec,Toyota,Distribution
2026-01-11 04:00:00,0.0,0.0,0.0,1,1,5,100,1.0,5,Typec,Toyota,Distribution
2026-01-11 05:00:00,0.0,0.0,0.0,1,1,5,100,1.0,5,Typec,Toyota,Distribution
2026-01-11 06:00:00,0.0,0.0,0.0,1,1,5,100,1.0,5,Typec,Toyota,Distribution
2026-01-11 07:00:00,0.0,0.0,0.0,1,1,5,100,1.0,5,Typec,Toyota,Distribution
2026-01-11 08:00:00,6.147022938516229,2.2436001558002885,0.36498971587404705,0,0,5,0,1.122069513044,5,Typec,Toyota,Distribution
2026-01-11 09:00:00,6.147022938516229,1.2182994325123526,0.1981934091832796,0,0,5,0,1.122069513044,5,Typec,Toyota,Distribution
2026-01-11 10:00:00,6.147022938516229,1.4126865329007876,0.22981637567173005,0,0,5,0,1.122069513044,5,Typec,Toyota,Distribution
2026-01-11 11:00:00,6.147022938516229,1.9623751667269511,0.3192399290445189,0,0,5,0,1.122069513044,5,Typec,Toyota,Distribution
2026-01-11 12:00:00,6.147022938516229,2.68236246542955,0.4363677331708509,0,0,5,0,1.122069513044,5,Typec,Toyota,Distribution
2026-01-11 13:00:00,6.147022938516229,1.6382742946537214,0.26651507746759256,0,0,5,0,1.122069513044,5,Typec,Toyota,Distribution
2026-01-11 14:00:00,6.147022938516229,2.495713965679223,0.40600368514024765,0,0,5,0,1.122069513044,5,Typec,Toyota,Distribution
2026-01-11 15:00:00,6.147022938516229,3.1038241658810413,0.5049312808698,0,0,5,0,1.122069513044,5,Typec,Toyota,Distribution
2026-01-11 16:00:00,6.147022938516229,2.698786169984211,0.43903954759531855,0,0,5,0,1.122069513044,5,Typec,Toyota,Distribution
2026-01-11 17:00:00,6.147022938516229,2.4692362350312815,0.4016962779753847,0,0,5,0,1.122069513044,5,Typec,Toyota,Distribution
2026-01-11 18:00:00,6.147022938516229,3.1038241658810413,0.5049312808698,0,0,5,0,1.122069513044,5,Typec,Toyota,Distribution
2026-01-11 19:00:00,0.0,0.0,0.0,1,1,5,100,1.0,5,Typec,Toyota,Distribution
2026-01-11 20:00:00,0.0,0.0,0.0,1,1,5,100,1.0,5,Typec,Toyota,Distribution
2026-01-11 21:00:00,0.0,0.0,0.0,1,1,5,100,1.0,5,Typec,Toyota,Distribution
2026-01-11 22:00:00,0.0,0.0,0.0,1,1,5,100,1.0,5,Typec,Toyota,Distribution
2026-01-11 23:00:00,0.0,0.0,0.0,1,1,5,100,1.0,5,Typec,Toyota,Distribution
2026-01-12 00:00:00,0.0,0.0,0.0,1,1,5,100,1.0,5,Typec,Toyota,Distribution
2026-01-12 01:00:00,0.0,0.0,0.0,1,1,5,100,1.0,5,Typec,Toyota,Distribution
2026-01-12 02:00:00,0.0,0.0,0.0,1,1,5,100,1.0,5,Typec,Toyota,Distribution
2026-01-12 03:00:00,0.0,0.0,0.0,1,1,5,100,1.0,5,Typec,Toyota,Distribution
2026-01-12 04:00:00,0.0,0.0,0.0,1,1,5,100,1.0,5,Typec,Toyota,Distribution
2026-01-12 05:00:00,0.0,0.0,0.0,1,1,5,100,1.0,5,Typec,Toyota,Distribution
2026-01-12 06:00:00,0.0,0.0,0.0,1,1,5,100,1.0,5,Typec,Toyota,Distribution
2026-01-12 07:00:00,5.822961259252891,2.281986560494012,0.39189451189768004,0,0,5,0,1.119889326784,5,Typec,Toyota,Distribution
2026-01-12 08:00:00,5.822961259252891,0.6521072164514033,0.1119889326784,0,0,5,0,1.119889326784,5,Typec,Toyota,Distribution
2026-01-12 09:00:00,5.822961259252891,1.0281113659339542,0.17656160159064235,0,0,5,0,1.119889326784,5,Typec,Toyota,Distribution
2026-01-12 10:00:00,5.822961259252891,1.3824853197199072,0.23741963206832076,0,0,5,0,1.119889326784,5,Typec,Toyota,Distribution
2026-01-12 11:00:00,5.822961259252891,1.5520289874699393,0.2665360318177818,0,0,5,0,1.119889326784,5,Typec,Toyota,Distribution
2026-01-12 12:00:00,5.822961259252891,2.8905116027813067,0.4963989066882733,0,0,5,0,1.119889326784,5,Typec,Toyota,Distribution
2026-01-12 13:00:00,5.822961259252891,0.6521072164514033,0.1119889326784,0,0,5,0,1.119889326784,5,Typec,Toyota,Distribution
2026-01-12 14:00:00,5.822961259252891,2.75786414443745,0.47361883784734204,0,0,5,0,1.119889326784,5,Typec,Toyota,Distribution
2026-01-12 15:00:00,5.822961259252891,2.3356680524600817,0.40111344528501247,0,0,5,0,1.119889326784,5,Typec,Toyota,Distribution
2026-01-12 16:00:00,5.822961259252891,0.6521072164514033,0.1119889326784,0,0,5,0,1.119889326784,5,Typec,Toyota,Distribution
2026-01-12 17:00:00,5.822961259252891,1.4935495899074238,0.25649313526414425,0,0,5,0,1.119889326784,5,Typec,Toyota,Distribution
2026-01-12 18:00:00,5.822961259252891,1.5573728030793976,0.26745374625405194,0,0,5,0,1.119889326784,5,Typec,Toyota,Distribution
2026-01-12 19:00:00,5.822961259252891,2.4179957131410306,0.4152518977004613,0,0,5,0,1.119889326784,5,Typec,Toyota,Distribution
2026-01-12 20:00:00,5.822961259252891,1.8841670712923253,0.32357540904094406,0,0,5,0,1.119889326784,5,Typec,Toyota,Distribution
2026-01-12 21:00:00,5.822961259252891,2.8169931333846177,0.4837732912799851,0,0,5,0,1.119889326784,5,Typec,Toyota,Distribution
2026-01-12 22:00:00,5.822961259252891,1.381894229934143,0.2373181218985897,0,0,5,0,1.119889326784,5,Typec,Toyota,Distribution
2026-01-12 23:00:00,5.822961259252891,2.934482474031315,0.5039501970528,0,0,5,0,1.119889326784,5,Typec,Toyota,Distribution
2026-01-13 00:00:00,0.0,0.0,0.0,1,1,5,100,1.0,5,Typec,Toyota,Distribution
2026-01-13 01:00:00,0.0,0.0,0.0,1,1,5,100,1.0,5,Typec,Toyota,Distribution
2026-01-13 02:00:00,0.0,0.0,0.0,1,1,5,100,1.0,5,Typec,Toyota,Distribution
2026-01-13 03:00:00,0.0,0.0,0.0,1,1,5,100,1.0,5,Typec,Toyota,Distribution
2026-01-13 04:00:00,0.0,0.0,0.0,1,1,5,100,1.0,5,Typec,Toyota,Distribution
2026-01-13 05:00:00,0.0,0.0,0.0,1,1,5,100,1.0,5,Typec,Toyota,Distribution
2026-01-13 06:00:00,6.72771683242574,0.9765220002214073,0.14514909359960584,0,0,5,0,1.12425024,5,Typec,Toyota,Distribution
2026-01-13 07:00:00,6.72771683242574,3.101107239015631,0.460944970821178,0,0,5,0,1.12425024,5,Typec,Toyota,Distribution
2026-01-13 08:00:00,6.72771683242574,2.457825013007675,0.36532824942358405,0,0,5,0,1.12425024,5,Typec,Toyota,Distribution
2026-01-13 09:00:00,6.72771683242574,3.0284583260834124,0.4501465209544906,0,0,5,0,1.12425024,5,Typec,Toyota,Distribution
2026-01-13 10:00:00,6.72771683242574,2.352440179190018,0.34966397037579,0,0,5,0,1.12425024,5,Typec,Toyota,Distribution
2026-01-13 11:00:00,6.72771683242574,3.4036367685780053,0.505912608,0,0,5,0,1.12425024,5,Typec,Toyota,Distribution
2026-01-13 12:00:00,6.72771683242574,2.5833726491549998,0.38398950394342635,0,0,5,0,1.12425024,5,Typec,Toyota,Distribution
2026-01-13 13:00:00,6.72771683242574,2.809466228784131,0.4175957904832258,0,0,5,0,1.12425024,5,Typec,Toyota,Distribution
2026-01-13 14:00:00,6.72771683242574,2.3038373854456364,0.342439707679398,0,0,5,0,1.12425024,5,Typec,Toyota,Distribution
2026-01-13 15:00:00,6.72771683242574,2.500468499688814,0.3716667276537629,0,0,5,0,1.12425024,5,Typec,Toyota,Distribution
2026-01-13 16:00:00,6.72771683242574,2.3194012391244287,0.3447531007764112,0,0,5,0,1.12425024,5,Typec,Toyota,Distribution
2026-01-13 17:00:00,6.72771683242574,1.9418634383938644,0.28863632146861745,0,0,5,0,1.12425024,5,Typec,Toyota,Distribution
2026-01-13 18:00:00,6.72771683242574,2.991385412451351,0.44463604621908265,0,0,5,0,1.12425024,5,Typec,Toyota,Distribution
2026-01-13 19:00:00,6.72771683242574,2.520231330285112,0.3746042517928656,0,0,5,0,1.12425024,5,Typec,Toyota,Distribution
2026-01-13 20:00:00,6.72771683242574,2.6049290089098314,0.38719361616927633,0,0,5,0,1.12425024,5,Typec,Toyota,Distribution
2026-01-13 21:00:00,6.72771683242574,1.396783614016679,0.20761629075774518,0,0,5,0,1.12425024,5,Typec,Toyota,Distribution
2026-01-13 22:00:00,6.72771683242574,0.756363726350668,0.11242502400000001,0,0,5,0,1.12425024,5,Typec,Toyota,Distribution
2026-01-13 23:00:00,6.72771683242574,2.460631940756436,0.36574546789735096,0,0,5,0,1.12425024,5,Typec,Toyota,Distribution
2026-01-14 00:00:00,0.0,0.0,0.0,1,1,5,100,1.0,5,Typec,Toyota,Distribution
2026-01-14 01:00:00,0.0,0.0,0.0,1,1,5,100,1.0,5,Typec,Toyota,Distribution
2026-01-14 02:00:00,0.0,0.0,0.0,1,1,5,100,1.0,5,Typec,Toyota,Distribution
2026-01-14 03:00:00,0.0,0.0,0.0,1,1,5,100,1.0,5,Typec,Toyota,Distribution
2026-01-14 04:00:00,0.0,0.0,0.0,1,1,5,100,1.0,5,Typec,Toyota,Distribution
2026-01-14 05:00:00,0.0,0.0,0.0,1,1,5,100,1.0,5,Typec,Toyota,Distribution
2026-01-14 06:00:00,6.248400401900296,1.877124804161457,0.3004168560629655,0,0,5,0,1.102475,5,Typec,Toyota,Distribution
2026-01-14 07:00:00,6.248400401900296,2.7655198940084613,0.44259645927418434,0,0,5,0,1.102475,5,Typec,Toyota,Distribution
2026-01-14 08:00:00,6.248400401900296,1.9566658826979875,0.3131466866468602,0,0,5,0,1.102475,5,Typec,Toyota,Distribution
2026-01-14 09:00:00,6.248400401900296,0.6888705233085031,0.11024750000000001,0,0,5,0,1.102475,5,Typec,Toyota,Distribution
2026-01-14 10:00:00,6.248400401900296,1.7589522378274476,0.281504405078219,0,0,5,0,1.102475,5,Typec,Toyota,Distribution
2026-01-14 11:00:00,6.248400401900296,2.0526443181463727,0.32850716761398835,0,0,5,0,1.102475,5,Typec,Toyota,Distribution
2026-01-14 12:00:00,6.248400401900296,0.8850824249738168,0.1416494411441112,0,0,5,0,1.102475,5,Typec,Toyota,Distribution
2026-01-14 13:00:00,6.248400401900296,1.2972644976111527,0.20761545582396126,0,0,5,0,1.102475,5,Typec,Toyota,Distribution
2026-01-14 14:00:00,6.248400401900296,3.0999173548882633,0.4961137500000001,0,0,5,0,1.102475,5,Typec,Toyota,Distribution
2026-01-14 15:00:00,6.248400401900296,1.4714186213300169,0.23548724900576493,0,0,5,0,1.102475,5,Typec,Toyota,Distribution
2026-01-14 16:00:00,6.248400401900296,2.9666823310284554,0.47479068884993547,0,0,5,0,1.102475,5,Typec,Toyota,Distribution
2026-01-14 17:00:00,6.248400401900296,1.7261163380612514,0.27624931615078574,0,0,5,0,1.102475,5,Typec,Toyota,Distribution
2026-01-14 18:00:00,6.248400401900296,3.0999173548882633,0.4961137500000001,0,0,5,0,1.102475,5,Typec,Toyota,Distribution
2026-01-14 19:00:00,6.248400401900296,3.0999173548882633,0.4961137500000001,0,0,5,0,1.102475,5,Typec,Toyota,Distribution
2026-01-14 20:00:00,6.248400401900296,3.0999173548882633,0.4961137500000001,0,0,5,0,1.102475,5,Typec,Toyota,Distribution
2026-01-14 21:00:00,6.248400401900296,3.0999173548882633,0.4961137500000001,0,0,5,0,1.102475,5,Typec,Toyota,Distribution
2026-01-14 22:00:00,6.248400401900296,3.0999173548882633,0.4961137500000001,0,0,5,0,1.102475,5,Typec,Toyota,Distribution
2026-01-14 23:00:00,6.248400401900296,1.977963530101458,0.3165551825871961,0,0,5,0,1.102475,5,Typec,Toyota,Distribution
2026-01-01 00:00:00,0.0,0.0,0.0,1,1,6,100,1.0,6,Typec,Toyota,Distribution
2026-01-01 01:00:00,0.0,0.0,0.0,1,1,6,100,1.0,6,Typec,Toyota,Distribution
2026-01-01 02:00:00,0.0,0.0,0.0,1,1,6,100,1.0,6,Typec,Toyota,Distribution
2026-01-01 03:00:00,0.0,0.0,0.0,1,1,6,100,1.0,6,Typec,Toyota,Distribution
2026-01-01 04:00:00,0.0,0.0,0.0,1,1,6,100,1.0,6,Typec,Toyota,Distribution
2026-01-01 05:00:00,0.0,0.0,0.0,1,1,6,100,1.0,6,Typec,Toyota,Distribution
2026-01-01 06:00:00,7.5199061454095055,1.5206324304271999,0.20221428313376802,0,0,6,0,1.1329772784640002,6,Typec,Toyota,Distribution
2026-01-01 07:00:00,7.5199061454095055,0.8519882798930772,0.11329772784640002,0,0,6,0,1.1329772784640002,6,Typec,Toyota,Distribution
2026-01-01 08:00:00,7.5199061454095055,2.9441994498550947,0.39152077072828473,0,0,6,0,1.1329772784640002,6,Typec,Toyota,Distribution
2026-01-01 09:00:00,7.5199061454095055,3.658978184837097,0.486572320729123,0,0,6,0,1.1329772784640002,6,Typec,Toyota,Distribution
2026-01-01 10:00:00,7.5199061454095055,1.8929003798259607,0.25171861765608256,0,0,6,0,1.1329772784640002,6,Typec,Toyota,Distribution
2026-01-01 11:00:00,7.5199061454095055,0.8519882798930772,0.11329772784640002,0,0,6,0,1.1329772784640002,6,Typec,Toyota,Distribution
2026-01-01 12:00:00,7.5199061454095055,2.9695250556394286,0.3948885794874132,0,0,6,0,1.1329772784640002,6,Typec,Toyota,Distribution
2026-01-01 13:00:00,7.5199061454095055,2.459554341983735,0.3270724786219784,0,0,6,0,1.1329772784640002,6,Typec,Toyota,Distribution
2026-01-01 14:00:00,7.5199061454095055,2.365762896533147,0.31460005627561144,0,0,6,0,1.1329772784640002,6,Typec,Toyota,Distribution
2026-01-01 15:00:00,7.5199061454095055,3.395453517862496,0.4515287095617857,0,0,6,0,1.1329772784640002,6,Typec,Toyota,Distribution
2026-01-01 16:00:00,7.5199061454095055,3.833947259518847,0.5098397753088001,0,0,6,0,1.1329772784640002,6,Typec,Toyota,Distribution
2026-01-01 17:00:00,7.5199061454095055,0.9383414478666354,0.12478100520435909,0,0,6,0,1.1329772784640002,6,Typec,Toyota,Distribution
2026-01-01 18:00:00,7.5199061454095055,0.9651222903493306,0.12834233189711886,0,0,6,0,1.1329772784640002,6,Typec,Toyota,Distribution
2026-01-01 19:00:00,7.5199061454095055,2.5211561153917037,0.335264306048651,0,0,6,0,1.1329772784640002,6,Typec,Toyota,Distribution
2026-01-01 20:00:00,7.5199061454095055,1.9042256476991892,0.25322465611643513,0,0,6,0,1.1329772784640002,6,Typec,Toyota,Distribution
2026-01-01 21:00:00,7.5199061454095055,3.833947259518847,0.5098397753088001,0,0,6,0,1.1329772784640002,6,Typec,Toyota,Distribution
2026-01-01 22:00:00,0.0,0.0,0.0,1,1,6,100,1.0,6,Typec,Toyota,Distribution
2026-01-01 23:00:00,0.0,0.0,0.0,1,1,6,100,1.0,6,Typec,Toyota,Distribution
2026-01-02 00:00:00,0.0,0.0,0.0,1,1,6,100,1.0,6,Typec,Toyota,Distribution
2026-01-02 01:00:00,0.0,0.0,0.0,1,1,6,100,1.0,6,Typec,Toyota,Distribution
2026-01-02 02:00:00,0.0,0.0,0.0,1,1,6,100,1.0,6,Typec,Toyota,Distribution
2026-01-02 03:00:00,0.0,0.0,0.0,1,1,6,100,1.0,6,Typec,Toyota,Distribution
2026-01-02 04:00:00,0.0,0.0,0.0,1,1,6,100,1.0,6,Typec,Toyota,Distribution
2026-01-02 05:00:00,0.0,0.0,0.0,1,1,6,100,1.0,6,Typec,Toyota,Distribution
2026-01-02 06:00:00,5.748691150527663,1.14149647943964,0.1985663257165701,0,0,6,0,1.23259004,6,Typec,Toyota,Distribution
2026-01-02 07:00:00,5.748691150527663,1.929041010716446,0.3355617757512303,0,0,6,0,1.23259004,6,Typec,Toyota,Distribution
2026-01-02 08:00:00,5.748691150527663,1.7705301602351904,0.30798839490145097,0,0,6,0,1.23259004,6,Typec,Toyota,Distribution
2026-01-02 09:00:00,5.748691150527663,1.5052981692422782,0.26185058995630844,0,0,6,0,1.23259004,6,Typec,Toyota,Distribution
2026-01-02 10:00:00,5.748691150527663,0.708577945517654,0.123259004,0,0,6,0,1.23259004,6,Typec,Toyota,Distribution
2026-01-02 11:00:00,5.748691150527663,3.085283237713874,0.5366931631786621,0,0,6,0,1.23259004,6,Typec,Toyota,Distribution
2026-01-02 12:00:00,5.748691150527663,0.708577945517654,0.123259004,0,0,6,0,1.23259004,6,Typec,Toyota,Distribution
2026-01-02 13:00:00,5.748691150527663,0.708577945517654,0.123259004,0,0,6,0,1.23259004,6,Typec,Toyota,Distribution
2026-01-02 14:00:00,5.748691150527663,1.5195907904029953,0.2643368291343177,0,0,6,0,1.23259004,6,Typec,Toyota,Distribution
2026-01-02 15:00:00,5.748691150527663,1.538501034448416,0.2676263160018954,0,0,6,0,1.23259004,6,Typec,Toyota,Distribution
2026-01-02 16:00:00,5.748691150527663,1.8901712612396586,0.32880028022833735,0,0,6,0,1.23259004,6,Typec,Toyota,Distribution
2026-01-02 17:00:00,5.748691150527663,2.5457715236192384,0.44284367640546596,0,0,6,0,1.23259004,6,Typec,Toyota,Distribution
2026-01-02 18:00:00,5.748691150527663,0.9327550533484003,0.16225520364975324,0,0,6,0,1.23259004,6,Typec,Toyota,Distribution
2026-01-02 19:00:00,5.748691150527663,1.9988206475916934,0.34770012777747245,0,0,6,0,1.23259004,6,Typec,Toyota,Distribution
2026-01-02 20:00:00,5.748691150527663,2.8623287629275604,0.49790964377427577,0,0,6,0,1.23259004,6,Typec,Toyota,Distribution
2026-01-02 21:00:00,5.748691150527663,2.8830116502494474,0.5015074866189011,0,0,6,0,1.23259004,6,Typec,Toyota,Distribution
2026-01-02 22:00:00,5.748691150527663,3.0606792807271774,0.5324132399157054,0,0,6,0,1.23259004,6,Typec,Toyota,Distribution
2026-01-02 23:00:00,0.0,0.0,0.0,1,1,6,100,1.0,6,Typec,Toyota,Distribution
2026-01-03 00:00:00,0.0,0.0,0.0,1,1,6,100,1.0,6,Typec,Toyota,Distribution
2026-01-03 01:00:00,0.0,0.0,0.0,1,1,6,100,1.0,6,Typec,Toyota,Distribution
2026-01-03 02:00:00,0.0,0.0,0.0,1,1,6,100,1.0,6,Typec,Toyota,Distribution
2026-01-03 03:00:00,0.0,0.0,0.0,1,1,6,100,1.0,6,Typec,Toyota,Distribution
2026-01-03 04:00:00,0.0,0.0,0.0,1,1,6,100,1.0,6,Typec,Toyota,Distribution
2026-01-03 05:00:00,0.0,0.0,0.0,1,1,6,100,1.0,6,Typec,Toyota,Distribution
2026-01-03 06:00:00,6.413571221624146,2.0522548451001827,0.3199862875430076,0,0,6,0,1.209049010004,6,Typec,Toyota,Distribution
2026-01-03 07:00:00,6.413571221624146,2.9461868135308293,0.45936759906826913,0,0,6,0,1.209049010004,6,Typec,Toyota,Distribution
2026-01-03 08:00:00,6.413571221624146,3.489444871242668,0.5440720545018,0,0,6,0,1.209049010004,6,Typec,Toyota,Distribution
2026-01-03 09:00:00,6.413571221624146,2.05557102014045,0.3205033434742003,0,0,6,0,1.209049010004,6,Typec,Toyota,Distribution
2026-01-03 10:00:00,6.413571221624146,2.0912317805400273,0.32606354685657524,0,0,6,0,1.209049010004,6,Typec,Toyota,Distribution
2026-01-03 11:00:00,6.413571221624146,3.489444871242668,0.5440720545018,0,0,6,0,1.209049010004,6,Typec,Toyota,Distribution
2026-01-03 12:00:00,6.413571221624146,1.1599639097043202,0.18086084485868945,0,0,6,0,1.209049010004,6,Typec,Toyota,Distribution
2026-01-03 13:00:00,6.413571221624146,2.2585869801386,0.35215746455321106,0,0,6,0,1.209049010004,6,Typec,Toyota,Distribution
2026-01-03 14:00:00,6.413571221624146,1.5268517528859626,0.23806576712487323,0,0,6,0,1.209049010004,6,Typec,Toyota,Distribution
2026-01-03 15:00:00,6.413571221624146,3.0706400234231332,0.47877226545330814,0,0,6,0,1.209049010004,6,Typec,Toyota,Distribution
2026-01-03 16:00:00,6.413571221624146,1.762138164054872,0.27475147669891087,0,0,6,0,1.209049010004,6,Typec,Toyota,Distribution
2026-01-03 17:00:00,6.413571221624146,0.7754321936094818,0.1209049010004,0,0,6,0,1.209049010004,6,Typec,Toyota,Distribution
2026-01-03 18:00:00,6.413571221624146,1.144314097608767,0.1784207359778856,0,0,6,0,1.209049010004,6,Typec,Toyota,Distribution
2026-01-03 19:00:00,0.0,0.0,0.0,1,1,6,100,1.0,6,Typec,Toyota,Distribution
2026-01-03 20:00:00,0.0,0.0,0.0,1,1,6,100,1.0,6,Typec,Toyota,Distribution
2026-01-03 21:00:00,0.0,0.0,0.0,1,1,6,100,1.0,6,Typec,Toyota,Distribution
2026-01-03 22:00:00,0.0,0.0,0.0,1,1,6,100,1.0,6,Typec,Toyota,Distribution
2026-01-03 23:00:00,0.0,0.0,0.0,1,1,6,100,1.0,6,Typec,Toyota,Distribution
2026-01-04 00:00:00,0.0,0.0,0.0,1,1,6,100,1.0,6,Typec,Toyota,Distribution
2026-01-04 01:00:00,0.0,0.0,0.0,1,1,6,100,1.0,6,Typec,Toyota,Distribution
2026-01-04 02:00:00,0.0,0.0,0.0,1,1,6,100,1.0,6,Typec,Toyota,Distribution
2026-01-04 03:00:00,0.0,0.0,0.0,1,1,6,100,1.0,6,Typec,Toyota,Distribution
2026-01-04 04:00:00,0.0,0.0,0.0,1,1,6,100,1.0,6,Typec,Toyota,Distribution
2026-01-04 05:00:00,0.0,0.0,0.0,1,1,6,100,1.0,6,Typec,Toyota,Distribution
2026-01-04 06:00:00,0.0,0.0,0.0,1,1,6,100,1.0,6,Typec,Toyota,Distribution
2026-01-04 07:00:00,0.0,0.0,0.0,1,1,6,100,1.0,6,Typec,Toyota,Distribution
2026-01-04 08:00:00,5.560571465080873,1.0226319834409323,0.18390771341809545,0,0,6,0,1.3050301525,6,Typec,Toyota,Distribution
2026-01-04 09:00:00,5.560571465080873,0.8205401498612577,0.14756399679674356,0,0,6,0,1.3050301525,6,Typec,Toyota,Distribution
2026-01-04 10:00:00,5.560571465080873,2.7495646457086247,0.4944751925184789,0,0,6,0,1.3050301525,6,Typec,Toyota,Distribution
2026-01-04 11:00:00,5.560571465080873,1.7019323764146848,0.30607148691504715,0,0,6,0,1.3050301525,6,Typec,Toyota,Distribution
2026-01-04 12:00:00,5.560571465080873,0.7256713427061642,0.13050301525000002,0,0,6,0,1.3050301525,6,Typec,Toyota,Distribution
2026-01-04 13:00:00,5.560571465080873,1.3117062868128162,0.23589415135657085,0,0,6,0,1.3050301525,6,Typec,Toyota,Distribution
2026-01-04 14:00:00,5.560571465080873,3.2655210421777383,0.5872635686250001,0,0,6,0,1.3050301525,6,Typec,Toyota,Distribution
2026-01-04 15:00:00,5.560571465080873,2.9145772992493066,0.5241506772374369,0,0,6,0,1.3050301525,6,Typec,Toyota,Distribution
2026-01-04 16:00:00,5.560571465080873,2.3138190832050585,0.4161117427831505,0,0,6,0,1.3050301525,6,Typec,Toyota,Distribution
2026-01-04 17:00:00,5.560571465080873,1.841523040437315,0.33117514126050923,0,0,6,0,1.3050301525,6,Typec,Toyota,Distribution
2026-01-04 18:00:00,5.560571465080873,3.094401279103926,0.5564897957945625,0,0,6,0,1.3050301525,6,Typec,Toyota,Distribution
2026-01-04 19:00:00,5.560571465080873,2.5971083081014505,0.46705780591270185,0,0,6,0,1.3050301525,6,Typec,Toyota,Distribution
2026-01-04 20:00:00,5.560571465080873,0.7256713427061642,0.13050301525000002,0,0,6,0,1.3050301525,6,Typec,Toyota,Distribution
2026-01-04 21:00:00,0.0,0.0,0.0,1,1,6,100,1.0,6,Typec,Toyota,Distribution
2026-01-04 22:00:00,0.0,0.0,0.0,1,1,6,100,1.0,6,Typec,Toyota,Distribution
2026-01-04 23:00:00,0.0,0.0,0.0,1,1,6,100,1.0,6,Typec,Toyota,Distribution
2026-01-05 00:00:00,0.0,0.0,0.0,1,1,6,100,1.0,6,Typec,Toyota,Distribution
2026-01-05 01:00:00,0.0,0.0,0.0,1,1,6,100,1.0,6,Typec,Toyota,Distribution
2026-01-05 02:00:00,0.0,0.0,0.0,1,1,6,100,1.0,6,Typec,Toyota,Distribution
2026-01-05 03:00:00,0.0,0.0,0.0,1,1,6,100,1.0,6,Typec,Toyota,Distribution
2026-01-05 04:00:00,0.0,0.0,0.0,1,1,6,100,1.0,6,Typec,Toyota,Distribution
2026-01-05 05:00:00,0.0,0.0,0.0,1,1,6,100,1.0,6,Typec,Toyota,Distribution
2026-01-05 06:00:00,7.4567195443012375,1.4421622144175201,0.1934043792111889,0,0,6,0,1.226197579604,6,Typec,Toyota,Distribution
2026-01-05 07:00:00,7.4567195443012375,2.036312382129699,0.2730842121702084,0,0,6,0,1.226197579604,6,Typec,Toyota,Distribution
2026-01-05 08:00:00,7.4567195443012375,2.8808507210892533,0.3863429091001458,0,0,6,0,1.226197579604,6,Typec,Toyota,Distribution
2026-01-05 09:00:00,7.4567195443012375,2.987605306515303,0.40065947079886705,0,0,6,0,1.226197579604,6,Typec,Toyota,Distribution
2026-01-05 10:00:00,7.4567195443012375,2.546305209758407,0.34147793740002047,0,0,6,0,1.226197579604,6,Typec,Toyota,Distribution
2026-01-05 11:00:00,7.4567195443012375,2.3082331617765726,0.30955075459967224,0,0,6,0,1.226197579604,6,Typec,Toyota,Distribution
2026-01-05 12:00:00,7.4567195443012375,2.831921124349684,0.37978109643589403,0,0,6,0,1.226197579604,6,Typec,Toyota,Distribution
2026-01-05 13:00:00,7.4567195443012375,2.4002627490834905,0.3218925875947527,0,0,6,0,1.226197579604,6,Typec,Toyota,Distribution
2026-01-05 14:00:00,7.4567195443012375,3.1797569652886897,0.4264283974202575,0,0,6,0,1.226197579604,6,Typec,Toyota,Distribution
2026-01-05 15:00:00,7.4567195443012375,0.914341145700802,0.12261975796040002,0,0,6,0,1.226197579604,6,Typec,Toyota,Distribution
2026-01-05 16:00:00,7.4567195443012375,4.114535155653609,0.5517889108218,0,0,6,0,1.226197579604,6,Typec,Toyota,Distribution
2026-01-05 17:00:00,7.4567195443012375,1.3813635610258355,0.18525084024134125,0,0,6,0,1.226197579604,6,Typec,Toyota,Distribution
2026-01-05 18:00:00,7.4567195443012375,2.8489306628885225,0.382062198526134,0,0,6,0,1.226197579604,6,Typec,Toyota,Distribution
2026-01-05 19:00:00,7.4567195443012375,1.220059004031093,0.16361873298071364,0,0,6,0,1.226197579604,6,Typec,Toyota,Distribution
2026-01-05 20:00:00,7.4567195443012375,3.859901572364738,0.5176407064034814,0,0,6,0,1.226197579604,6,Typec,Toyota,Distribution
2026-01-05 21:00:00,7.4567195443012375,2.119896162343228,0.2842934013742476,0,0,6,0,1.226197579604,6,Typec,Toyota,Distribution
2026-01-05 22:00:00,7.4567195443012375,2.4432333157340564,0.3276552512426575,0,0,6,0,1.226197579604,6,Typec,Toyota,Distribution
2026-01-05 23:00:00,0.0,0.0,0.0,1,1,6,100,1.0,6,Typec,Toyota,Distribution
2026-01-06 00:00:00,0.0,0.0,0.0,1,1,6,100,1.0,6,Typec,Toyota,Distribution
2026-01-06 01:00:00,0.0,0.0,0.0,1,1,6,100,1.0,6,Typec,Toyota,Distribution
2026-01-06 02:00:00,0.0,0.0,0.0,1,1,6,100,1.0,6,Typec,Toyota,Distribution
2026-01-06 03:00:00,0.0,0.0,0.0,1,1,6,100,1.0,6,Typec,Toyota,Distribution
2026-01-06 04:00:00,0.0,0.0,0.0,1,1,6,100,1.0,6,Typec,Toyota,Distribution
2026-01-06 05:00:00,0.0,0.0,0.0,1,1,6,100,1.0,6,Typec,Toyota,Distribution
2026-01-06 06:00:00,0.0,0.0,0.0,1,1,6,100,1.0,6,Typec,Toyota,Distribution
2026-01-06 07:00:00,6.908037767918991,2.221081500812255,0.3215213314447966,0,0,6,0,1.3306301459840002,6,Typec,Toyota,Distribution
2026-01-06 08:00:00,6.908037767918991,2.8186754480716347,0.40802837835681743,0,0,6,0,1.3306301459840002,6,Typec,Toyota,Distribution
2026-01-06 09:00:00,6.908037767918991,4.136419486615065,0.5987835656928001,0,0,6,0,1.3306301459840002,6,Typec,Toyota,Distribution
2026-01-06 10:00:00,6.908037767918991,1.6637574792520304,0.24084371498061863,0,0,6,0,1.3306301459840002,6,Typec,Toyota,Distribution
2026-01-06 11:00:00,6.908037767918991,1.3195786526285445,0.19102076406656074,0,0,6,0,1.3306301459840002,6,Typec,Toyota,Distribution
2026-01-06 12:00:00,6.908037767918991,4.136419486615065,0.5987835656928001,0,0,6,0,1.3306301459840002,6,Typec,Toyota,Distribution
2026-01-06 13:00:00,6.908037767918991,2.735373840396225,0.39596972863977864,0,0,6,0,1.3306301459840002,6,Typec,Toyota,Distribution
2026-01-06 14:00:00,6.908037767918991,3.828406134318021,0.5541958893301343,0,0,6,0,1.3306301459840002,6,Typec,Toyota,Distribution
2026-01-06 15:00:00,6.908037767918991,0.9192043303589034,0.13306301459840003,0,0,6,0,1.3306301459840002,6,Typec,Toyota,Distribution
2026-01-06 16:00:00,6.908037767918991,3.140756697087005,0.4546525080787364,0,0,6,0,1.3306301459840002,6,Typec,Toyota,Distribution
2026-01-06 17:00:00,6.908037767918991,2.1657527170173907,0.31351199715137223,0,0,6,0,1.3306301459840002,6,Typec,Toyota,Distribution
2026-01-06 18:00:00,6.908037767918991,0.9192043303589034,0.13306301459840003,0,0,6,0,1.3306301459840002,6,Typec,Toyota,Distribution
2026-01-06 19:00:00,6.908037767918991,1.770856491852496,0.25634725103507316,0,0,6,0,1.3306301459840002,6,Typec,Toyota,Distribution
2026-01-06 20:00:00,6.908037767918991,2.9433166883521245,0.4260713081247069,0,0,6,0,1.3306301459840002,6,Typec,Toyota,Distribution
2026-01-06 21:00:00,6.908037767918991,2.3336978898653813,0.33782355688660276,0,0,6,0,1.3306301459840002,6,Typec,Toyota,Distribution
2026-01-06 22:00:00,6.908037767918991,0.9192043303589034,0.13306301459840003,0,0,6,0,1.3306301459840002,6,Typec,Toyota,Distribution
2026-01-06 23:00:00,0.0,0.0,0.0,1,1,6,100,1.0,6,Typec,Toyota,Distribution
2026-01-07 00:00:00,0.0,0.0,0.0,1,1,6,100,1.0,6,Typec,Toyota,Distribution
2026-01-07 01:00:00,0.0,0.0,0.0,1,1,6,100,1.0,6,Typec,Toyota,Distribution
2026-01-07 02:00:00,0.0,0.0,0.0,1,1,6,100,1.0,6,Typec,Toyota,Distribution
2026-01-07 03:00:00,0.0,0.0,0.0,1,1,6,100,1.0,6,Typec,Toyota,Distribution
2026-01-07 04:00:00,0.0,0.0,0.0,1,1,6,100,1.0,6,Typec,Toyota,Distribution
2026-01-07 05:00:00,0.0,0.0,0.0,1,1,6,100,1.0,6,Typec,Toyota,Distribution
2026-01-07 06:00:00,7.027693112504087,2.2895429263513463,0.32578868907602926,0,0,6,0,1.282756305344,6,Typec,Toyota,Distribution
2026-01-07 07:00:00,7.027693112504087,1.41261508015189,0.20100693891121707,0,0,6,0,1.282756305344,6,Typec,Toyota,Distribution
2026-01-07 08:00:00,7.027693112504087,1.3471102829947947,0.19168598591733274,0,0,6,0,1.282756305344,6,Typec,Toyota,Distribution
2026-01-07 09:00:00,7.027693112504087,1.9271325002467432,0.2742197858380975,0,0,6,0,1.282756305344,6,Typec,Toyota,Distribution
2026-01-07 10:00:00,7.027693112504087,2.7294372332466397,0.388383099482569,0,0,6,0,1.282756305344,6,Typec,Toyota,Distribution
2026-01-07 11:00:00,7.027693112504087,2.7779937917049984,0.39529241633534445,0,0,6,0,1.282756305344,6,Typec,Toyota,Distribution
2026-01-07 12:00:00,7.027693112504087,0.9014817652087219,0.12827563053440003,0,0,6,0,1.282756305344,6,Typec,Toyota,Distribution
2026-01-07 13:00:00,7.027693112504087,2.6046328692268172,0.3706241618024697,0,0,6,0,1.282756305344,6,Typec,Toyota,Distribution
2026-01-07 14:00:00,7.027693112504087,0.9014817652087219,0.12827563053440003,0,0,6,0,1.282756305344,6,Typec,Toyota,Distribution
2026-01-07 15:00:00,7.027693112504087,3.054115078289472,0.43458287511949123,0,0,6,0,1.282756305344,6,Typec,Toyota,Distribution
2026-01-07 16:00:00,7.027693112504087,0.9014817652087219,0.12827563053440003,0,0,6,0,1.282756305344,6,Typec,Toyota,Distribution
2026-01-07 17:00:00,7.027693112504087,1.8467118716926914,0.2627763964830667,0,0,6,0,1.282756305344,6,Typec,Toyota,Distribution
2026-01-07 18:00:00,7.027693112504087,2.651148625206674,0.3772430842902906,0,0,6,0,1.282756305344,6,Typec,Toyota,Distribution
2026-01-07 19:00:00,7.027693112504087,3.869728659260821,0.5506399606971413,0,0,6,0,1.282756305344,6,Typec,Toyota,Distribution
2026-01-07 20:00:00,7.027693112504087,2.057886495628249,0.29282532157910196,0,0,6,0,1.282756305344,6,Typec,Toyota,Distribution
2026-01-07 21:00:00,7.027693112504087,3.1755533185859552,0.451862832902567,0,0,6,0,1.282756305344,6,Typec,Toyota,Distribution
2026-01-07 22:00:00,7.027693112504087,3.136010268236849,0.4462360860147797,0,0,6,0,1.282756305344,6,Typec,Toyota,Distribution
2026-01-07 23:00:00,7.027693112504087,3.7065188393001978,0.5274161492204804,0,0,6,0,1.282756305344,6,Typec,Toyota,Distribution
2026-01-08 00:00:00,0.0,0.0,0.0,1,1,6,100,1.0,6,Typec,Toyota,Distribution
2026-01-08 01:00:00,0.0,0.0,0.0,1,1,6,100,1.0,6,Typec,Toyota,Distribution
2026-01-08 02:00:00,0.0,0.0,0.0,1,1,6,100,1.0,6,Typec,Toyota,Distribution
2026-01-08 03:00:00,0.0,0.0,0.0,1,1,6,100,1.0,6,Typec,Toyota,Distribution
2026-01-08 04:00:00,0.0,0.0,0.0,1,1,6,100,1.0,6,Typec,Toyota,Distribution
2026-01-08 05:00:00,0.0,0.0,0.0,1,1,6,100,1.0,6,Typec,Toyota,Distribution
2026-01-08 06:00:00,7.085932009262481,3.536654389754,0.4991092752697895,0,0,6,0,1.176585222144,6,Typec,Toyota,Distribution
2026-01-08 07:00:00,7.085932009262481,1.6562021444567794,0.2337310239911772,0,0,6,0,1.176585222144,6,Typec,Toyota,Distribution
2026-01-08 08:00:00,7.085932009262481,2.6250278687616073,0.3704562597171781,0,0,6,0,1.176585222144,6,Typec,Toyota,Distribution
2026-01-08 09:00:00,7.085932009262481,2.3585133487690952,0.3328444791293692,0,0,6,0,1.176585222144,6,Typec,Toyota,Distribution
2026-01-08 10:00:00,7.085932009262481,0.8337202887215377,0.11765852221440001,0,0,6,0,1.176585222144,6,Typec,Toyota,Distribution
2026-01-08 11:00:00,7.085932009262481,3.459959236290221,0.48828569505994185,0,0,6,0,1.176585222144,6,Typec,Toyota,Distribution
2026-01-08 12:00:00,7.085932009262481,2.598820169459062,0.3667577061227762,0,0,6,0,1.176585222144,6,Typec,Toyota,Distribution
2026-01-08 13:00:00,7.085932009262481,2.3879884160045264,0.33700413902970444,0,0,6,0,1.176585222144,6,Typec,Toyota,Distribution
2026-01-08 14:00:00,7.085932009262481,1.1703987297617515,0.16517216482346253,0,0,6,0,1.176585222144,6,Typec,Toyota,Distribution
2026-01-08 15:00:00,7.085932009262481,1.4429623507438845,0.20363762294892115,0,0,6,0,1.176585222144,6,Typec,Toyota,Distribution
2026-01-08 16:00:00,7.085932009262481,1.1030100957347895,0.1556619643390557,0,0,6,0,1.176585222144,6,Typec,Toyota,Distribution
2026-01-08 17:00:00,7.085932009262481,2.69291836236286,0.38003728498139294,0,0,6,0,1.176585222144,6,Typec,Toyota,Distribution
2026-01-08 18:00:00,7.085932009262481,1.195888280267951,0.16876936988736668,0,0,6,0,1.176585222144,6,Typec,Toyota,Distribution
2026-01-08 19:00:00,7.085932009262481,3.75174129924692,0.5294633499648,0,0,6,0,1.176585222144,6,Typec,Toyota,Distribution
2026-01-08 20:00:00,7.085932009262481,1.3806469405525692,0.1948433796355703,0,0,6,0,1.176585222144,6,Typec,Toyota,Distribution
2026-01-08 21:00:00,7.085932009262481,0.8337202887215377,0.11765852221440001,0,0,6,0,1.176585222144,6,Typec,Toyota,Distribution
2026-01-08 22:00:00,7.085932009262481,2.7176399157114086,0.38352610667996895,0,0,6,0,1.176585222144,6,Typec,Toyota,Distribution
2026-01-08 23:00:00,7.085932009262481,1.2046933334527687,0.17001198034048817,0,0,6,0,1.176585222144,6,Typec,Toyota,Distribution
2026-01-09 00:00:00,0.0,0.0,0.0,1,1,6,100,1.0,6,Typec,Toyota,Distribution
2026-01-09 01:00:00,0.0,0.0,0.0,1,1,6,100,1.0,6,Typec,Toyota,Distribution
2026-01-09 02:00:00,0.0,0.0,0.0,1,1,6,100,1.0,6,Typec,Toyota,Distribution
2026-01-09 03:00:00,0.0,0.0,0.0,1,1,6,100,1.0,6,Typec,Toyota,Distribution
2026-01-09 04:00:00,0.0,0.0,0.0,1,1,6,100,1.0,6,Typec,Toyota,Distribution
2026-01-09 05:00:00,0.0,0.0,0.0,1,1,6,100,1.0,6,Typec,Toyota,Distribution
2026-01-09 06:00:00,6.404490979777625,2.829193582648332,0.4417515133648554,0,0,6,0,1.137342385344,6,Typec,Toyota,Distribution
2026-01-09 07:00:00,6.404490979777625,3.1635827229213556,0.4939631787928914,0,0,6,0,1.137342385344,6,Typec,Toyota,Distribution
2026-01-09 08:00:00,6.404490979777625,1.3580199606137398,0.2120418257909534,0,0,6,0,1.137342385344,6,Typec,Toyota,Distribution
2026-01-09 09:00:00,6.404490979777625,1.2581979563137373,0.19645557473443798,0,0,6,0,1.137342385344,6,Typec,Toyota,Distribution
2026-01-09 10:00:00,6.404490979777625,3.274821582020861,0.5113320625106991,0,0,6,0,1.137342385344,6,Typec,Toyota,Distribution
2026-01-09 11:00:00,6.404490979777625,1.7046631022747452,0.2661668363117804,0,0,6,0,1.137342385344,6,Typec,Toyota,Distribution
2026-01-09 12:00:00,6.404490979777625,2.640682051096162,0.4123172410476017,0,0,6,0,1.137342385344,6,Typec,Toyota,Distribution
2026-01-09 13:00:00,6.404490979777625,0.8100297080656946,0.12647839002715253,0,0,6,0,1.137342385344,6,Typec,Toyota,Distribution
2026-01-09 14:00:00,6.404490979777625,1.1808467647240877,0.18437792612287962,0,0,6,0,1.137342385344,6,Typec,Toyota,Distribution
2026-01-09 15:00:00,6.404490979777625,2.4651109237351325,0.38490348905460164,0,0,6,0,1.137342385344,6,Typec,Toyota,Distribution
2026-01-09 16:00:00,6.404490979777625,0.9944347320187179,0.15527147046637674,0,0,6,0,1.137342385344,6,Typec,Toyota,Distribution
2026-01-09 17:00:00,6.404490979777625,2.2463313010971704,0.3507431438642087,0,0,6,0,1.137342385344,6,Typec,Toyota,Distribution
2026-01-09 18:00:00,6.404490979777625,2.8484791646668777,0.44476277250776636,0,0,6,0,1.137342385344,6,Typec,Toyota,Distribution
2026-01-09 19:00:00,6.404490979777625,0.9335059767688026,0.14575802818934028,0,0,6,0,1.137342385344,6,Typec,Toyota,Distribution
2026-01-09 20:00:00,6.404490979777625,1.3851078352667752,0.21627133829063,0,0,6,0,1.137342385344,6,Typec,Toyota,Distribution
2026-01-09 21:00:00,6.404490979777625,1.7976043442322742,0.28067872215110684,0,0,6,0,1.137342385344,6,Typec,Toyota,Distribution
2026-01-09 22:00:00,6.404490979777625,0.7284099047854417,0.1137342385344,0,0,6,0,1.137342385344,6,Typec,Toyota,Distribution
2026-01-09 23:00:00,0.0,0.0,0.0,1,1,6,100,1.0,6,Typec,Toyota,Distribution
2026-01-10 00:00:00,0.0,0.0,0.0,1,1,6,100,1.0,6,Typec,Toyota,Distribution
2026-01-10 01:00:00,0.0,0.0,0.0,1,1,6,100,1.0,6,Typec,Toyota,Distribution
2026-01-10 02:00:00,0.0,0.0,0.0,1,1,6,100,1.0,6,Typec,Toyota,Distribution
2026-01-10 03:00:00,0.0,0.0,0.0,1,1,6,100,1.0,6,Typec,Toyota,Distribution
2026-01-10 04:00:00,0.0,0.0,0.0,1,1,6,100,1.0,6,Typec,Toyota,Distribution
2026-01-10 05:00:00,0.0,0.0,0.0,1,1,6,100,1.0,6,Typec,Toyota,Distribution
2026-01-10 06:00:00,0.0,0.0,0.0,1,1,6,100,1.0,6,Typec,Toyota,Distribution
2026-01-10 07:00:00,0.0,0.0,0.0,1,1,6,100,1.0,6,Typec,Toyota,Distribution
2026-01-10 08:00:00,7.470142684197987,3.998950531809514,0.535324518,0,0,6,0,1.18961004,6,Typec,Toyota,Distribution
2026-01-10 09:00:00,7.470142684197987,0.8886556737354476,0.11896100400000001,0,0,6,0,1.18961004,6,Typec,Toyota,Distribution
2026-01-10 10:00:00,7.470142684197987,1.2294104101297922,0.16457656327374218,0,0,6,0,1.18961004,6,Typec,Toyota,Distribution
2026-01-10 11:00:00,7.470142684197987,3.265601876812706,0.43715388244465764,0,0,6,0,1.18961004,6,Typec,Toyota,Distribution
2026-01-10 12:00:00,7.470142684197987,1.948357206749229,0.2608192760321297,0,0,6,0,1.18961004,6,Typec,Toyota,Distribution
2026-01-10 13:00:00,7.470142684197987,2.629717839737808,0.35203046995348536,0,0,6,0,1.18961004,6,Typec,Toyota,Distribution
2026-01-10 14:00:00,7.470142684197987,2.991468128076456,0.4004566250661418,0,0,6,0,1.18961004,6,Typec,Toyota,Distribution
2026-01-10 15:00:00,7.470142684197987,3.115606705674484,0.41707459112730233,0,0,6,0,1.18961004,6,Typec,Toyota,Distribution
2026-01-10 16:00:00,7.470142684197987,3.6092934674986066,0.48316258739388573,0,0,6,0,1.18961004,6,Typec,Toyota,Distribution
2026-01-10 17:00:00,7.470142684197987,2.3438209631680906,0.3137585267448916,0,0,6,0,1.18961004,6,Typec,Toyota,Distribution
2026-01-10 18:00:00,7.470142684197987,0.8886556737354476,0.11896100400000001,0,0,6,0,1.18961004,6,Typec,Toyota,Distribution
2026-01-10 19:00:00,7.470142684197987,2.842236538891371,0.3804795516026372,0,0,6,0,1.18961004,6,Typec,Toyota,Distribution
2026-01-10 20:00:00,0.0,0.0,0.0,1,1,6,100,1.0,6,Typec,Toyota,Distribution
2026-01-10 21:00:00,0.0,0.0,0.0,1,1,6,100,1.0,6,Typec,Toyota,Distribution
2026-01-10 22:00:00,0.0,0.0,0.0,1,1,6,100,1.0,6,Typec,Toyota,Distribution
2026-01-10 23:00:00,0.0,0.0,0.0,1,1,6,100,1.0,6,Typec,Toyota,Distribution
2026-01-11 00:00:00,0.0,0.0,0.0,1,1,6,100,1.0,6,Typec,Toyota,Distribution
2026-01-11 01:00:00,0.0,0.0,0.0,1,1,6,100,1.0,6,Typec,Toyota,Distribution
2026-01-11 02:00:00,0.0,0.0,0.0,1,1,6,100,1.0,6,Typec,Toyota,Distribution
2026-01-11 03:00:00,0.0,0.0,0.0,1,1,6,100,1.0,6,Typec,Toyota,Distribution
2026-01-11 04:00:00,0.0,0.0,0.0,1,1,6,100,1.0,6,Typec,Toyota,Distribution
2026-01-11 05:00:00,0.0,0.0,0.0,1,1,6,100,1.0,6,Typec,Toyota,Distribution
2026-01-11 06:00:00,0.0,0.0,0.0,1,1,6,100,1.0,6,Typec,Toyota,Distribution
2026-01-11 07:00:00,0.0,0.0,0.0,1,1,6,100,1.0,6,Typec,Toyota,Distribution
2026-01-11 08:00:00,5.772653115111681,0.6477318069845294,0.1122069513044,0,0,6,0,1.122069513044,6,Typec,Toyota,Distribution
2026-01-11 09:00:00,5.772653115111681,1.4663846487374375,0.2540226511963326,0,0,6,0,1.122069513044,6,Typec,Toyota,Distribution
2026-01-11 10:00:00,5.772653115111681,0.928615070583958,0.16086451966999796,0,0,6,0,1.122069513044,6,Typec,Toyota,Distribution
2026-01-11 11:00:00,5.772653115111681,1.521912653143719,0.263641799151182,0,0,6,0,1.122069513044,6,Typec,Toyota,Distribution
2026-01-11 12:00:00,5.772653115111681,1.9129379610081003,0.3313793368252808,0,0,6,0,1.122069513044,6,Typec,Toyota,Distribution
2026-01-11 13:00:00,5.772653115111681,2.914793131430382,0.5049312808698,0,0,6,0,1.122069513044,6,Typec,Toyota,Distribution
2026-01-11 14:00:00,5.772653115111681,1.6745628368279788,0.29008547775793064,0,0,6,0,1.122069513044,6,Typec,Toyota,Distribution
2026-01-11 15:00:00,5.772653115111681,2.238455523304634,0.3877689302765818,0,0,6,0,1.122069513044,6,Typec,Toyota,Distribution
2026-01-11 16:00:00,5.772653115111681,2.2097324799079825,0.38279322104481445,0,0,6,0,1.122069513044,6,Typec,Toyota,Distribution
2026-01-11 17:00:00,5.772653115111681,1.7070149341814278,0.2957071731389498,0,0,6,0,1.122069513044,6,Typec,Toyota,Distribution
2026-01-11 18:00:00,5.772653115111681,2.5531971423742803,0.4422918009208812,0,0,6,0,1.122069513044,6,Typec,Toyota,Distribution
2026-01-11 19:00:00,0.0,0.0,0.0,1,1,6,100,1.0,6,Typec,Toyota,Distribution
2026-01-11 20:00:00,0.0,0.0,0.0,1,1,6,100,1.0,6,Typec,Toyota,Distribution
2026-01-11 21:00:00,0.0,0.0,0.0,1,1,6,100,1.0,6,Typec,Toyota,Distribution
2026-01-11 22:00:00,0.0,0.0,0.0,1,1,6,100,1.0,6,Typec,Toyota,Distribution
2026-01-11 23:00:00,0.0,0.0,0.0,1,1,6,100,1.0,6,Typec,Toyota,Distribution
2026-01-12 00:00:00,0.0,0.0,0.0,1,1,6,100,1.0,6,Typec,Toyota,Distribution
2026-01-12 01:00:00,0.0,0.0,0.0,1,1,6,100,1.0,6,Typec,Toyota,Distribution
2026-01-12 02:00:00,0.0,0.0,0.0,1,1,6,100,1.0,6,Typec,Toyota,Distribution
2026-01-12 03:00:00,0.0,0.0,0.0,1,1,6,100,1.0,6,Typec,Toyota,Distribution
2026-01-12 04:00:00,0.0,0.0,0.0,1,1,6,100,1.0,6,Typec,Toyota,Distribution
2026-01-12 05:00:00,0.0,0.0,0.0,1,1,6,100,1.0,6,Typec,Toyota,Distribution
2026-01-12 06:00:00,0.0,0.0,0.0,1,1,6,100,1.0,6,Typec,Toyota,Distribution
2026-01-12 07:00:00,8.577533802878085,0.9605888555972143,0.1119889326784,0,0,6,0,1.119889326784,6,Typec,Toyota,Distribution
2026-01-12 08:00:00,8.577533802878085,1.8259078530915547,0.21287095977154807,0,0,6,0,1.119889326784,6,Typec,Toyota,Distribution
2026-01-12 09:00:00,8.577533802878085,4.322649850187464,0.5039501970528,0,0,6,0,1.119889326784,6,Typec,Toyota,Distribution
2026-01-12 10:00:00,8.577533802878085,4.322649850187464,0.5039501970528,0,0,6,0,1.119889326784,6,Typec,Toyota,Distribution
2026-01-12 11:00:00,8.577533802878085,2.0028980242971866,0.23350511584403658,0,0,6,0,1.119889326784,6,Typec,Toyota,Distribution
2026-01-12 12:00:00,8.577533802878085,2.5840821349342162,0.30126166731831,0,0,6,0,1.119889326784,6,Typec,Toyota,Distribution
2026-01-12 13:00:00,8.577533802878085,2.8833531638073877,0.3361517692696139,0,0,6,0,1.119889326784,6,Typec,Toyota,Distribution
2026-01-12 14:00:00,8.577533802878085,2.3650297584780935,0.2757237468052341,0,0,6,0,1.119889326784,6,Typec,Toyota,Distribution
2026-01-12 15:00:00,8.577533802878085,2.4205699490489883,0.28219882365684135,0,0,6,0,1.119889326784,6,Typec,Toyota,Distribution
2026-01-12 16:00:00,8.577533802878085,2.987754861579782,0.3483232978431724,0,0,6,0,1.119889326784,6,Typec,Toyota,Distribution
2026-01-12 17:00:00,8.577533802878085,1.6547708091940307,0.192919182508939,0,0,6,0,1.119889326784,6,Typec,Toyota,Distribution
2026-01-12 18:00:00,8.577533802878085,2.829716408600778,0.3298986018162122,0,0,6,0,1.119889326784,6,Typec,Toyota,Distribution
2026-01-12 19:00:00,8.577533802878085,2.532517300828508,0.2952500519413579,0,0,6,0,1.119889326784,6,Typec,Toyota,Distribution
2026-01-12 20:00:00,8.577533802878085,3.4868298746244135,0.4065072729243516,0,0,6,0,1.119889326784,6,Typec,Toyota,Distribution
2026-01-12 21:00:00,8.577533802878085,0.9605888555972143,0.1119889326784,0,0,6,0,1.119889326784,6,Typec,Toyota,Distribution
2026-01-12 22:00:00,8.577533802878085,1.0827196777966626,0.12622738687819213,0,0,6,0,1.119889326784,6,Typec,Toyota,Distribution
2026-01-12 23:00:00,8.577533802878085,2.9480733594153716,0.34369708440276653,0,0,6,0,1.119889326784,6,Typec,Toyota,Distribution
2026-01-13 00:00:00,0.0,0.0,0.0,1,1,6,100,1.0,6,Typec,Toyota,Distribution
2026-01-13 01:00:00,0.0,0.0,0.0,1,1,6,100,1.0,6,Typec,Toyota,Distribution
2026-01-13 02:00:00,0.0,0.0,0.0,1,1,6,100,1.0,6,Typec,Toyota,Distribution
2026-01-13 03:00:00,0.0,0.0,0.0,1,1,6,100,1.0,6,Typec,Toyota,Distribution
2026-01-13 04:00:00,0.0,0.0,0.0,1,1,6,100,1.0,6,Typec,Toyota,Distribution
2026-01-13 05:00:00,0.0,0.0,0.0,1,1,6,100,1.0,6,Typec,Toyota,Distribution
2026-01-13 06:00:00,7.4746460149270755,3.781517659288564,0.505912608,0,0,6,0,1.12425024,6,Typec,Toyota,Distribution
2026-01-13 07:00:00,7.4746460149270755,2.644358275694448,0.3537770578584713,0,0,6,0,1.12425024,6,Typec,Toyota,Distribution
2026-01-13 08:00:00,7.4746460149270755,1.3678982219635236,0.18300508401759666,0,0,6,0,1.12425024,6,Typec,Toyota,Distribution
2026-01-13 09:00:00,7.4746460149270755,2.5142228920693457,0.33636681751194275,0,0,6,0,1.12425024,6,Typec,Toyota,Distribution
2026-01-13 10:00:00,7.4746460149270755,0.8403372576196809,0.11242502400000001,0,0,6,0,1.12425024,6,Typec,Toyota,Distribution
2026-01-13 11:00:00,7.4746460149270755,2.3743421606596757,0.3176527899673173,0,0,6,0,1.12425024,6,Typec,Toyota,Distribution
2026-01-13 12:00:00,7.4746460149270755,3.0367440175651805,0.4062726196666328,0,0,6,0,1.12425024,6,Typec,Toyota,Distribution
2026-01-13 13:00:00,7.4746460149270755,1.041769514272579,0.13937375926460416,0,0,6,0,1.12425024,6,Typec,Toyota,Distribution
2026-01-13 14:00:00,7.4746460149270755,1.8667353766799677,0.2497423119371868,0,0,6,0,1.12425024,6,Typec,Toyota,Distribution
2026-01-13 15:00:00,7.4746460149270755,1.3066125904493555,0.1748059490496291,0,0,6,0,1.12425024,6,Typec,Toyota,Distribution
2026-01-13 16:00:00,7.4746460149270755,2.4362596195832857,0.3259364543441934,0,0,6,0,1.12425024,6,Typec,Toyota,Distribution
2026-01-13 17:00:00,7.4746460149270755,0.8403372576196809,0.11242502400000001,0,0,6,0,1.12425024,6,Typec,Toyota,Distribution
2026-01-13 18:00:00,7.4746460149270755,1.8936369661126948,0.253341357213579,0,0,6,0,1.12425024,6,Typec,Toyota,Distribution
2026-01-13 19:00:00,7.4746460149270755,3.00268710288818,0.40171629491105404,0,0,6,0,1.12425024,6,Typec,Toyota,Distribution
2026-01-13 20:00:00,7.4746460149270755,1.7020108623461976,0.2277045439940881,0,0,6,0,1.12425024,6,Typec,Toyota,Distribution
2026-01-13 21:00:00,7.4746460149270755,3.7083654735035396,0.4961258989519812,0,0,6,0,1.12425024,6,Typec,Toyota,Distribution
2026-01-13 22:00:00,7.4746460149270755,1.3231730334028224,0.17702149784222682,0,0,6,0,1.12425024,6,Typec,Toyota,Distribution
2026-01-13 23:00:00,0.0,0.0,0.0,1,1,6,100,1.0,6,Typec,Toyota,Distribution
2026-01-14 00:00:00,0.0,0.0,0.0,1,1,6,100,1.0,6,Typec,Toyota,Distribution
2026-01-14 01:00:00,0.0,0.0,0.0,1,1,6,100,1.0,6,Typec,Toyota,Distribution
2026-01-14 02:00:00,0.0,0.0,0.0,1,1,6,100,1.0,6,Typec,Toyota,Distribution
2026-01-14 03:00:00,0.0,0.0,0.0,1,1,6,100,1.0,6,Typec,Toyota,Distribution
2026-01-14 04:00:00,0.0,0.0,0.0,1,1,6,100,1.0,6,Typec,Toyota,Distribution
2026-01-14 05:00:00,0.0,0.0,0.0,1,1,6,100,1.0,6,Typec,Toyota,Distribution
2026-01-14 06:00:00,0.0,0.0,0.0,1,1,6,100,1.0,6,Typec,Toyota,Distribution
2026-01-14 07:00:00,6.492512560562765,1.8353932261795318,0.2826938275527097,0,0,6,0,1.102475,6,Typec,Toyota,Distribution
2026-01-14 08:00:00,6.492512560562765,1.4657878031794964,0.22576587869588094,0,0,6,0,1.102475,6,Typec,Toyota,Distribution
2026-01-14 09:00:00,6.492512560562765,1.610274705857654,0.2480202680914147,0,0,6,0,1.102475,6,Typec,Toyota,Distribution
2026-01-14 10:00:00,6.492512560562765,1.0604038336685115,0.16332719017128813,0,0,6,0,1.102475,6,Typec,Toyota,Distribution
2026-01-14 11:00:00,6.492512560562765,2.1717988080177824,0.334508218160387,0,0,6,0,1.102475,6,Typec,Toyota,Distribution
2026-01-14 12:00:00,6.492512560562765,1.982936356929063,0.3054189481240193,0,0,6,0,1.102475,6,Typec,Toyota,Distribution
2026-01-14 13:00:00,6.492512560562765,3.221024753342896,0.4961137500000001,0,0,6,0,1.102475,6,Typec,Toyota,Distribution
2026-01-14 14:00:00,6.492512560562765,1.8140220479893392,0.27940216227045717,0,0,6,0,1.102475,6,Typec,Toyota,Distribution
2026-01-14 15:00:00,6.492512560562765,3.221024753342896,0.4961137500000001,0,0,6,0,1.102475,6,Typec,Toyota,Distribution
2026-01-14 16:00:00,6.492512560562765,1.8370855778245883,0.28295448960446085,0,0,6,0,1.102475,6,Typec,Toyota,Distribution
2026-01-14 17:00:00,6.492512560562765,2.5693478795310534,0.39574014767995225,0,0,6,0,1.102475,6,Typec,Toyota,Distribution
2026-01-14 18:00:00,6.492512560562765,0.8273735699846801,0.12743503570718764,0,0,6,0,1.102475,6,Typec,Toyota,Distribution
2026-01-14 19:00:00,6.492512560562765,2.033579341512191,0.3132191616947634,0,0,6,0,1.102475,6,Typec,Toyota,Distribution
2026-01-14 20:00:00,6.492512560562765,2.63595886953384,0.4059998105425856,0,0,6,0,1.102475,6,Typec,Toyota,Distribution
2026-01-14 21:00:00,6.492512560562765,0.7157832785206435,0.11024750000000001,0,0,6,0,1.102475,6,Typec,Toyota,Distribution
2026-01-14 22:00:00,6.492512560562765,0.7157832785206435,0.11024750000000001,0,0,6,0,1.102475,6,Typec,Toyota,Distribution
2026-01-14 23:00:00,6.492512560562765,0.9234084811983186,0.14222667612648845,0,0,6,0,1.102475,6,Typec,Toyota,Distribution
2026-01-01 00:00:00,0.0,0.0,0.0,1,1,7,100,1.0,7,Typec,Toyota,Distribution
2026-01-01 01:00:00,0.0,0.0,0.0,1,1,7,100,1.0,7,Typec,Toyota,Distribution
2026-01-01 02:00:00,0.0,0.0,0.0,1,1,7,100,1.0,7,Typec,Toyota,Distribution
2026-01-01 03:00:00,0.0,0.0,0.0,1,1,7,100,1.0,7,Typec,Toyota,Distribution
2026-01-01 04:00:00,0.0,0.0,0.0,1,1,7,100,1.0,7,Typec,Toyota,Distribution
2026-01-01 05:00:00,0.0,0.0,0.0,1,1,7,100,1.0,7,Typec,Toyota,Distribution
2026-01-01 06:00:00,0.0,0.0,0.0,1,1,7,100,1.0,7,Typec,Toyota,Distribution
2026-01-01 07:00:00,6.753569097834656,1.9146865087152858,0.283507354552599,0,0,7,0,1.1329772784640002,7,Typec,Toyota,Distribution
2026-01-01 08:00:00,6.753569097834656,2.518844823116776,0.37296498882707424,0,0,7,0,1.1329772784640002,7,Typec,Toyota,Distribution
2026-01-01 09:00:00,6.753569097834656,0.8482895035001637,0.12560610415197265,0,0,7,0,1.1329772784640002,7,Typec,Toyota,Distribution
2026-01-01 10:00:00,6.753569097834656,3.4119626547286126,0.5052088170420235,0,0,7,0,1.1329772784640002,7,Typec,Toyota,Distribution
2026-01-01 11:00:00,6.753569097834656,2.703951169947514,0.40037365884276815,0,0,7,0,1.1329772784640002,7,Typec,Toyota,Distribution
2026-01-01 12:00:00,6.753569097834656,1.62210301317732,0.24018455866504754,0,0,7,0,1.1329772784640002,7,Typec,Toyota,Distribution
2026-01-01 13:00:00,6.753569097834656,3.443238151372477,0.5098397753088001,0,0,7,0,1.1329772784640002,7,Typec,Toyota,Distribution
2026-01-01 14:00:00,6.753569097834656,2.0234617452570287,0.29961368810245764,0,0,7,0,1.1329772784640002,7,Typec,Toyota,Distribution
2026-01-01 15:00:00,6.753569097834656,2.7686077918355707,0.4099473554987759,0,0,7,0,1.1329772784640002,7,Typec,Toyota,Distribution
2026-01-01 16:00:00,6.753569097834656,2.2511746222794,0.3333311008842978,0,0,7,0,1.1329772784640002,7,Typec,Toyota,Distribution
2026-01-01 17:00:00,6.753569097834656,1.2224902664902253,0.18101395703231685,0,0,7,0,1.1329772784640002,7,Typec,Toyota,Distribution
2026-01-01 18:00:00,6.753569097834656,0.7651640336383282,0.11329772784640002,0,0,7,0,1.1329772784640002,7,Typec,Toyota,Distribution
2026-01-01 19:00:00,6.753569097834656,2.1074663033614858,0.3120522308770316,0,0,7,0,1.1329772784640002,7,Typec,Toyota,Distribution
2026-01-01 20:00:00,6.753569097834656,2.271876550160683,0.3363964323529461,0,0,7,0,1.1329772784640002,7,Typec,Toyota,Distribution
2026-01-01 21:00:00,6.753569097834656,3.117999181229416,0.46168168801724646,0,0,7,0,1.1329772784640002,7,Typec,Toyota,Distribution
2026-01-01 22:00:00,6.753569097834656,1.4227055865802651,0.21065981053431676,0,0,7,0,1.1329772784640002,7,Typec,Toyota,Distribution
2026-01-01 23:00:00,0.0,0.0,0.0,1,1,7,100,1.0,7,Typec,Toyota,Distribution
2026-01-02 00:00:00,0.0,0.0,0.0,1,1,7,100,1.0,7,Typec,Toyota,Distribution
2026-01-02 01:00:00,0.0,0.0,0.0,1,1,7,100,1.0,7,Typec,Toyota,Distribution
2026-01-02 02:00:00,0.0,0.0,0.0,1,1,7,100,1.0,7,Typec,Toyota,Distribution
2026-01-02 03:00:00,0.0,0.0,0.0,1,1,7,100,1.0,7,Typec,Toyota,Distribution
2026-01-02 04:00:00,0.0,0.0,0.0,1,1,7,100,1.0,7,Typec,Toyota,Distribution
2026-01-02 05:00:00,0.0,0.0,0.0,1,1,7,100,1.0,7,Typec,Toyota,Distribution
2026-01-02 06:00:00,8.100048411954665,2.9220086705932404,0.3607396551211618,0,0,7,0,1.23259004,7,Typec,Toyota,Distribution
2026-01-02 07:00:00,8.100048411954665,2.963271562985048,0.3658338089204044,0,0,7,0,1.23259004,7,Typec,Toyota,Distribution
2026-01-02 08:00:00,8.100048411954665,4.240373108142312,0.5234997240120254,0,0,7,0,1.23259004,7,Typec,Toyota,Distribution
2026-01-02 09:00:00,8.100048411954665,2.2314860956324774,0.2754904640247682,0,0,7,0,1.23259004,7,Typec,Toyota,Distribution
2026-01-02 10:00:00,8.100048411954665,4.189586150209901,0.5172297666797389,0,0,7,0,1.23259004,7,Typec,Toyota,Distribution
2026-01-02 11:00:00,8.100048411954665,1.6040144009084198,0.19802528569348965,0,0,7,0,1.23259004,7,Typec,Toyota,Distribution
2026-01-02 12:00:00,8.100048411954665,1.7601037942808095,0.21729546599784702,0,0,7,0,1.23259004,7,Typec,Toyota,Distribution
2026-01-02 13:00:00,8.100048411954665,1.695962331278133,0.20937681418978968,0,0,7,0,1.23259004,7,Typec,Toyota,Distribution
2026-01-02 14:00:00,8.100048411954665,3.122909992397572,0.38554213920358116,0,0,7,0,1.23259004,7,Typec,Toyota,Distribution
2026-01-02 15:00:00,8.100048411954665,2.0925841632825204,0.2583421798064967,0,0,7,0,1.23259004,7,Typec,Toyota,Distribution
2026-01-02 16:00:00,8.100048411954665,2.8356615320016205,0.35007957826727754,0,0,7,0,1.23259004,7,Typec,Toyota,Distribution
2026-01-02 17:00:00,8.100048411954665,1.8064452484742672,0.22301659898824536,0,0,7,0,1.23259004,7,Typec,Toyota,Distribution
2026-01-02 18:00:00,8.100048411954665,3.355028729451893,0.4141986021343141,0,0,7,0,1.23259004,7,Typec,Toyota,Distribution
2026-01-02 19:00:00,8.100048411954665,0.9984038996093139,0.123259004,0,0,7,0,1.23259004,7,Typec,Toyota,Distribution
2026-01-02 20:00:00,8.100048411954665,2.84697959683786,0.3514768618711059,0,0,7,0,1.23259004,7,Typec,Toyota,Distribution
2026-01-02 21:00:00,8.100048411954665,2.0349562095665066,0.2512276601412856,0,0,7,0,1.23259004,7,Typec,Toyota,Distribution
2026-01-02 22:00:00,8.100048411954665,4.1175735415685555,0.5083393743044212,0,0,7,0,1.23259004,7,Typec,Toyota,Distribution
2026-01-02 23:00:00,8.100048411954665,4.492817548241912,0.5546655180000001,0,0,7,0,1.23259004,7,Typec,Toyota,Distribution
2026-01-03 00:00:00,0.0,0.0,0.0,1,1,7,100,1.0,7,Typec,Toyota,Distribution
2026-01-03 01:00:00,0.0,0.0,0.0,1,1,7,100,1.0,7,Typec,Toyota,Distribution
2026-01-03 02:00:00,0.0,0.0,0.0,1,1,7,100,1.0,7,Typec,Toyota,Distribution
2026-01-03 03:00:00,0.0,0.0,0.0,1,1,7,100,1.0,7,Typec,Toyota,Distribution
2026-01-03 04:00:00,0.0,0.0,0.0,1,1,7,100,1.0,7,Typec,Toyota,Distribution
2026-01-03 05:00:00,0.0,0.0,0.0,1,1,7,100,1.0,7,Typec,Toyota,Distribution
2026-01-03 06:00:00,0.0,0.0,0.0,1,1,7,100,1.0,7,Typec,Toyota,Distribution
2026-01-03 07:00:00,0.0,0.0,0.0,1,1,7,100,1.0,7,Typec,Toyota,Distribution
2026-01-03 08:00:00,7.263760107187612,3.3028159411870472,0.45469782763321925,0,0,7,0,1.209049010004,7,Typec,Toyota,Distribution
2026-01-03 09:00:00,7.263760107187612,1.9848063700148968,0.2732477863704361,0,0,7,0,1.209049010004,7,Typec,Toyota,Distribution
2026-01-03 10:00:00,7.263760107187612,2.931388375168612,0.40356348942030096,0,0,7,0,1.209049010004,7,Typec,Toyota,Distribution
2026-01-03 11:00:00,7.263760107187612,0.878224196650173,0.1209049010004,0,0,7,0,1.209049010004,7,Typec,Toyota,Distribution
2026-01-03 12:00:00,7.263760107187612,2.7421138669369047,0.3775061161812788,0,0,7,0,1.209049010004,7,Typec,Toyota,Distribution
2026-01-03 13:00:00,7.263760107187612,0.878224196650173,0.1209049010004,0,0,7,0,1.209049010004,7,Typec,Toyota,Distribution
2026-01-03 14:00:00,7.263760107187612,3.6377920636384995,0.5008139049139086,0,0,7,0,1.209049010004,7,Typec,Toyota,Distribution
2026-01-03 15:00:00,7.263760107187612,3.9520088849257786,0.5440720545018,0,0,7,0,1.209049010004,7,Typec,Toyota,Distribution
2026-01-03 16:00:00,7.263760107187612,3.138540318406825,0.4320820445737445,0,0,7,0,1.209049010004,7,Typec,Toyota,Distribution
2026-01-03 17:00:00,7.263760107187612,2.8352465630742394,0.39032767068790114,0,0,7,0,1.209049010004,7,Typec,Toyota,Distribution
2026-01-03 18:00:00,0.0,0.0,0.0,1,1,7,100,1.0,7,Typec,Toyota,Distribution
2026-01-03 19:00:00,0.0,0.0,0.0,1,1,7,100,1.0,7,Typec,Toyota,Distribution
2026-01-03 20:00:00,0.0,0.0,0.0,1,1,7,100,1.0,7,Typec,Toyota,Distribution
2026-01-03 21:00:00,0.0,0.0,0.0,1,1,7,100,1.0,7,Typec,Toyota,Distribution
2026-01-03 22:00:00,0.0,0.0,0.0,1,1,7,100,1.0,7,Typec,Toyota,Distribution
2026-01-03 23:00:00,0.0,0.0,0.0,1,1,7,100,1.0,7,Typec,Toyota,Distribution
2026-01-04 00:00:00,0.0,0.0,0.0,1,1,7,100,1.0,7,Typec,Toyota,Distribution
2026-01-04 01:00:00,0.0,0.0,0.0,1,1,7,100,1.0,7,Typec,Toyota,Distribution
2026-01-04 02:00:00,0.0,0.0,0.0,1,1,7,100,1.0,7,Typec,Toyota,Distribution
2026-01-04 03:00:00,0.0,0.0,0.0,1,1,7,100,1.0,7,Typec,Toyota,Distribution
2026-01-04 04:00:00,0.0,0.0,0.0,1,1,7,100,1.0,7,Typec,Toyota,Distribution
2026-01-04 05:00:00,0.0,0.0,0.0,1,1,7,100,1.0,7,Typec,Toyota,Distribution
2026-01-04 06:00:00,0.0,0.0,0.0,1,1,7,100,1.0,7,Typec,Toyota,Distribution
2026-01-04 07:00:00,5.325420148465797,1.1865406597161579,0.22280695731734687,0,0,7,0,1.3050301525,7,Typec,Toyota,Distribution
2026-01-04 08:00:00,5.325420148465797,3.127425240815502,0.5872635686250001,0,0,7,0,1.3050301525,7,Typec,Toyota,Distribution
2026-01-04 09:00:00,5.325420148465797,2.3747797667818267,0.44593284671932937,0,0,7,0,1.3050301525,7,Typec,Toyota,Distribution
2026-01-04 10:00:00,5.325420148465797,1.6109858665034853,0.302508688815397,0,0,7,0,1.3050301525,7,Typec,Toyota,Distribution
2026-01-04 11:00:00,5.325420148465797,1.1031731884809708,0.20715232934227445,0,0,7,0,1.3050301525,7,Typec,Toyota,Distribution
2026-01-04 12:00:00,5.325420148465797,1.6329162102825006,0.3066267383152723,0,0,7,0,1.3050301525,7,Typec,Toyota,Distribution
2026-01-04 13:00:00,5.325420148465797,2.1399413378903063,0.40183521266520217,0,0,7,0,1.3050301525,7,Typec,Toyota,Distribution
2026-01-04 14:00:00,5.325420148465797,3.127425240815502,0.5872635686250001,0,0,7,0,1.3050301525,7,Typec,Toyota,Distribution
2026-01-04 15:00:00,5.325420148465797,0.6949833868478892,0.13050301525000002,0,0,7,0,1.3050301525,7,Typec,Toyota,Distribution
2026-01-04 16:00:00,5.325420148465797,1.3061821039489179,0.24527306156777443,0,0,7,0,1.3050301525,7,Typec,Toyota,Distribution
2026-01-04 17:00:00,5.325420148465797,2.019522433321901,0.37922311799261627,0,0,7,0,1.3050301525,7,Typec,Toyota,Distribution
2026-01-04 18:00:00,5.325420148465797,3.127425240815502,0.5872635686250001,0,0,7,0,1.3050301525,7,Typec,Toyota,Distribution
2026-01-04 19:00:00,0.0,0.0,0.0,1,1,7,100,1.0,7,Typec,Toyota,Distribution
2026-01-04 20:00:00,0.0,0.0,0.0,1,1,7,100,1.0,7,Typec,Toyota,Distribution
2026-01-04 21:00:00,0.0,0.0,0.0,1,1,7,100,1.0,7,Typec,Toyota,Distribution
2026-01-04 22:00:00,0.0,0.0,0.0,1,1,7,100,1.0,7,Typec,Toyota,Distribution
2026-01-04 23:00:00,0.0,0.0,0.0,1,1,7,100,1.0,7,Typec,Toyota,Distribution
2026-01-05 00:00:00,0.0,0.0,0.0,1,1,7,100,1.0,7,Typec,Toyota,Distribution
2026-01-05 01:00:00,0.0,0.0,0.0,1,1,7,100,1.0,7,Typec,Toyota,Distribution
2026-01-05 02:00:00,0.0,0.0,0.0,1,1,7,100,1.0,7,Typec,Toyota,Distribution
2026-01-05 03:00:00,0.0,0.0,0.0,1,1,7,100,1.0,7,Typec,Toyota,Distribution
2026-01-05 04:00:00,0.0,0.0,0.0,1,1,7,100,1.0,7,Typec,Toyota,Distribution
2026-01-05 05:00:00,0.0,0.0,0.0,1,1,7,100,1.0,7,Typec,Toyota,Distribution
2026-01-05 06:00:00,6.124574144710986,1.645320581526795,0.2686424464217889,0,0,7,0,1.226197579604,7,Typec,Toyota,Distribution
2026-01-05 07:00:00,6.124574144710986,3.3741291073945656,0.550916525405831,0,0,7,0,1.226197579604,7,Typec,Toyota,Distribution
2026-01-05 08:00:00,6.124574144710986,3.2210333109641973,0.5259195553613785,0,0,7,0,1.226197579604,7,Typec,Toyota,Distribution
2026-01-05 09:00:00,6.124574144710986,2.5711028672752523,0.4198010843734476,0,0,7,0,1.226197579604,7,Typec,Toyota,Distribution
2026-01-05 10:00:00,6.124574144710986,1.131678111072625,0.1847766202732497,0,0,7,0,1.226197579604,7,Typec,Toyota,Distribution
2026-01-05 11:00:00,6.124574144710986,0.7509937992349851,0.12261975796040002,0,0,7,0,1.226197579604,7,Typec,Toyota,Distribution
2026-01-05 12:00:00,6.124574144710986,2.875311650379369,0.46947127791120125,0,0,7,0,1.226197579604,7,Typec,Toyota,Distribution
2026-01-05 13:00:00,6.124574144710986,2.4652038459459984,0.40251024605112845,0,0,7,0,1.226197579604,7,Typec,Toyota,Distribution
2026-01-05 14:00:00,6.124574144710986,1.654237758162401,0.2700984132245269,0,0,7,0,1.226197579604,7,Typec,Toyota,Distribution
2026-01-05 15:00:00,6.124574144710986,1.8925202204857419,0.3090043774096637,0,0,7,0,1.226197579604,7,Typec,Toyota,Distribution
2026-01-05 16:00:00,6.124574144710986,1.0751211642724314,0.17554219099476107,0,0,7,0,1.226197579604,7,Typec,Toyota,Distribution
2026-01-05 17:00:00,6.124574144710986,1.5552853373412507,0.2539417926198759,0,0,7,0,1.226197579604,7,Typec,Toyota,Distribution
2026-01-05 18:00:00,6.124574144710986,2.1117225089575555,0.3447949945681009,0,0,7,0,1.226197579604,7,Typec,Toyota,Distribution
2026-01-05 19:00:00,6.124574144710986,2.7902073157335483,0.4555757265414273,0,0,7,0,1.226197579604,7,Typec,Toyota,Distribution
2026-01-05 20:00:00,6.124574144710986,2.6209254824000374,0.42793595447993665,0,0,7,0,1.226197579604,7,Typec,Toyota,Distribution
2026-01-05 21:00:00,6.124574144710986,2.8938669958456336,0.4725009327129621,0,0,7,0,1.226197579604,7,Typec,Toyota,Distribution
2026-01-05 22:00:00,6.124574144710986,3.0680063661875976,0.5009338271848736,0,0,7,0,1.226197579604,7,Typec,Toyota,Distribution
2026-01-05 23:00:00,6.124574144710986,2.3234253859810865,0.37936113288587303,0,0,7,0,1.226197579604,7,Typec,Toyota,Distribution
2026-01-06 00:00:00,0.0,0.0,0.0,1,1,7,100,1.0,7,Typec,Toyota,Distribution
2026-01-06 01:00:00,0.0,0.0,0.0,1,1,7,100,1.0,7,Typec,Toyota,Distribution
2026-01-06 02:00:00,0.0,0.0,0.0,1,1,7,100,1.0,7,Typec,Toyota,Distribution
2026-01-06 03:00:00,0.0,0.0,0.0,1,1,7,100,1.0,7,Typec,Toyota,Distribution
2026-01-06 04:00:00,0.0,0.0,0.0,1,1,7,100,1.0,7,Typec,Toyota,Distribution
2026-01-06 05:00:00,7.403479911189406,3.834457041819828,0.5179263113856148,0,0,7,0,1.3306301459840002,7,Typec,Toyota,Distribution
2026-01-06 06:00:00,7.403479911189406,2.9860272639111423,0.403327529719929,0,0,7,0,1.3306301459840002,7,Typec,Toyota,Distribution
2026-01-06 07:00:00,7.403479911189406,1.0099688687587145,0.13641812780936663,0,0,7,0,1.3306301459840002,7,Typec,Toyota,Distribution
2026-01-06 08:00:00,7.403479911189406,2.6425213384306985,0.35692962905685316,0,0,7,0,1.3306301459840002,7,Typec,Toyota,Distribution
2026-01-06 09:00:00,7.403479911189406,2.1637342768887096,0.2922590866517385,0,0,7,0,1.3306301459840002,7,Typec,Toyota,Distribution
2026-01-06 10:00:00,7.403479911189406,2.8312163868689573,0.38241697429204047,0,0,7,0,1.3306301459840002,7,Typec,Toyota,Distribution
2026-01-06 11:00:00,7.403479911189406,0.9851293555015571,0.13306301459840003,0,0,7,0,1.3306301459840002,7,Typec,Toyota,Distribution
2026-01-06 12:00:00,7.403479911189406,0.9851293555015571,0.13306301459840003,0,0,7,0,1.3306301459840002,7,Typec,Toyota,Distribution
2026-01-06 13:00:00,7.403479911189406,3.1829066503581687,0.42992034672068413,0,0,7,0,1.3306301459840002,7,Typec,Toyota,Distribution
2026-01-06 14:00:00,7.403479911189406,2.460137796706228,0.33229478923661926,0,0,7,0,1.3306301459840002,7,Typec,Toyota,Distribution
2026-01-06 15:00:00,7.403479911189406,1.3838129393631633,0.18691385077870046,0,0,7,0,1.3306301459840002,7,Typec,Toyota,Distribution
2026-01-06 16:00:00,7.403479911189406,4.115080186727052,0.5558305332209572,0,0,7,0,1.3306301459840002,7,Typec,Toyota,Distribution
2026-01-06 17:00:00,7.403479911189406,4.433082099757007,0.5987835656928001,0,0,7,0,1.3306301459840002,7,Typec,Toyota,Distribution
2026-01-06 18:00:00,7.403479911189406,1.340404694019288,0.1810506289067441,0,0,7,0,1.3306301459840002,7,Typec,Toyota,Distribution
2026-01-06 19:00:00,7.403479911189406,2.7920052406256914,0.37712066138059425,0,0,7,0,1.3306301459840002,7,Typec,Toyota,Distribution
2026-01-06 20:00:00,7.403479911189406,1.2829712927146986,0.17329300654623953,0,0,7,0,1.3306301459840002,7,Typec,Toyota,Distribution
2026-01-06 21:00:00,7.403479911189406,3.3676808190791694,0.4548780923940044,0,0,7,0,1.3306301459840002,7,Typec,Toyota,Distribution
2026-01-06 22:00:00,7.403479911189406,0.9851293555015571,0.13306301459840003,0,0,7,0,1.3306301459840002,7,Typec,Toyota,Distribution
2026-01-06 23:00:00,7.403479911189406,1.4334291393916623,0.19361559112562987,0,0,7,0,1.3306301459840002,7,Typec,Toyota,Distribution
2026-01-07 00:00:00,0.0,0.0,0.0,1,1,7,100,1.0,7,Typec,Toyota,Distribution
2026-01-07 01:00:00,0.0,0.0,0.0,1,1,7,100,1.0,7,Typec,Toyota,Distribution
2026-01-07 02:00:00,0.0,0.0,0.0,1,1,7,100,1.0,7,Typec,Toyota,Distribution
2026-01-07 03:00:00,0.0,0.0,0.0,1,1,7,100,1.0,7,Typec,Toyota,Distribution
2026-01-07 04:00:00,0.0,0.0,0.0,1,1,7,100,1.0,7,Typec,Toyota,Distribution
2026-01-07 05:00:00,0.0,0.0,0.0,1,1,7,100,1.0,7,Typec,Toyota,Distribution
2026-01-07 06:00:00,8.108536424282441,3.1697073653444265,0.3909099249837713,0,0,7,0,1.282756305344,7,Typec,Toyota,Distribution
2026-01-07 07:00:00,8.108536424282441,4.680574301411907,0.5772403374048001,0,0,7,0,1.282756305344,7,Typec,Toyota,Distribution
2026-01-07 08:00:00,8.108536424282441,4.02234809588806,0.4960633936159466,0,0,7,0,1.282756305344,7,Typec,Toyota,Distribution
2026-01-07 09:00:00,8.108536424282441,3.651735760761758,0.4503569534233073,0,0,7,0,1.282756305344,7,Typec,Toyota,Distribution
2026-01-07 10:00:00,8.108536424282441,4.608577476407765,0.5683611980340333,0,0,7,0,1.282756305344,7,Typec,Toyota,Distribution
2026-01-07 11:00:00,8.108536424282441,4.486524262707812,0.5533087634991839,0,0,7,0,1.282756305344,7,Typec,Toyota,Distribution
2026-01-07 12:00:00,8.108536424282441,1.555596477396098,0.19184676444661336,0,0,7,0,1.282756305344,7,Typec,Toyota,Distribution
2026-01-07 13:00:00,8.108536424282441,2.1451121094883203,0.2645498518159706,0,0,7,0,1.282756305344,7,Typec,Toyota,Distribution
2026-01-07 14:00:00,8.108536424282441,3.2327825778497234,0.3986887902690535,0,0,7,0,1.282756305344,7,Typec,Toyota,Distribution
2026-01-07 15:00:00,8.108536424282441,2.0882191803722834,0.257533427872229,0,0,7,0,1.282756305344,7,Typec,Toyota,Distribution
2026-01-07 16:00:00,8.108536424282441,3.1948172118973703,0.39400664247248457,0,0,7,0,1.282756305344,7,Typec,Toyota,Distribution
2026-01-07 17:00:00,8.108536424282441,1.0960742650218298,0.1351753519586398,0,0,7,0,1.282756305344,7,Typec,Toyota,Distribution
2026-01-07 18:00:00,8.108536424282441,1.0401276225359795,0.12827563053440003,0,0,7,0,1.282756305344,7,Typec,Toyota,Distribution
2026-01-07 19:00:00,8.108536424282441,3.6589398083212576,0.4512454056892336,0,0,7,0,1.282756305344,7,Typec,Toyota,Distribution
2026-01-07 20:00:00,8.108536424282441,1.0401276225359795,0.12827563053440003,0,0,7,0,1.282756305344,7,Typec,Toyota,Distribution
2026-01-07 21:00:00,8.108536424282441,2.1661576161091007,0.2671453271914966,0,0,7,0,1.282756305344,7,Typec,Toyota,Distribution
2026-01-07 22:00:00,8.108536424282441,2.903382825195515,0.3580649667553843,0,0,7,0,1.282756305344,7,Typec,Toyota,Distribution
2026-01-07 23:00:00,8.108536424282441,4.680574301411907,0.5772403374048001,0,0,7,0,1.282756305344,7,Typec,Toyota,Distribution
2026-01-08 00:00:00,0.0,0.0,0.0,1,1,7,100,1.0,7,Typec,Toyota,Distribution
2026-01-08 01:00:00,0.0,0.0,0.0,1,1,7,100,1.0,7,Typec,Toyota,Distribution
2026-01-08 02:00:00,0.0,0.0,0.0,1,1,7,100,1.0,7,Typec,Toyota,Distribution
2026-01-08 03:00:00,0.0,0.0,0.0,1,1,7,100,1.0,7,Typec,Toyota,Distribution
2026-01-08 04:00:00,0.0,0.0,0.0,1,1,7,100,1.0,7,Typec,Toyota,Distribution
2026-01-08 05:00:00,0.0,0.0,0.0,1,1,7,100,1.0,7,Typec,Toyota,Distribution
2026-01-08 06:00:00,7.210265186150732,3.692228757298175,0.5120794675333302,0,0,7,0,1.176585222144,7,Typec,Toyota,Distribution
2026-01-08 07:00:00,7.210265186150732,2.225851008655412,0.3087058452344807,0,0,7,0,1.176585222144,7,Typec,Toyota,Distribution
2026-01-08 08:00:00,7.210265186150732,2.05387897858664,0.28485484591214083,0,0,7,0,1.176585222144,7,Typec,Toyota,Distribution
2026-01-08 09:00:00,7.210265186150732,3.817571159593939,0.5294633499648,0,0,7,0,1.176585222144,7,Typec,Toyota,Distribution
2026-01-08 10:00:00,7.210265186150732,3.504187172166502,0.4859997630735195,0,0,7,0,1.176585222144,7,Typec,Toyota,Distribution
2026-01-08 11:00:00,7.210265186150732,1.7590319978393456,0.24396217787080055,0,0,7,0,1.176585222144,7,Typec,Toyota,Distribution
2026-01-08 12:00:00,7.210265186150732,0.848349146576431,0.11765852221440001,0,0,7,0,1.176585222144,7,Typec,Toyota,Distribution
2026-01-08 13:00:00,7.210265186150732,3.4002192190369365,0.4715803276650599,0,0,7,0,1.176585222144,7,Typec,Toyota,Distribution
2026-01-08 14:00:00,7.210265186150732,2.7961810040429445,0.3878055705099125,0,0,7,0,1.176585222144,7,Typec,Toyota,Distribution
2026-01-08 15:00:00,7.210265186150732,2.808872336074954,0.3895657459964378,0,0,7,0,1.176585222144,7,Typec,Toyota,Distribution
2026-01-08 16:00:00,7.210265186150732,0.848349146576431,0.11765852221440001,0,0,7,0,1.176585222144,7,Typec,Toyota,Distribution
2026-01-08 17:00:00,7.210265186150732,3.0864366607890266,0.4280614625266994,0,0,7,0,1.176585222144,7,Typec,Toyota,Distribution
2026-01-08 18:00:00,7.210265186150732,1.7552206161716537,0.2434335729486109,0,0,7,0,1.176585222144,7,Typec,Toyota,Distribution
2026-01-08 19:00:00,7.210265186150732,3.2342736805407992,0.44856514941407405,0,0,7,0,1.176585222144,7,Typec,Toyota,Distribution
2026-01-08 20:00:00,7.210265186150732,2.511494955325385,0.34832213385845934,0,0,7,0,1.176585222144,7,Typec,Toyota,Distribution
2026-01-08 21:00:00,7.210265186150732,0.848349146576431,0.11765852221440001,0,0,7,0,1.176585222144,7,Typec,Toyota,Distribution
2026-01-08 22:00:00,7.210265186150732,2.4461609045720105,0.33926087895775675,0,0,7,0,1.176585222144,7,Typec,Toyota,Distribution
2026-01-08 23:00:00,7.210265186150732,2.6876993637215,0.3727601266155862,0,0,7,0,1.176585222144,7,Typec,Toyota,Distribution
2026-01-09 00:00:00,0.0,0.0,0.0,1,1,7,100,1.0,7,Typec,Toyota,Distribution
2026-01-09 01:00:00,0.0,0.0,0.0,1,1,7,100,1.0,7,Typec,Toyota,Distribution
2026-01-09 02:00:00,0.0,0.0,0.0,1,1,7,100,1.0,7,Typec,Toyota,Distribution
2026-01-09 03:00:00,0.0,0.0,0.0,1,1,7,100,1.0,7,Typec,Toyota,Distribution
2026-01-09 04:00:00,0.0,0.0,0.0,1,1,7,100,1.0,7,Typec,Toyota,Distribution
2026-01-09 05:00:00,6.7022017679315455,3.2497283134462536,0.4848747360897783,0,0,7,0,1.137342385344,7,Typec,Toyota,Distribution
2026-01-09 06:00:00,6.7022017679315455,2.409700397843914,0.3595386234675539,0,0,7,0,1.137342385344,7,Typec,Toyota,Distribution
2026-01-09 07:00:00,6.7022017679315455,3.305647378038573,0.49321812331215026,0,0,7,0,1.137342385344,7,Typec,Toyota,Distribution
2026-01-09 08:00:00,6.7022017679315455,2.136446694589644,0.3187678868177376,0,0,7,0,1.137342385344,7,Typec,Toyota,Distribution
2026-01-09 09:00:00,6.7022017679315455,2.328231518785737,0.3473830838584681,0,0,7,0,1.137342385344,7,Typec,Toyota,Distribution
2026-01-09 10:00:00,6.7022017679315455,2.318301685345917,0.34590150604513936,0,0,7,0,1.137342385344,7,Typec,Toyota,Distribution
2026-01-09 11:00:00,6.7022017679315455,0.7851390611021101,0.11714643758694572,0,0,7,0,1.137342385344,7,Typec,Toyota,Distribution
2026-01-09 12:00:00,6.7022017679315455,3.3916177429770076,0.5060453057687845,0,0,7,0,1.137342385344,7,Typec,Toyota,Distribution
2026-01-09 13:00:00,6.7022017679315455,2.2998461869074585,0.34314785894863387,0,0,7,0,1.137342385344,7,Typec,Toyota,Distribution
2026-01-09 14:00:00,6.7022017679315455,2.4141149520151943,0.36019729569559733,0,0,7,0,1.137342385344,7,Typec,Toyota,Distribution
2026-01-09 15:00:00,6.7022017679315455,0.7622698145796037,0.1137342385344,0,0,7,0,1.137342385344,7,Typec,Toyota,Distribution
2026-01-09 16:00:00,6.7022017679315455,2.5471965940308494,0.38005370208616884,0,0,7,0,1.137342385344,7,Typec,Toyota,Distribution
2026-01-09 17:00:00,6.7022017679315455,1.245723668286746,0.18586782544316108,0,0,7,0,1.137342385344,7,Typec,Toyota,Distribution
2026-01-09 18:00:00,6.7022017679315455,3.430214165608217,0.5118040734047999,0,0,7,0,1.137342385344,7,Typec,Toyota,Distribution
2026-01-09 19:00:00,6.7022017679315455,0.7622698145796037,0.1137342385344,0,0,7,0,1.137342385344,7,Typec,Toyota,Distribution
2026-01-09 20:00:00,6.7022017679315455,1.5491457550482788,0.23113982668510155,0,0,7,0,1.137342385344,7,Typec,Toyota,Distribution
2026-01-09 21:00:00,6.7022017679315455,1.050379928021332,0.15672162140017212,0,0,7,0,1.137342385344,7,Typec,Toyota,Distribution
2026-01-09 22:00:00,6.7022017679315455,2.755803990717343,0.41117890599820717,0,0,7,0,1.137342385344,7,Typec,Toyota,Distribution
2026-01-09 23:00:00,6.7022017679315455,1.208823526357,0.18036215085927962,0,0,7,0,1.137342385344,7,Typec,Toyota,Distribution
2026-01-10 00:00:00,0.0,0.0,0.0,1,1,7,100,1.0,7,Typec,Toyota,Distribution
2026-01-10 01:00:00,0.0,0.0,0.0,1,1,7,100,1.0,7,Typec,Toyota,Distribution
2026-01-10 02:00:00,0.0,0.0,0.0,1,1,7,100,1.0,7,Typec,Toyota,Distribution
2026-01-10 03:00:00,0.0,0.0,0.0,1,1,7,100,1.0,7,Typec,Toyota,Distribution
2026-01-10 04:00:00,0.0,0.0,0.0,1,1,7,100,1.0,7,Typec,Toyota,Distribution
2026-01-10 05:00:00,5.261207984257427,2.816453628270359,0.535324518,0,0,7,0,1.18961004,7,Typec,Toyota,Distribution
2026-01-10 06:00:00,5.261207984257427,2.6440756885728134,0.5025605709723717,0,0,7,0,1.18961004,7,Typec,Toyota,Distribution
2026-01-10 07:00:00,5.261207984257427,1.117609618551025,0.21242452719891203,0,0,7,0,1.18961004,7,Typec,Toyota,Distribution
2026-01-10 08:00:00,5.261207984257427,1.70860277876311,0.32475484411100775,0,0,7,0,1.18961004,7,Typec,Toyota,Distribution
2026-01-10 09:00:00,5.261207984257427,1.1845683351458072,0.2251513984412457,0,0,7,0,1.18961004,7,Typec,Toyota,Distribution
2026-01-10 10:00:00,5.261207984257427,1.129234033784795,0.2146339846597371,0,0,7,0,1.18961004,7,Typec,Toyota,Distribution
2026-01-10 11:00:00,5.261207984257427,1.749307524519335,0.3324916121456533,0,0,7,0,1.18961004,7,Typec,Toyota,Distribution
2026-01-10 12:00:00,5.261207984257427,1.1067217007544703,0.210355056113729,0,0,7,0,1.18961004,7,Typec,Toyota,Distribution
2026-01-10 13:00:00,5.261207984257427,0.8222488608379495,0.15628518456184975,0,0,7,0,1.18961004,7,Typec,Toyota,Distribution
2026-01-10 14:00:00,5.261207984257427,1.4274477742087828,0.27131559491280105,0,0,7,0,1.18961004,7,Typec,Toyota,Distribution
2026-01-10 15:00:00,5.261207984257427,2.3564699672022185,0.4478952313334203,0,0,7,0,1.18961004,7,Typec,Toyota,Distribution
2026-01-10 16:00:00,5.261207984257427,1.3883191325249356,0.2638783976377784,0,0,7,0,1.18961004,7,Typec,Toyota,Distribution
2026-01-10 17:00:00,5.261207984257427,1.810415913795511,0.34410650922993974,0,0,7,0,1.18961004,7,Typec,Toyota,Distribution
2026-01-10 18:00:00,5.261207984257427,0.6258785840600798,0.11896100400000001,0,0,7,0,1.18961004,7,Typec,Toyota,Distribution
2026-01-10 19:00:00,5.261207984257427,0.6258785840600798,0.11896100400000001,0,0,7,0,1.18961004,7,Typec,Toyota,Distribution
2026-01-10 20:00:00,0.0,0.0,0.0,1,1,7,100,1.0,7,Typec,Toyota,Distribution
2026-01-10 21:00:00,0.0,0.0,0.0,1,1,7,100,1.0,7,Typec,Toyota,Distribution
2026-01-10 22:00:00,0.0,0.0,0.0,1,1,7,100,1.0,7,Typec,Toyota,Distribution
2026-01-10 23:00:00,0.0,0.0,0.0,1,1,7,100,1.0,7,Typec,Toyota,Distribution
2026-01-11 00:00:00,0.0,0.0,0.0,1,1,7,100,1.0,7,Typec,Toyota,Distribution
2026-01-11 01:00:00,0.0,0.0,0.0,1,1,7,100,1.0,7,Typec,Toyota,Distribution
2026-01-11 02:00:00,0.0,0.0,0.0,1,1,7,100,1.0,7,Typec,Toyota,Distribution
2026-01-11 03:00:00,0.0,0.0,0.0,1,1,7,100,1.0,7,Typec,Toyota,Distribution
2026-01-11 04:00:00,0.0,0.0,0.0,1,1,7,100,1.0,7,Typec,Toyota,Distribution
2026-01-11 05:00:00,0.0,0.0,0.0,1,1,7,100,1.0,7,Typec,Toyota,Distribution
2026-01-11 06:00:00,5.8560252078323085,1.4173025532209107,0.24202466740158474,0,0,7,0,1.122069513044,7,Typec,Toyota,Distribution
2026-01-11 07:00:00,5.8560252078323085,1.8527653446091459,0.3163861627731916,0,0,7,0,1.122069513044,7,Typec,Toyota,Distribution
2026-01-11 08:00:00,5.8560252078323085,0.6570867353325787,0.1122069513044,0,0,7,0,1.122069513044,7,Typec,Toyota,Distribution
2026-01-11 09:00:00,5.8560252078323085,1.8947666328617896,0.3235584830351447,0,0,7,0,1.122069513044,7,Typec,Toyota,Distribution
2026-01-11 10:00:00,5.8560252078323085,1.6102034296742822,0.2749652490431,0,0,7,0,1.122069513044,7,Typec,Toyota,Distribution
2026-01-11 11:00:00,5.8560252078323085,2.547961886322328,0.435100908191871,0,0,7,0,1.122069513044,7,Typec,Toyota,Distribution
2026-01-11 12:00:00,5.8560252078323085,2.0618046206609173,0.35208260680013764,0,0,7,0,1.122069513044,7,Typec,Toyota,Distribution
2026-01-11 13:00:00,5.8560252078323085,0.6721043024259358,0.11477141552037903,0,0,7,0,1.122069513044,7,Typec,Toyota,Distribution
2026-01-11 14:00:00,5.8560252078323085,1.6002792718444037,0.2732705572551266,0,0,7,0,1.122069513044,7,Typec,Toyota,Distribution
2026-01-11 15:00:00,5.8560252078323085,0.6570867353325787,0.1122069513044,0,0,7,0,1.122069513044,7,Typec,Toyota,Distribution
2026-01-11 16:00:00,5.8560252078323085,1.1943125716719316,0.20394594102405228,0,0,7,0,1.122069513044,7,Typec,Toyota,Distribution
2026-01-11 17:00:00,5.8560252078323085,2.9182166995831156,0.49832720932964275,0,0,7,0,1.122069513044,7,Typec,Toyota,Distribution
2026-01-11 18:00:00,5.8560252078323085,0.7307577615505106,0.1247873319556647,0,0,7,0,1.122069513044,7,Typec,Toyota,Distribution
2026-01-11 19:00:00,5.8560252078323085,1.3942825441319318,0.23809367184197033,0,0,7,0,1.122069513044,7,Typec,Toyota,Distribution
2026-01-11 20:00:00,0.0,0.0,0.0,1,1,7,100,1.0,7,Typec,Toyota,Distribution
2026-01-11 21:00:00,0.0,0.0,0.0,1,1,7,100,1.0,7,Typec,Toyota,Distribution
2026-01-11 22:00:00,0.0,0.0,0.0,1,1,7,100,1.0,7,Typec,Toyota,Distribution
2026-01-11 23:00:00,0.0,0.0,0.0,1,1,7,100,1.0,7,Typec,Toyota,Distribution
2026-01-12 00:00:00,0.0,0.0,0.0,1,1,7,100,1.0,7,Typec,Toyota,Distribution
2026-01-12 01:00:00,0.0,0.0,0.0,1,1,7,100,1.0,7,Typec,Toyota,Distribution
2026-01-12 02:00:00,0.0,0.0,0.0,1,1,7,100,1.0,7,Typec,Toyota,Distribution
2026-01-12 03:00:00,0.0,0.0,0.0,1,1,7,100,1.0,7,Typec,Toyota,Distribution
2026-01-12 04:00:00,0.0,0.0,0.0,1,1,7,100,1.0,7,Typec,Toyota,Distribution
2026-01-12 05:00:00,0.0,0.0,0.0,1,1,7,100,1.0,7,Typec,Toyota,Distribution
2026-01-12 06:00:00,0.0,0.0,0.0,1,1,7,100,1.0,7,Typec,Toyota,Distribution
2026-01-12 07:00:00,7.18823667485098,2.075005843647832,0.2886668786112067,0,0,7,0,1.119889326784,7,Typec,Toyota,Distribution
2026-01-12 08:00:00,7.18823667485098,1.6263951063212203,0.22625786822119864,0,0,7,0,1.119889326784,7,Typec,Toyota,Distribution
2026-01-12 09:00:00,7.18823667485098,2.9953432486574183,0.4167006992322655,0,0,7,0,1.119889326784,7,Typec,Toyota,Distribution
2026-01-12 10:00:00,7.18823667485098,2.517032319599636,0.35015991173549066,0,0,7,0,1.119889326784,7,Typec,Toyota,Distribution
2026-01-12 11:00:00,7.18823667485098,2.6609456272087746,0.37018058079785454,0,0,7,0,1.119889326784,7,Typec,Toyota,Distribution
2026-01-12 12:00:00,7.18823667485098,1.4977697794365,0.20836400457940543,0,0,7,0,1.119889326784,7,Typec,Toyota,Distribution
2026-01-12 13:00:00,7.18823667485098,3.421656711977363,0.4760077981222422,0,0,7,0,1.119889326784,7,Typec,Toyota,Distribution
2026-01-12 14:00:00,7.18823667485098,1.1899083713540064,0.1655355026799635,0,0,7,0,1.119889326784,7,Typec,Toyota,Distribution
2026-01-12 15:00:00,7.18823667485098,2.181942960371663,0.3035435613862696,0,0,7,0,1.119889326784,7,Typec,Toyota,Distribution
2026-01-12 16:00:00,7.18823667485098,3.6225132887533156,0.5039501970528,0,0,7,0,1.119889326784,7,Typec,Toyota,Distribution
2026-01-12 17:00:00,7.18823667485098,1.5903149591707015,0.22123853611201114,0,0,7,0,1.119889326784,7,Typec,Toyota,Distribution
2026-01-12 18:00:00,7.18823667485098,3.421459292782858,0.47598033391878936,0,0,7,0,1.119889326784,7,Typec,Toyota,Distribution
2026-01-12 19:00:00,7.18823667485098,3.488444842603244,0.4852991074720788,0,0,7,0,1.119889326784,7,Typec,Toyota,Distribution
2026-01-12 20:00:00,7.18823667485098,2.4161626324542613,0.33612730656289236,0,0,7,0,1.119889326784,7,Typec,Toyota,Distribution
2026-01-12 21:00:00,7.18823667485098,2.8735065860483004,0.39975124860616407,0,0,7,0,1.119889326784,7,Typec,Toyota,Distribution
2026-01-12 22:00:00,7.18823667485098,1.6903904018175895,0.23516064902699285,0,0,7,0,1.119889326784,7,Typec,Toyota,Distribution
2026-01-12 23:00:00,7.18823667485098,1.2868318054883225,0.17901912022325,0,0,7,0,1.119889326784,7,Typec,Toyota,Distribution
2026-01-13 00:00:00,0.0,0.0,0.0,1,1,7,100,1.0,7,Typec,Toyota,Distribution
2026-01-13 01:00:00,0.0,0.0,0.0,1,1,7,100,1.0,7,Typec,Toyota,Distribution
2026-01-13 02:00:00,0.0,0.0,0.0,1,1,7,100,1.0,7,Typec,Toyota,Distribution
2026-01-13 03:00:00,0.0,0.0,0.0,1,1,7,100,1.0,7,Typec,Toyota,Distribution
2026-01-13 04:00:00,0.0,0.0,0.0,1,1,7,100,1.0,7,Typec,Toyota,Distribution
2026-01-13 05:00:00,0.0,0.0,0.0,1,1,7,100,1.0,7,Typec,Toyota,Distribution
2026-01-13 06:00:00,7.32059051915998,3.7035790416482994,0.505912608,0,0,7,0,1.12425024,7,Typec,Toyota,Distribution
2026-01-13 07:00:00,7.32059051915998,1.829869193138904,0.2499619652744731,0,0,7,0,1.12425024,7,Typec,Toyota,Distribution
2026-01-13 08:00:00,7.32059051915998,3.7035790416482994,0.505912608,0,0,7,0,1.12425024,7,Typec,Toyota,Distribution
2026-01-13 09:00:00,7.32059051915998,2.3546067876127914,0.32164164645599885,0,0,7,0,1.12425024,7,Typec,Toyota,Distribution
2026-01-13 10:00:00,7.32059051915998,2.6423846144132015,0.3609523859444619,0,0,7,0,1.12425024,7,Typec,Toyota,Distribution
2026-01-13 11:00:00,7.32059051915998,2.9661578772724075,0.40518013806525094,0,0,7,0,1.12425024,7,Typec,Toyota,Distribution
2026-01-13 12:00:00,7.32059051915998,2.2663007971588827,0.30957895967918925,0,0,7,0,1.12425024,7,Typec,Toyota,Distribution
2026-01-13 13:00:00,7.32059051915998,0.8937287877234111,0.12208424790107837,0,0,7,0,1.12425024,7,Typec,Toyota,Distribution
2026-01-13 14:00:00,7.32059051915998,3.7035790416482994,0.505912608,0,0,7,0,1.12425024,7,Typec,Toyota,Distribution
2026-01-13 15:00:00,7.32059051915998,2.2513886794938616,0.30754194946450886,0,0,7,0,1.12425024,7,Typec,Toyota,Distribution
2026-01-13 16:00:00,7.32059051915998,3.462486501274413,0.4729791254151072,0,0,7,0,1.12425024,7,Typec,Toyota,Distribution
2026-01-13 17:00:00,7.32059051915998,2.4135169988825433,0.32968884034228,0,0,7,0,1.12425024,7,Typec,Toyota,Distribution
2026-01-13 18:00:00,7.32059051915998,2.6204313367853675,0.35795354622376224,0,0,7,0,1.12425024,7,Typec,Toyota,Distribution
2026-01-13 19:00:00,7.32059051915998,1.249379936269507,0.17066655114768942,0,0,7,0,1.12425024,7,Typec,Toyota,Distribution
2026-01-13 20:00:00,7.32059051915998,1.7759126754209327,0.24259145089086534,0,0,7,0,1.12425024,7,Typec,Toyota,Distribution
2026-01-13 21:00:00,7.32059051915998,2.3727849724309236,0.32412480471632704,0,0,7,0,1.12425024,7,Typec,Toyota,Distribution
2026-01-13 22:00:00,7.32059051915998,1.2312692015771314,0.16819260664212327,0,0,7,0,1.12425024,7,Typec,Toyota,Distribution
2026-01-13 23:00:00,7.32059051915998,0.8230175648107333,0.11242502400000001,0,0,7,0,1.12425024,7,Typec,Toyota,Distribution
2026-01-14 00:00:00,0.0,0.0,0.0,1,1,7,100,1.0,7,Typec,Toyota,Distribution
2026-01-14 01:00:00,0.0,0.0,0.0,1,1,7,100,1.0,7,Typec,Toyota,Distribution
2026-01-14 02:00:00,0.0,0.0,0.0,1,1,7,100,1.0,7,Typec,Toyota,Distribution
2026-01-14 03:00:00,0.0,0.0,0.0,1,1,7,100,1.0,7,Typec,Toyota,Distribution
2026-01-14 04:00:00,0.0,0.0,0.0,1,1,7,100,1.0,7,Typec,Toyota,Distribution
2026-01-14 05:00:00,0.0,0.0,0.0,1,1,7,100,1.0,7,Typec,Toyota,Distribution
2026-01-14 06:00:00,7.185097478658849,1.9355226950669342,0.26938015814201777,0,0,7,0,1.102475,7,Typec,Toyota,Distribution
2026-01-14 07:00:00,7.185097478658849,3.564625654252987,0.4961137500000001,0,0,7,0,1.102475,7,Typec,Toyota,Distribution
2026-01-14 08:00:00,7.185097478658849,0.7921390342784416,0.11024750000000001,0,0,7,0,1.102475,7,Typec,Toyota,Distribution
2026-01-14 09:00:00,7.185097478658849,0.7921390342784416,0.11024750000000001,0,0,7,0,1.102475,7,Typec,Toyota,Distribution
2026-01-14 10:00:00,7.185097478658849,2.6945110253942293,0.37501384405673777,0,0,7,0,1.102475,7,Typec,Toyota,Distribution
2026-01-14 11:00:00,7.185097478658849,0.7921390342784416,0.11024750000000001,0,0,7,0,1.102475,7,Typec,Toyota,Distribution
2026-01-14 12:00:00,7.185097478658849,2.3318159468914548,0.3245350468546051,0,0,7,0,1.102475,7,Typec,Toyota,Distribution
2026-01-14 13:00:00,7.185097478658849,1.937828278366632,0.26970104220887225,0,0,7,0,1.102475,7,Typec,Toyota,Distribution
2026-01-14 14:00:00,7.185097478658849,1.4979335296403562,0.20847782985401564,0,0,7,0,1.102475,7,Typec,Toyota,Distribution
2026-01-14 15:00:00,7.185097478658849,2.766847561237704,0.38508142296688175,0,0,7,0,1.102475,7,Typec,Toyota,Distribution
2026-01-14 16:00:00,7.185097478658849,1.0105974833899318,0.1406518820922896,0,0,7,0,1.102475,7,Typec,Toyota,Distribution
2026-01-14 17:00:00,7.185097478658849,1.0314104079717086,0.14354856159365967,0,0,7,0,1.102475,7,Typec,Toyota,Distribution
2026-01-14 18:00:00,7.185097478658849,2.936565254131753,0.4087022149461338,0,0,7,0,1.102475,7,Typec,Toyota,Distribution
2026-01-14 19:00:00,7.185097478658849,1.222007623135457,0.1700753019378039,0,0,7,0,1.102475,7,Typec,Toyota,Distribution
2026-01-14 20:00:00,7.185097478658849,2.3522193563061897,0.3273747312813421,0,0,7,0,1.102475,7,Typec,Toyota,Distribution
2026-01-14 21:00:00,7.185097478658849,2.197629608921364,0.3058594007177711,0,0,7,0,1.102475,7,Typec,Toyota,Distribution
2026-01-14 22:00:00,7.185097478658849,3.499116929147492,0.4869964450086525,0,0,7,0,1.102475,7,Typec,Toyota,Distribution
2026-01-14 23:00:00,7.185097478658849,1.7160126808374705,0.23882942241693522,0,0,7,0,1.102475,7,Typec,Toyota,Distribution
2026-01-01 00:00:00,0.0,0.0,0.0,1,1,8,100,1.0,8,Typec,Toyota,Distribution
2026-01-01 01:00:00,0.0,0.0,0.0,1,1,8,100,1.0,8,Typec,Toyota,Distribution
2026-01-01 02:00:00,0.0,0.0,0.0,1,1,8,100,1.0,8,Typec,Toyota,Distribution
2026-01-01 03:00:00,0.0,0.0,0.0,1,1,8,100,1.0,8,Typec,Toyota,Distribution
2026-01-01 04:00:00,0.0,0.0,0.0,1,1,8,100,1.0,8,Typec,Toyota,Distribution
2026-01-01 05:00:00,0.0,0.0,0.0,1,1,8,100,1.0,8,Typec,Toyota,Distribution
2026-01-01 06:00:00,8.191679286986949,4.176443927079178,0.5098397753088001,0,0,8,0,1.1329772784640002,8,Typec,Toyota,Distribution
2026-01-01 07:00:00,8.191679286986949,3.121544687826263,0.38106285396024403,0,0,8,0,1.1329772784640002,8,Typec,Toyota,Distribution
2026-01-01 08:00:00,8.191679286986949,1.2534738083094479,0.15301793007212552,0,0,8,0,1.1329772784640002,8,Typec,Toyota,Distribution
2026-01-01 09:00:00,8.191679286986949,1.5977571054772381,0.19504634513894925,0,0,8,0,1.1329772784640002,8,Typec,Toyota,Distribution
2026-01-01 10:00:00,8.191679286986949,1.1905562154685316,0.14533725915757137,0,0,8,0,1.1329772784640002,8,Typec,Toyota,Distribution
2026-01-01 11:00:00,8.191679286986949,2.0579509221084713,0.25122454749634415,0,0,8,0,1.1329772784640002,8,Typec,Toyota,Distribution
2026-01-01 12:00:00,8.191679286986949,3.2808302090451638,0.4005076485668806,0,0,8,0,1.1329772784640002,8,Typec,Toyota,Distribution
2026-01-01 13:00:00,8.191679286986949,2.67430022553124,0.3264654452206829,0,0,8,0,1.1329772784640002,8,Typec,Toyota,Distribution
2026-01-01 14:00:00,8.191679286986949,1.7940337270657447,0.21900683171467564,0,0,8,0,1.1329772784640002,8,Typec,Toyota,Distribution
2026-01-01 15:00:00,8.191679286986949,2.8818709604865287,0.351804661721142,0,0,8,0,1.1329772784640002,8,Typec,Toyota,Distribution
2026-01-01 16:00:00,8.191679286986949,1.952776128244957,0.2383853248926722,0,0,8,0,1.1329772784640002,8,Typec,Toyota,Distribution
2026-01-01 17:00:00,8.191679286986949,2.3326722392946726,0.28476117747923607,0,0,8,0,1.1329772784640002,8,Typec,Toyota,Distribution
2026-01-01 18:00:00,8.191679286986949,3.015953745261844,0.3681728299657551,0,0,8,0,1.1329772784640002,8,Typec,Toyota,Distribution
2026-01-01 19:00:00,8.191679286986949,0.9280986504620395,0.11329772784640002,0,0,8,0,1.1329772784640002,8,Typec,Toyota,Distribution
2026-01-01 20:00:00,8.191679286986949,2.4306397850191663,0.29672057460555207,0,0,8,0,1.1329772784640002,8,Typec,Toyota,Distribution
2026-01-01 21:00:00,8.191679286986949,3.824493760133142,0.4668754264108723,0,0,8,0,1.1329772784640002,8,Typec,Toyota,Distribution
2026-01-01 22:00:00,8.191679286986949,4.176443927079178,0.5098397753088001,0,0,8,0,1.1329772784640002,8,Typec,Toyota,Distribution
2026-01-01 23:00:00,8.191679286986949,2.663549339995474,0.3251530298832265,0,0,8,0,1.1329772784640002,8,Typec,Toyota,Distribution
2026-01-02 00:00:00,0.0,0.0,0.0,1,1,8,100,1.0,8,Typec,Toyota,Distribution
2026-01-02 01:00:00,0.0,0.0,0.0,1,1,8,100,1.0,8,Typec,Toyota,Distribution
2026-01-02 02:00:00,0.0,0.0,0.0,1,1,8,100,1.0,8,Typec,Toyota,Distribution
2026-01-02 03:00:00,0.0,0.0,0.0,1,1,8,100,1.0,8,Typec,Toyota,Distribution
2026-01-02 04:00:00,0.0,0.0,0.0,1,1,8,100,1.0,8,Typec,Toyota,Distribution
2026-01-02 05:00:00,0.0,0.0,0.0,1,1,8,100,1.0,8,Typec,Toyota,Distribution
2026-01-02 06:00:00,0.0,0.0,0.0,1,1,8,100,1.0,8,Typec,Toyota,Distribution
2026-01-02 07:00:00,7.394790929730086,2.591893938157529,0.35050266637519867,0,0,8,0,1.23259004,8,Typec,Toyota,Distribution
2026-01-02 08:00:00,7.394790929730086,0.9114745647867645,0.123259004,0,0,8,0,1.23259004,8,Typec,Toyota,Distribution
2026-01-02 09:00:00,7.394790929730086,3.134620144185348,0.42389570901631474,0,0,8,0,1.23259004,8,Typec,Toyota,Distribution
2026-01-02 10:00:00,7.394790929730086,4.10163554154044,0.5546655180000001,0,0,8,0,1.23259004,8,Typec,Toyota,Distribution
2026-01-02 11:00:00,7.394790929730086,1.6886956061470177,0.22836286004486891,0,0,8,0,1.23259004,8,Typec,Toyota,Distribution
2026-01-02 12:00:00,7.394790929730086,2.444129526046495,0.3305204365170209,0,0,8,0,1.23259004,8,Typec,Toyota,Distribution
2026-01-02 13:00:00,7.394790929730086,2.2819966578801285,0.30859515563929846,0,0,8,0,1.23259004,8,Typec,Toyota,Distribution
2026-01-02 14:00:00,7.394790929730086,2.327949476597746,0.31480937036886825,0,0,8,0,1.23259004,8,Typec,Toyota,Distribution
2026-01-02 15:00:00,7.394790929730086,3.3612212524311955,0.45453905112012166,0,0,8,0,1.23259004,8,Typec,Toyota,Distribution
2026-01-02 16:00:00,7.394790929730086,2.7833849683723786,0.3763980611246265,0,0,8,0,1.23259004,8,Typec,Toyota,Distribution
2026-01-02 17:00:00,7.394790929730086,4.10163554154044,0.5546655180000001,0,0,8,0,1.23259004,8,Typec,Toyota,Distribution
2026-01-02 18:00:00,7.394790929730086,3.1854312784603898,0.43076691535032485,0,0,8,0,1.23259004,8,Typec,Toyota,Distribution
2026-01-02 19:00:00,7.394790929730086,4.10163554154044,0.5546655180000001,0,0,8,0,1.23259004,8,Typec,Toyota,Distribution
2026-01-02 20:00:00,7.394790929730086,2.0455491669518833,0.27662028397962385,0,0,8,0,1.23259004,8,Typec,Toyota,Distribution
2026-01-02 21:00:00,7.394790929730086,1.6507729547480443,0.22323456747252465,0,0,8,0,1.23259004,8,Typec,Toyota,Distribution
2026-01-02 22:00:00,7.394790929730086,1.6478729708587316,0.22284240170112288,0,0,8,0,1.23259004,8,Typec,Toyota,Distribution
2026-01-02 23:00:00,7.394790929730086,1.2040887589575837,0.1628293173396768,0,0,8,0,1.23259004,8,Typec,Toyota,Distribution
2026-01-03 00:00:00,0.0,0.0,0.0,1,1,8,100,1.0,8,Typec,Toyota,Distribution
2026-01-03 01:00:00,0.0,0.0,0.0,1,1,8,100,1.0,8,Typec,Toyota,Distribution
2026-01-03 02:00:00,0.0,0.0,0.0,1,1,8,100,1.0,8,Typec,Toyota,Distribution
2026-01-03 03:00:00,0.0,0.0,0.0,1,1,8,100,1.0,8,Typec,Toyota,Distribution
2026-01-03 04:00:00,0.0,0.0,0.0,1,1,8,100,1.0,8,Typec,Toyota,Distribution
2026-01-03 05:00:00,0.0,0.0,0.0,1,1,8,100,1.0,8,Typec,Toyota,Distribution
2026-01-03 06:00:00,0.0,0.0,0.0,1,1,8,100,1.0,8,Typec,Toyota,Distribution
2026-01-03 07:00:00,4.962280459545294,0.5999640276975431,0.1209049010004,0,0,8,0,1.209049010004,8,Typec,Toyota,Distribution
2026-01-03 08:00:00,4.962280459545294,0.5999640276975431,0.1209049010004,0,0,8,0,1.209049010004,8,Typec,Toyota,Distribution
2026-01-03 09:00:00,4.962280459545294,1.7726901810162212,0.3572329688875862,0,0,8,0,1.209049010004,8,Typec,Toyota,Distribution
2026-01-03 10:00:00,4.962280459545294,2.6998381246389442,0.5440720545018,0,0,8,0,1.209049010004,8,Typec,Toyota,Distribution
2026-01-03 11:00:00,4.962280459545294,0.5999640276975431,0.1209049010004,0,0,8,0,1.209049010004,8,Typec,Toyota,Distribution
2026-01-03 12:00:00,4.962280459545294,1.42552139830436,0.28727142891778107,0,0,8,0,1.209049010004,8,Typec,Toyota,Distribution
2026-01-03 13:00:00,4.962280459545294,2.1680012593931735,0.436896156327253,0,0,8,0,1.209049010004,8,Typec,Toyota,Distribution
2026-01-03 14:00:00,4.962280459545294,0.5999640276975431,0.1209049010004,0,0,8,0,1.209049010004,8,Typec,Toyota,Distribution
2026-01-03 15:00:00,4.962280459545294,1.230472227164865,0.2479650711394124,0,0,8,0,1.209049010004,8,Typec,Toyota,Distribution
2026-01-03 16:00:00,4.962280459545294,2.4487635854985483,0.49347545054374753,0,0,8,0,1.209049010004,8,Typec,Toyota,Distribution
2026-01-03 17:00:00,4.962280459545294,0.7476094177135866,0.15065843694414885,0,0,8,0,1.209049010004,8,Typec,Toyota,Distribution
2026-01-03 18:00:00,4.962280459545294,0.5999640276975431,0.1209049010004,0,0,8,0,1.209049010004,8,Typec,Toyota,Distribution
2026-01-03 19:00:00,4.962280459545294,0.6782573893631783,0.13668259883588454,0,0,8,0,1.209049010004,8,Typec,Toyota,Distribution
2026-01-03 20:00:00,4.962280459545294,1.8164505075278263,0.36605156083706564,0,0,8,0,1.209049010004,8,Typec,Toyota,Distribution
2026-01-03 21:00:00,0.0,0.0,0.0,1,1,8,100,1.0,8,Typec,Toyota,Distribution
2026-01-03 22:00:00,0.0,0.0,0.0,1,1,8,100,1.0,8,Typec,Toyota,Distribution
2026-01-03 23:00:00,0.0,0.0,0.0,1,1,8,100,1.0,8,Typec,Toyota,Distribution
2026-01-04 00:00:00,0.0,0.0,0.0,1,1,8,100,1.0,8,Typec,Toyota,Distribution
2026-01-04 01:00:00,0.0,0.0,0.0,1,1,8,100,1.0,8,Typec,Toyota,Distribution
2026-01-04 02:00:00,0.0,0.0,0.0,1,1,8,100,1.0,8,Typec,Toyota,Distribution
2026-01-04 03:00:00,0.0,0.0,0.0,1,1,8,100,1.0,8,Typec,Toyota,Distribution
2026-01-04 04:00:00,0.0,0.0,0.0,1,1,8,100,1.0,8,Typec,Toyota,Distribution
2026-01-04 05:00:00,0.0,0.0,0.0,1,1,8,100,1.0,8,Typec,Toyota,Distribution
2026-01-04 06:00:00,0.0,0.0,0.0,1,1,8,100,1.0,8,Typec,Toyota,Distribution
2026-01-04 07:00:00,0.0,0.0,0.0,1,1,8,100,1.0,8,Typec,Toyota,Distribution
2026-01-04 08:00:00,5.1780579903389485,3.040884813953647,0.5872635686250001,0,0,8,0,1.3050301525,8,Typec,Toyota,Distribution
2026-01-04 09:00:00,5.1780579903389485,1.7724242813364057,0.3422951779689098,0,0,8,0,1.3050301525,8,Typec,Toyota,Distribution
2026-01-04 10:00:00,5.1780579903389485,1.667909852082638,0.32211108009886524,0,0,8,0,1.3050301525,8,Typec,Toyota,Distribution
2026-01-04 11:00:00,5.1780579903389485,1.7353603419196353,0.3351372937802964,0,0,8,0,1.3050301525,8,Typec,Toyota,Distribution
2026-01-04 12:00:00,5.1780579903389485,3.040884813953647,0.5872635686250001,0,0,8,0,1.3050301525,8,Typec,Toyota,Distribution
2026-01-04 13:00:00,5.1780579903389485,3.0150870101586764,0.5822814297916569,0,0,8,0,1.3050301525,8,Typec,Toyota,Distribution
2026-01-04 14:00:00,5.1780579903389485,1.6538425930390463,0.3193943745173831,0,0,8,0,1.3050301525,8,Typec,Toyota,Distribution
2026-01-04 15:00:00,5.1780579903389485,2.136697366164383,0.41264454167005526,0,0,8,0,1.3050301525,8,Typec,Toyota,Distribution
2026-01-04 16:00:00,5.1780579903389485,2.398813737324866,0.46326513565520017,0,0,8,0,1.3050301525,8,Typec,Toyota,Distribution
2026-01-04 17:00:00,5.1780579903389485,1.8840806817671638,0.3638585518513736,0,0,8,0,1.3050301525,8,Typec,Toyota,Distribution
2026-01-04 18:00:00,5.1780579903389485,2.1753716721338705,0.4201134240274265,0,0,8,0,1.3050301525,8,Typec,Toyota,Distribution
2026-01-04 19:00:00,5.1780579903389485,2.286918134358903,0.44165556635822933,0,0,8,0,1.3050301525,8,Typec,Toyota,Distribution
2026-01-04 20:00:00,0.0,0.0,0.0,1,1,8,100,1.0,8,Typec,Toyota,Distribution
2026-01-04 21:00:00,0.0,0.0,0.0,1,1,8,100,1.0,8,Typec,Toyota,Distribution
2026-01-04 22:00:00,0.0,0.0,0.0,1,1,8,100,1.0,8,Typec,Toyota,Distribution
2026-01-04 23:00:00,0.0,0.0,0.0,1,1,8,100,1.0,8,Typec,Toyota,Distribution
2026-01-05 00:00:00,0.0,0.0,0.0,1,1,8,100,1.0,8,Typec,Toyota,Distribution
2026-01-05 01:00:00,0.0,0.0,0.0,1,1,8,100,1.0,8,Typec,Toyota,Distribution
2026-01-05 02:00:00,0.0,0.0,0.0,1,1,8,100,1.0,8,Typec,Toyota,Distribution
2026-01-05 03:00:00,0.0,0.0,0.0,1,1,8,100,1.0,8,Typec,Toyota,Distribution
2026-01-05 04:00:00,0.0,0.0,0.0,1,1,8,100,1.0,8,Typec,Toyota,Distribution
2026-01-05 05:00:00,0.0,0.0,0.0,1,1,8,100,1.0,8,Typec,Toyota,Distribution
2026-01-05 06:00:00,6.746292673713528,1.53842385405328,0.2280398921985173,0,0,8,0,1.226197579604,8,Typec,Toyota,Distribution
2026-01-05 07:00:00,6.746292673713528,1.9035566103961177,0.2821633603020511,0,0,8,0,1.226197579604,8,Typec,Toyota,Distribution
2026-01-05 08:00:00,6.746292673713528,1.1736852464954493,0.17397484859627188,0,0,8,0,1.226197579604,8,Typec,Toyota,Distribution
2026-01-05 09:00:00,6.746292673713528,3.1567491485410124,0.4679235398192953,0,0,8,0,1.226197579604,8,Typec,Toyota,Distribution
2026-01-05 10:00:00,6.746292673713528,3.722529486513477,0.5517889108218,0,0,8,0,1.226197579604,8,Typec,Toyota,Distribution
2026-01-05 11:00:00,6.746292673713528,2.587585800608333,0.38355670673623243,0,0,8,0,1.226197579604,8,Typec,Toyota,Distribution
2026-01-05 12:00:00,6.746292673713528,2.8781469456466797,0.42662645764853696,0,0,8,0,1.226197579604,8,Typec,Toyota,Distribution
2026-01-05 13:00:00,6.746292673713528,3.297751457059101,0.4888242500816139,0,0,8,0,1.226197579604,8,Typec,Toyota,Distribution
2026-01-05 14:00:00,6.746292673713528,2.3739623194968527,0.35189139195618296,0,0,8,0,1.226197579604,8,Typec,Toyota,Distribution
2026-01-05 15:00:00,6.746292673713528,2.966646909102447,0.43974476836170856,0,0,8,0,1.226197579604,8,Typec,Toyota,Distribution
2026-01-05 16:00:00,6.746292673713528,2.8926007586859757,0.42876894000712396,0,0,8,0,1.226197579604,8,Typec,Toyota,Distribution
2026-01-05 17:00:00,6.746292673713528,1.4548253629816938,0.21564812458408783,0,0,8,0,1.226197579604,8,Typec,Toyota,Distribution
2026-01-05 18:00:00,6.746292673713528,2.080978971772976,0.3084625990036527,0,0,8,0,1.226197579604,8,Typec,Toyota,Distribution
2026-01-05 19:00:00,6.746292673713528,0.8272287747807727,0.12261975796040002,0,0,8,0,1.226197579604,8,Typec,Toyota,Distribution
2026-01-05 20:00:00,6.746292673713528,1.8859124930206352,0.27954798053291774,0,0,8,0,1.226197579604,8,Typec,Toyota,Distribution
2026-01-05 21:00:00,6.746292673713528,3.722529486513477,0.5517889108218,0,0,8,0,1.226197579604,8,Typec,Toyota,Distribution
2026-01-05 22:00:00,6.746292673713528,2.950032124701872,0.4372819661673547,0,0,8,0,1.226197579604,8,Typec,Toyota,Distribution
2026-01-05 23:00:00,6.746292673713528,3.519013119606188,0.5216217691411141,0,0,8,0,1.226197579604,8,Typec,Toyota,Distribution
2026-01-06 00:00:00,0.0,0.0,0.0,1,1,8,100,1.0,8,Typec,Toyota,Distribution
2026-01-06 01:00:00,0.0,0.0,0.0,1,1,8,100,1.0,8,Typec,Toyota,Distribution
2026-01-06 02:00:00,0.0,0.0,0.0,1,1,8,100,1.0,8,Typec,Toyota,Distribution
2026-01-06 03:00:00,0.0,0.0,0.0,1,1,8,100,1.0,8,Typec,Toyota,Distribution
2026-01-06 04:00:00,0.0,0.0,0.0,1,1,8,100,1.0,8,Typec,Toyota,Distribution
2026-01-06 05:00:00,0.0,0.0,0.0,1,1,8,100,1.0,8,Typec,Toyota,Distribution
2026-01-06 06:00:00,7.431403175727742,3.925982827100952,0.5282963034388843,0,0,8,0,1.3306301459840002,8,Typec,Toyota,Distribution
2026-01-06 07:00:00,7.431403175727742,1.3992009116834947,0.18828219632242918,0,0,8,0,1.3306301459840002,8,Typec,Toyota,Distribution
2026-01-06 08:00:00,7.431403175727742,2.116496480334345,0.28480442122252114,0,0,8,0,1.3306301459840002,8,Typec,Toyota,Distribution
2026-01-06 09:00:00,7.431403175727742,1.7743731696570366,0.2387669095188441,0,0,8,0,1.3306301459840002,8,Typec,Toyota,Distribution
2026-01-06 10:00:00,7.431403175727742,2.9283836915867987,0.3940552843575235,0,0,8,0,1.3306301459840002,8,Typec,Toyota,Distribution
2026-01-06 11:00:00,7.431403175727742,3.9209232127244995,0.5276154610384911,0,0,8,0,1.3306301459840002,8,Typec,Toyota,Distribution
2026-01-06 12:00:00,7.431403175727742,3.4658578564619056,0.46638000583550643,0,0,8,0,1.3306301459840002,8,Typec,Toyota,Distribution
2026-01-06 13:00:00,7.431403175727742,4.449802091663056,0.5987835656928001,0,0,8,0,1.3306301459840002,8,Typec,Toyota,Distribution
2026-01-06 14:00:00,7.431403175727742,3.7793136132545193,0.5085598942604024,0,0,8,0,1.3306301459840002,8,Typec,Toyota,Distribution
2026-01-06 15:00:00,7.431403175727742,1.569801340334101,0.21123888762506463,0,0,8,0,1.3306301459840002,8,Typec,Toyota,Distribution
2026-01-06 16:00:00,7.431403175727742,2.4529133327511308,0.3300740485676747,0,0,8,0,1.3306301459840002,8,Typec,Toyota,Distribution
2026-01-06 17:00:00,7.431403175727742,2.1163345068417354,0.28478262540700966,0,0,8,0,1.3306301459840002,8,Typec,Toyota,Distribution
2026-01-06 18:00:00,7.431403175727742,1.8136598960637438,0.24405349207636495,0,0,8,0,1.3306301459840002,8,Typec,Toyota,Distribution
2026-01-06 19:00:00,7.431403175727742,2.7099046297393348,0.36465584838545106,0,0,8,0,1.3306301459840002,8,Typec,Toyota,Distribution
2026-01-06 20:00:00,7.431403175727742,2.483880887814719,0.3342411694103083,0,0,8,0,1.3306301459840002,8,Typec,Toyota,Distribution
2026-01-06 21:00:00,7.431403175727742,3.8562447311290806,0.5189120600701962,0,0,8,0,1.3306301459840002,8,Typec,Toyota,Distribution
2026-01-06 22:00:00,7.431403175727742,1.8494849131124511,0.2488742528669675,0,0,8,0,1.3306301459840002,8,Typec,Toyota,Distribution
2026-01-06 23:00:00,7.431403175727742,1.8402293067607922,0.2476287806280383,0,0,8,0,1.3306301459840002,8,Typec,Toyota,Distribution
2026-01-07 00:00:00,0.0,0.0,0.0,1,1,8,100,1.0,8,Typec,Toyota,Distribution
2026-01-07 01:00:00,0.0,0.0,0.0,1,1,8,100,1.0,8,Typec,Toyota,Distribution
2026-01-07 02:00:00,0.0,0.0,0.0,1,1,8,100,1.0,8,Typec,Toyota,Distribution
2026-01-07 03:00:00,0.0,0.0,0.0,1,1,8,100,1.0,8,Typec,Toyota,Distribution
2026-01-07 04:00:00,0.0,0.0,0.0,1,1,8,100,1.0,8,Typec,Toyota,Distribution
2026-01-07 05:00:00,0.0,0.0,0.0,1,1,8,100,1.0,8,Typec,Toyota,Distribution
2026-01-07 06:00:00,6.254360293712817,1.4625418866124464,0.23384356160016298,0,0,8,0,1.282756305344,8,Typec,Toyota,Distribution
2026-01-07 07:00:00,6.254360293712817,3.6102690461939706,0.5772403374048001,0,0,8,0,1.282756305344,8,Typec,Toyota,Distribution
2026-01-07 08:00:00,6.254360293712817,2.338994491261332,0.37397821382509755,0,0,8,0,1.282756305344,8,Typec,Toyota,Distribution
2026-01-07 09:00:00,6.254360293712817,1.903145346746216,0.3042909678003919,0,0,8,0,1.282756305344,8,Typec,Toyota,Distribution
2026-01-07 10:00:00,6.254360293712817,2.1727406102117004,0.34739613776261713,0,0,8,0,1.282756305344,8,Typec,Toyota,Distribution
2026-01-07 11:00:00,6.254360293712817,0.8022820102653269,0.12827563053440003,0,0,8,0,1.282756305344,8,Typec,Toyota,Distribution
2026-01-07 12:00:00,6.254360293712817,2.2865007089035077,0.3655850641035196,0,0,8,0,1.282756305344,8,Typec,Toyota,Distribution
2026-01-07 13:00:00,6.254360293712817,3.6102690461939706,0.5772403374048001,0,0,8,0,1.282756305344,8,Typec,Toyota,Distribution
2026-01-07 14:00:00,6.254360293712817,3.6102690461939706,0.5772403374048001,0,0,8,0,1.282756305344,8,Typec,Toyota,Distribution
2026-01-07 15:00:00,6.254360293712817,3.4205972836573304,0.5469140124683701,0,0,8,0,1.282756305344,8,Typec,Toyota,Distribution
2026-01-07 16:00:00,6.254360293712817,2.162071594627171,0.3456902853518991,0,0,8,0,1.282756305344,8,Typec,Toyota,Distribution
2026-01-07 17:00:00,6.254360293712817,0.8022820102653269,0.12827563053440003,0,0,8,0,1.282756305344,8,Typec,Toyota,Distribution
2026-01-07 18:00:00,6.254360293712817,2.2451583532441597,0.358974898760006,0,0,8,0,1.282756305344,8,Typec,Toyota,Distribution
2026-01-07 19:00:00,6.254360293712817,1.4032968367626153,0.22437096215471894,0,0,8,0,1.282756305344,8,Typec,Toyota,Distribution
2026-01-07 20:00:00,6.254360293712817,0.9666516133034379,0.15455643229814606,0,0,8,0,1.282756305344,8,Typec,Toyota,Distribution
2026-01-07 21:00:00,6.254360293712817,3.6102690461939706,0.5772403374048001,0,0,8,0,1.282756305344,8,Typec,Toyota,Distribution
2026-01-07 22:00:00,6.254360293712817,0.9518593723904332,0.1521913237629255,0,0,8,0,1.282756305344,8,Typec,Toyota,Distribution
2026-01-07 23:00:00,6.254360293712817,2.2775060967144807,0.3641469294635838,0,0,8,0,1.282756305344,8,Typec,Toyota,Distribution
2026-01-08 00:00:00,0.0,0.0,0.0,1,1,8,100,1.0,8,Typec,Toyota,Distribution
2026-01-08 01:00:00,0.0,0.0,0.0,1,1,8,100,1.0,8,Typec,Toyota,Distribution
2026-01-08 02:00:00,0.0,0.0,0.0,1,1,8,100,1.0,8,Typec,Toyota,Distribution
2026-01-08 03:00:00,0.0,0.0,0.0,1,1,8,100,1.0,8,Typec,Toyota,Distribution
2026-01-08 04:00:00,0.0,0.0,0.0,1,1,8,100,1.0,8,Typec,Toyota,Distribution
2026-01-08 05:00:00,0.0,0.0,0.0,1,1,8,100,1.0,8,Typec,Toyota,Distribution
2026-01-08 06:00:00,6.120471728186851,2.3145462201837,0.3781646779813439,0,0,8,0,1.176585222144,8,Typec,Toyota,Distribution
2026-01-08 07:00:00,6.120471728186851,1.3067636660979955,0.2135070177809833,0,0,8,0,1.176585222144,8,Typec,Toyota,Distribution
2026-01-08 08:00:00,6.120471728186851,2.1190088739359343,0.34621659375978797,0,0,8,0,1.176585222144,8,Typec,Toyota,Distribution
2026-01-08 09:00:00,6.120471728186851,1.246050308959928,0.20358729919810642,0,0,8,0,1.176585222144,8,Typec,Toyota,Distribution
2026-01-08 10:00:00,6.120471728186851,1.1590927128859634,0.18937963679301842,0,0,8,0,1.176585222144,8,Typec,Toyota,Distribution
2026-01-08 11:00:00,6.120471728186851,2.9400467786685853,0.4803627741843282,0,0,8,0,1.176585222144,8,Typec,Toyota,Distribution
2026-01-08 12:00:00,6.120471728186851,2.44861879362134,0.40007027274460216,0,0,8,0,1.176585222144,8,Typec,Toyota,Distribution
2026-01-08 13:00:00,6.120471728186851,2.6554885777075716,0.4338699197772853,0,0,8,0,1.176585222144,8,Typec,Toyota,Distribution
2026-01-08 14:00:00,6.120471728186851,1.9707927646064545,0.32200014184042136,0,0,8,0,1.176585222144,8,Typec,Toyota,Distribution
2026-01-08 15:00:00,6.120471728186851,3.240565464570659,0.5294633499648,0,0,8,0,1.176585222144,8,Typec,Toyota,Distribution
2026-01-08 16:00:00,6.120471728186851,1.8865071146224126,0.3082290382838314,0,0,8,0,1.176585222144,8,Typec,Toyota,Distribution
2026-01-08 17:00:00,6.120471728186851,1.329722681841297,0.2172582018012554,0,0,8,0,1.176585222144,8,Typec,Toyota,Distribution
2026-01-08 18:00:00,6.120471728186851,1.1264973634137694,0.1840540097956611,0,0,8,0,1.176585222144,8,Typec,Toyota,Distribution
2026-01-08 19:00:00,6.120471728186851,0.9017251928584186,0.14732936167414482,0,0,8,0,1.176585222144,8,Typec,Toyota,Distribution
2026-01-08 20:00:00,6.120471728186851,1.7337271673668802,0.28326691868904125,0,0,8,0,1.176585222144,8,Typec,Toyota,Distribution
2026-01-08 21:00:00,6.120471728186851,1.8666882902876227,0.3049909178880591,0,0,8,0,1.176585222144,8,Typec,Toyota,Distribution
2026-01-08 22:00:00,6.120471728186851,3.240565464570659,0.5294633499648,0,0,8,0,1.176585222144,8,Typec,Toyota,Distribution
2026-01-08 23:00:00,6.120471728186851,2.5426020709790746,0.4154258338077977,0,0,8,0,1.176585222144,8,Typec,Toyota,Distribution
2026-01-09 00:00:00,0.0,0.0,0.0,1,1,8,100,1.0,8,Typec,Toyota,Distribution
2026-01-09 01:00:00,0.0,0.0,0.0,1,1,8,100,1.0,8,Typec,Toyota,Distribution
2026-01-09 02:00:00,0.0,0.0,0.0,1,1,8,100,1.0,8,Typec,Toyota,Distribution
2026-01-09 03:00:00,0.0,0.0,0.0,1,1,8,100,1.0,8,Typec,Toyota,Distribution
2026-01-09 04:00:00,0.0,0.0,0.0,1,1,8,100,1.0,8,Typec,Toyota,Distribution
2026-01-09 05:00:00,0.0,0.0,0.0,1,1,8,100,1.0,8,Typec,Toyota,Distribution
2026-01-09 06:00:00,0.0,0.0,0.0,1,1,8,100,1.0,8,Typec,Toyota,Distribution
2026-01-09 07:00:00,8.063239697975083,1.58923262032509,0.19709604077926557,0,0,8,0,1.137342385344,8,Typec,Toyota,Distribution
2026-01-09 08:00:00,8.063239697975083,2.7452060959325855,0.3404594429484699,0,0,8,0,1.137342385344,8,Typec,Toyota,Distribution
2026-01-09 09:00:00,8.063239697975083,2.794052097196012,0.34651730592824626,0,0,8,0,1.137342385344,8,Typec,Toyota,Distribution
2026-01-09 10:00:00,8.063239697975083,1.6648190861275858,0.2064702462641252,0,0,8,0,1.137342385344,8,Typec,Toyota,Distribution
2026-01-09 11:00:00,8.063239697975083,1.575869059353495,0.19543869689862278,0,0,8,0,1.137342385344,8,Typec,Toyota,Distribution
2026-01-09 12:00:00,8.063239697975083,1.9375813155905273,0.24029811690667102,0,0,8,0,1.137342385344,8,Typec,Toyota,Distribution
2026-01-09 13:00:00,8.063239697975083,2.2372574207310656,0.2774638364394533,0,0,8,0,1.137342385344,8,Typec,Toyota,Distribution
2026-01-09 14:00:00,8.063239697975083,3.4305472455219594,0.42545519840908,0,0,8,0,1.137342385344,8,Typec,Toyota,Distribution
2026-01-09 15:00:00,8.063239697975083,3.5625100142987285,0.4418211721020001,0,0,8,0,1.137342385344,8,Typec,Toyota,Distribution
2026-01-09 16:00:00,8.063239697975083,2.6735738380769614,0.3315756368681901,0,0,8,0,1.137342385344,8,Typec,Toyota,Distribution
2026-01-09 17:00:00,8.063239697975083,1.8577897521109055,0.23040239676583732,0,0,8,0,1.137342385344,8,Typec,Toyota,Distribution
2026-01-09 18:00:00,8.063239697975083,0.9170664271695416,0.1137342385344,0,0,8,0,1.137342385344,8,Typec,Toyota,Distribution
2026-01-09 19:00:00,8.063239697975083,2.830014600774221,0.3509773622982981,0,0,8,0,1.137342385344,8,Typec,Toyota,Distribution
2026-01-09 20:00:00,8.063239697975083,0.9170664271695416,0.1137342385344,0,0,8,0,1.137342385344,8,Typec,Toyota,Distribution
2026-01-09 21:00:00,8.063239697975083,3.1111209585762305,0.38584006864604614,0,0,8,0,1.137342385344,8,Typec,Toyota,Distribution
2026-01-09 22:00:00,8.063239697975083,0.9170664271695416,0.1137342385344,0,0,8,0,1.137342385344,8,Typec,Toyota,Distribution
2026-01-09 23:00:00,8.063239697975083,2.756337973024176,0.3418400142211292,0,0,8,0,1.137342385344,8,Typec,Toyota,Distribution
2026-01-10 00:00:00,0.0,0.0,0.0,1,1,8,100,1.0,8,Typec,Toyota,Distribution
2026-01-10 01:00:00,0.0,0.0,0.0,1,1,8,100,1.0,8,Typec,Toyota,Distribution
2026-01-10 02:00:00,0.0,0.0,0.0,1,1,8,100,1.0,8,Typec,Toyota,Distribution
2026-01-10 03:00:00,0.0,0.0,0.0,1,1,8,100,1.0,8,Typec,Toyota,Distribution
2026-01-10 04:00:00,0.0,0.0,0.0,1,1,8,100,1.0,8,Typec,Toyota,Distribution
2026-01-10 05:00:00,0.0,0.0,0.0,1,1,8,100,1.0,8,Typec,Toyota,Distribution
2026-01-10 06:00:00,0.0,0.0,0.0,1,1,8,100,1.0,8,Typec,Toyota,Distribution
2026-01-10 07:00:00,4.206742126251527,0.5455885195912905,0.12969383509072954,0,0,8,0,1.18961004,8,Typec,Toyota,Distribution
2026-01-10 08:00:00,4.206742126251527,1.7351930841268144,0.41247907098906994,0,0,8,0,1.18961004,8,Typec,Toyota,Distribution
2026-01-10 09:00:00,4.206742126251527,1.9754273999336813,0.46958604560197087,0,0,8,0,1.18961004,8,Typec,Toyota,Distribution
2026-01-10 10:00:00,4.206742126251527,0.759818901504725,0.18061931982072113,0,0,8,0,1.18961004,8,Typec,Toyota,Distribution
2026-01-10 11:00:00,4.206742126251527,1.9021731400599324,0.4521725085523341,0,0,8,0,1.18961004,8,Typec,Toyota,Distribution
2026-01-10 12:00:00,4.206742126251527,1.2638190032625518,0.30042702056203635,0,0,8,0,1.18961004,8,Typec,Toyota,Distribution
2026-01-10 13:00:00,4.206742126251527,0.5534812006562628,0.13157003306723952,0,0,8,0,1.18961004,8,Typec,Toyota,Distribution
2026-01-10 14:00:00,4.206742126251527,0.7982418241826463,0.18975297278179737,0,0,8,0,1.18961004,8,Typec,Toyota,Distribution
2026-01-10 15:00:00,4.206742126251527,0.8395660719658155,0.1995763103059331,0,0,8,0,1.18961004,8,Typec,Toyota,Distribution
2026-01-10 16:00:00,4.206742126251527,0.7722724648146295,0.18357970173531246,0,0,8,0,1.18961004,8,Typec,Toyota,Distribution
2026-01-10 17:00:00,4.206742126251527,1.7047414169607291,0.40524029422258917,0,0,8,0,1.18961004,8,Typec,Toyota,Distribution
2026-01-10 18:00:00,4.206742126251527,2.251972201085894,0.535324518,0,0,8,0,1.18961004,8,Typec,Toyota,Distribution
2026-01-10 19:00:00,0.0,0.0,0.0,1,1,8,100,1.0,8,Typec,Toyota,Distribution
2026-01-10 20:00:00,0.0,0.0,0.0,1,1,8,100,1.0,8,Typec,Toyota,Distribution
2026-01-10 21:00:00,0.0,0.0,0.0,1,1,8,100,1.0,8,Typec,Toyota,Distribution
2026-01-10 22:00:00,0.0,0.0,0.0,1,1,8,100,1.0,8,Typec,Toyota,Distribution
2026-01-10 23:00:00,0.0,0.0,0.0,1,1,8,100,1.0,8,Typec,Toyota,Distribution
2026-01-11 00:00:00,0.0,0.0,0.0,1,1,8,100,1.0,8,Typec,Toyota,Distribution
2026-01-11 01:00:00,0.0,0.0,0.0,1,1,8,100,1.0,8,Typec,Toyota,Distribution
2026-01-11 02:00:00,0.0,0.0,0.0,1,1,8,100,1.0,8,Typec,Toyota,Distribution
2026-01-11 03:00:00,0.0,0.0,0.0,1,1,8,100,1.0,8,Typec,Toyota,Distribution
2026-01-11 04:00:00,0.0,0.0,0.0,1,1,8,100,1.0,8,Typec,Toyota,Distribution
2026-01-11 05:00:00,0.0,0.0,0.0,1,1,8,100,1.0,8,Typec,Toyota,Distribution
2026-01-11 06:00:00,0.0,0.0,0.0,1,1,8,100,1.0,8,Typec,Toyota,Distribution
2026-01-11 07:00:00,7.534207144703288,1.8535496983820163,0.24601788387051482,0,0,8,0,1.122069513044,8,Typec,Toyota,Distribution
2026-01-11 08:00:00,7.534207144703288,1.7800783702820324,0.2362661838324244,0,0,8,0,1.122069513044,8,Typec,Toyota,Distribution
2026-01-11 09:00:00,7.534207144703288,1.1383107857401056,0.15108567681741572,0,0,8,0,1.122069513044,8,Typec,Toyota,Distribution
2026-01-11 10:00:00,7.534207144703288,1.243870004729337,0.1650963373901665,0,0,8,0,1.122069513044,8,Typec,Toyota,Distribution
2026-01-11 11:00:00,7.534207144703288,1.7401533928336799,0.23096702272873473,0,0,8,0,1.122069513044,8,Typec,Toyota,Distribution
2026-01-11 12:00:00,7.534207144703288,2.137480684674063,0.2837034665521187,0,0,8,0,1.122069513044,8,Typec,Toyota,Distribution
2026-01-11 13:00:00,7.534207144703288,2.136102947810204,0.2835206023386191,0,0,8,0,1.122069513044,8,Typec,Toyota,Distribution
2026-01-11 14:00:00,7.534207144703288,1.5655743879495012,0.20779550626639384,0,0,8,0,1.122069513044,8,Typec,Toyota,Distribution
2026-01-11 15:00:00,7.534207144703288,1.7957508829918198,0.2383463645878481,0,0,8,0,1.122069513044,8,Typec,Toyota,Distribution
2026-01-11 16:00:00,7.534207144703288,2.454663652318533,0.3258025171293857,0,0,8,0,1.122069513044,8,Typec,Toyota,Distribution
2026-01-11 17:00:00,7.534207144703288,3.0666213210125197,0.40702641460666783,0,0,8,0,1.122069513044,8,Typec,Toyota,Distribution
2026-01-11 18:00:00,0.0,0.0,0.0,1,1,8,100,1.0,8,Typec,Toyota,Distribution
2026-01-11 19:00:00,0.0,0.0,0.0,1,1,8,100,1.0,8,Typec,Toyota,Distribution
2026-01-11 20:00:00,0.0,0.0,0.0,1,1,8,100,1.0,8,Typec,Toyota,Distribution
2026-01-11 21:00:00,0.0,0.0,0.0,1,1,8,100,1.0,8,Typec,Toyota,Distribution
2026-01-11 22:00:00,0.0,0.0,0.0,1,1,8,100,1.0,8,Typec,Toyota,Distribution
2026-01-11 23:00:00,0.0,0.0,0.0,1,1,8,100,1.0,8,Typec,Toyota,Distribution
2026-01-12 00:00:00,0.0,0.0,0.0,1,1,8,100,1.0,8,Typec,Toyota,Distribution
2026-01-12 01:00:00,0.0,0.0,0.0,1,1,8,100,1.0,8,Typec,Toyota,Distribution
2026-01-12 02:00:00,0.0,0.0,0.0,1,1,8,100,1.0,8,Typec,Toyota,Distribution
2026-01-12 03:00:00,0.0,0.0,0.0,1,1,8,100,1.0,8,Typec,Toyota,Distribution
2026-01-12 04:00:00,0.0,0.0,0.0,1,1,8,100,1.0,8,Typec,Toyota,Distribution
2026-01-12 05:00:00,0.0,0.0,0.0,1,1,8,100,1.0,8,Typec,Toyota,Distribution
2026-01-12 06:00:00,7.66451076683639,0.8583403802801124,0.1119889326784,0,0,8,0,1.119889326784,8,Typec,Toyota,Distribution
2026-01-12 07:00:00,7.66451076683639,1.4811503151834546,0.19324786150634052,0,0,8,0,1.119889326784,8,Typec,Toyota,Distribution
2026-01-12 08:00:00,7.66451076683639,1.9452448041798736,0.2537989525171995,0,0,8,0,1.119889326784,8,Typec,Toyota,Distribution
2026-01-12 09:00:00,7.66451076683639,2.7353006021493864,0.356878695243638,0,0,8,0,1.119889326784,8,Typec,Toyota,Distribution
2026-01-12 10:00:00,7.66451076683639,3.8625317112605058,0.5039501970528,0,0,8,0,1.119889326784,8,Typec,Toyota,Distribution
2026-01-12 11:00:00,7.66451076683639,3.002810373623193,0.39178108883558077,0,0,8,0,1.119889326784,8,Typec,Toyota,Distribution
2026-01-12 12:00:00,7.66451076683639,3.707965433500784,0.4837837073104259,0,0,8,0,1.119889326784,8,Typec,Toyota,Distribution
2026-01-12 13:00:00,7.66451076683639,2.481580215046411,0.3237754229250969,0,0,8,0,1.119889326784,8,Typec,Toyota,Distribution
2026-01-12 14:00:00,7.66451076683639,1.8209378531634801,0.2375804416692198,0,0,8,0,1.119889326784,8,Typec,Toyota,Distribution
2026-01-12 15:00:00,7.66451076683639,0.8583403802801124,0.1119889326784,0,0,8,0,1.119889326784,8,Typec,Toyota,Distribution
2026-01-12 16:00:00,7.66451076683639,1.2563271952276178,0.16391485816206644,0,0,8,0,1.119889326784,8,Typec,Toyota,Distribution
2026-01-12 17:00:00,7.66451076683639,2.3031465418546797,0.3004949189738471,0,0,8,0,1.119889326784,8,Typec,Toyota,Distribution
2026-01-12 18:00:00,7.66451076683639,2.521357859618379,0.328965270755187,0,0,8,0,1.119889326784,8,Typec,Toyota,Distribution
2026-01-12 19:00:00,7.66451076683639,2.9318185221307633,0.38251867748903995,0,0,8,0,1.119889326784,8,Typec,Toyota,Distribution
2026-01-12 20:00:00,7.66451076683639,3.364789905481168,0.43900909110080377,0,0,8,0,1.119889326784,8,Typec,Toyota,Distribution
2026-01-12 21:00:00,7.66451076683639,1.7078447405616684,0.2228250168231677,0,0,8,0,1.119889326784,8,Typec,Toyota,Distribution
2026-01-12 22:00:00,0.0,0.0,0.0,1,1,8,100,1.0,8,Typec,Toyota,Distribution
2026-01-12 23:00:00,0.0,0.0,0.0,1,1,8,100,1.0,8,Typec,Toyota,Distribution
2026-01-13 00:00:00,0.0,0.0,0.0,1,1,8,100,1.0,8,Typec,Toyota,Distribution
2026-01-13 01:00:00,0.0,0.0,0.0,1,1,8,100,1.0,8,Typec,Toyota,Distribution
2026-01-13 02:00:00,0.0,0.0,0.0,1,1,8,100,1.0,8,Typec,Toyota,Distribution
2026-01-13 03:00:00,0.0,0.0,0.0,1,1,8,100,1.0,8,Typec,Toyota,Distribution
2026-01-13 04:00:00,0.0,0.0,0.0,1,1,8,100,1.0,8,Typec,Toyota,Distribution
2026-01-13 05:00:00,0.0,0.0,0.0,1,1,8,100,1.0,8,Typec,Toyota,Distribution
2026-01-13 06:00:00,7.9509491530067935,0.8938856493495686,0.11242502400000001,0,0,8,0,1.12425024,8,Typec,Toyota,Distribution
2026-01-13 07:00:00,7.9509491530067935,4.005281413237904,0.5037488400643633,0,0,8,0,1.12425024,8,Typec,Toyota,Distribution
2026-01-13 08:00:00,7.9509491530067935,2.932944774121131,0.3688798302793806,0,0,8,0,1.12425024,8,Typec,Toyota,Distribution
2026-01-13 09:00:00,7.9509491530067935,2.683965248080942,0.33756538954420967,0,0,8,0,1.12425024,8,Typec,Toyota,Distribution
2026-01-13 10:00:00,7.9509491530067935,0.8938856493495686,0.11242502400000001,0,0,8,0,1.12425024,8,Typec,Toyota,Distribution
2026-01-13 11:00:00,7.9509491530067935,2.850515111422308,0.3585125570001079,0,0,8,0,1.12425024,8,Typec,Toyota,Distribution
2026-01-13 12:00:00,7.9509491530067935,4.022485422073058,0.505912608,0,0,8,0,1.12425024,8,Typec,Toyota,Distribution
2026-01-13 13:00:00,7.9509491530067935,1.7786753736328815,0.22370604306534192,0,0,8,0,1.12425024,8,Typec,Toyota,Distribution
2026-01-13 14:00:00,7.9509491530067935,2.853753095754462,0.35891980200568435,0,0,8,0,1.12425024,8,Typec,Toyota,Distribution
2026-01-13 15:00:00,7.9509491530067935,3.782288762248356,0.47570279842853924,0,0,8,0,1.12425024,8,Typec,Toyota,Distribution
2026-01-13 16:00:00,7.9509491530067935,4.022485422073058,0.505912608,0,0,8,0,1.12425024,8,Typec,Toyota,Distribution
2026-01-13 17:00:00,7.9509491530067935,1.5520515438172007,0.1952033039011782,0,0,8,0,1.12425024,8,Typec,Toyota,Distribution
2026-01-13 18:00:00,7.9509491530067935,3.7494686087201248,0.47157497005275106,0,0,8,0,1.12425024,8,Typec,Toyota,Distribution
2026-01-13 19:00:00,7.9509491530067935,2.4500241999543575,0.308142355435368,0,0,8,0,1.12425024,8,Typec,Toyota,Distribution
2026-01-13 20:00:00,7.9509491530067935,3.549143984427568,0.4463799121499093,0,0,8,0,1.12425024,8,Typec,Toyota,Distribution
2026-01-13 21:00:00,7.9509491530067935,2.6316088722864164,0.3309804680729503,0,0,8,0,1.12425024,8,Typec,Toyota,Distribution
2026-01-13 22:00:00,7.9509491530067935,1.7890937937771998,0.2250163797237493,0,0,8,0,1.12425024,8,Typec,Toyota,Distribution
2026-01-13 23:00:00,0.0,0.0,0.0,1,1,8,100,1.0,8,Typec,Toyota,Distribution
2026-01-14 00:00:00,0.0,0.0,0.0,1,1,8,100,1.0,8,Typec,Toyota,Distribution
2026-01-14 01:00:00,0.0,0.0,0.0,1,1,8,100,1.0,8,Typec,Toyota,Distribution
2026-01-14 02:00:00,0.0,0.0,0.0,1,1,8,100,1.0,8,Typec,Toyota,Distribution
2026-01-14 03:00:00,0.0,0.0,0.0,1,1,8,100,1.0,8,Typec,Toyota,Distribution
2026-01-14 04:00:00,0.0,0.0,0.0,1,1,8,100,1.0,8,Typec,Toyota,Distribution
2026-01-14 05:00:00,0.0,0.0,0.0,1,1,8,100,1.0,8,Typec,Toyota,Distribution
2026-01-14 06:00:00,7.540754492925921,3.4053721085120974,0.4515956741075075,0,0,8,0,1.102475,8,Typec,Toyota,Distribution
2026-01-14 07:00:00,7.540754492925921,1.9930674467602139,0.2643061047312886,0,0,8,0,1.102475,8,Typec,Toyota,Distribution
2026-01-14 08:00:00,7.540754492925921,1.380059297221012,0.18301342372512766,0,0,8,0,1.102475,8,Typec,Toyota,Distribution
2026-01-14 09:00:00,7.540754492925921,0.8313493309588507,0.11024750000000001,0,0,8,0,1.102475,8,Typec,Toyota,Distribution
2026-01-14 10:00:00,7.540754492925921,2.3114297796156182,0.30652500114995124,0,0,8,0,1.102475,8,Typec,Toyota,Distribution
2026-01-14 11:00:00,7.540754492925921,1.0117482724792883,0.1341706951775744,0,0,8,0,1.102475,8,Typec,Toyota,Distribution
2026-01-14 12:00:00,7.540754492925921,3.6072394040132716,0.47836584620242834,0,0,8,0,1.102475,8,Typec,Toyota,Distribution
2026-01-14 13:00:00,7.540754492925921,1.5259005861633002,0.20235383443324764,0,0,8,0,1.102475,8,Typec,Toyota,Distribution
2026-01-14 14:00:00,7.540754492925921,0.8313493309588507,0.11024750000000001,0,0,8,0,1.102475,8,Typec,Toyota,Distribution
2026-01-14 15:00:00,7.540754492925921,3.043768277100841,0.4036424047429523,0,0,8,0,1.102475,8,Typec,Toyota,Distribution
2026-01-14 16:00:00,7.540754492925921,2.67011910695811,0.354091770188644,0,0,8,0,1.102475,8,Typec,Toyota,Distribution
2026-01-14 17:00:00,7.540754492925921,3.4662229376217426,0.4596652683592141,0,0,8,0,1.102475,8,Typec,Toyota,Distribution
2026-01-14 18:00:00,7.540754492925921,2.1176863422623757,0.2808321560195342,0,0,8,0,1.102475,8,Typec,Toyota,Distribution
2026-01-14 19:00:00,7.540754492925921,1.2887917845317218,0.17091019018597597,0,0,8,0,1.102475,8,Typec,Toyota,Distribution
2026-01-14 20:00:00,7.540754492925921,1.975908420284724,0.26203059947626584,0,0,8,0,1.102475,8,Typec,Toyota,Distribution
2026-01-14 21:00:00,7.540754492925921,2.187857509954412,0.29013774576627177,0,0,8,0,1.102475,8,Typec,Toyota,Distribution
2026-01-14 22:00:00,7.540754492925921,3.7410719893148277,0.4961137500000001,0,0,8,0,1.102475,8,Typec,Toyota,Distribution
2026-01-14 23:00:00,0.0,0.0,0.0,1,1,8,100,1.0,8,Typec,Toyota,Distribution
2026-01-01 00:00:00,0.0,0.0,0.0,1,1,9,100,1.0,9,Typec,Toyota,Distribution
2026-01-01 01:00:00,0.0,0.0,0.0,1,1,9,100,1.0,9,Typec,Toyota,Distribution
2026-01-01 02:00:00,0.0,0.0,0.0,1,1,9,100,1.0,9,Typec,Toyota,Distribution
2026-01-01 03:00:00,0.0,0.0,0.0,1,1,9,100,1.0,9,Typec,Toyota,Distribution
2026-01-01 04:00:00,0.0,0.0,0.0,1,1,9,100,1.0,9,Typec,Toyota,Distribution
2026-01-01 05:00:00,0.0,0.0,0.0,1,1,9,100,1.0,9,Typec,Toyota,Distribution
2026-01-01 06:00:00,6.95816510653239,2.1951586821387004,0.3154795335451102,0,0,9,0,1.1329772784640002,9,Typec,Toyota,Distribution
2026-01-01 07:00:00,6.95816510653239,2.1834216520712086,0.3137927339524312,0,0,9,0,1.1329772784640002,9,Typec,Toyota,Distribution
2026-01-01 08:00:00,6.95816510653239,0.7883442965502238,0.11329772784640002,0,0,9,0,1.1329772784640002,9,Typec,Toyota,Distribution
2026-01-01 09:00:00,6.95816510653239,3.333974386682618,0.47914562756676354,0,0,9,0,1.1329772784640002,9,Typec,Toyota,Distribution
2026-01-01 10:00:00,6.95816510653239,1.6403773771650993,0.23574855612797946,0,0,9,0,1.1329772784640002,9,Typec,Toyota,Distribution
2026-01-01 11:00:00,6.95816510653239,2.5610396088361314,0.36806249487121306,0,0,9,0,1.1329772784640002,9,Typec,Toyota,Distribution
2026-01-01 12:00:00,6.95816510653239,1.3134259744368433,0.1887603921907209,0,0,9,0,1.1329772784640002,9,Typec,Toyota,Distribution
2026-01-01 13:00:00,6.95816510653239,2.779139785868673,0.39940699068201047,0,0,9,0,1.1329772784640002,9,Typec,Toyota,Distribution
2026-01-01 14:00:00,6.95816510653239,1.479088296033755,0.21256872658068623,0,0,9,0,1.1329772784640002,9,Typec,Toyota,Distribution
2026-01-01 15:00:00,6.95816510653239,3.547549334476007,0.5098397753088001,0,0,9,0,1.1329772784640002,9,Typec,Toyota,Distribution
2026-01-01 16:00:00,6.95816510653239,2.0632478146502957,0.29652182480023354,0,0,9,0,1.1329772784640002,9,Typec,Toyota,Distribution
2026-01-01 17:00:00,6.95816510653239,2.2958393133137753,0.3299489561060314,0,0,9,0,1.1329772784640002,9,Typec,Toyota,Distribution
2026-01-01 18:00:00,6.95816510653239,2.1343919915873686,0.3067463848455653,0,0,9,0,1.1329772784640002,9,Typec,Toyota,Distribution
2026-01-01 19:00:00,6.95816510653239,3.547549334476007,0.5098397753088001,0,0,9,0,1.1329772784640002,9,Typec,Toyota,Distribution
2026-01-01 20:00:00,6.95816510653239,1.197721030282226,0.17213173472382748,0,0,9,0,1.1329772784640002,9,Typec,Toyota,Distribution
2026-01-01 21:00:00,6.95816510653239,2.077253853594061,0.29853471738460413,0,0,9,0,1.1329772784640002,9,Typec,Toyota,Distribution
2026-01-01 22:00:00,6.95816510653239,1.0465315049722461,0.15040337343960875,0,0,9,0,1.1329772784640002,9,Typec,Toyota,Distribution
2026-01-01 23:00:00,6.95816510653239,1.6527331612880634,0.23752428060904476,0,0,9,0,1.1329772784640002,9,Typec,Toyota,Distribution
2026-01-02 00:00:00,0.0,0.0,0.0,1,1,9,100,1.0,9,Typec,Toyota,Distribution
2026-01-02 01:00:00,0.0,0.0,0.0,1,1,9,100,1.0,9,Typec,Toyota,Distribution
2026-01-02 02:00:00,0.0,0.0,0.0,1,1,9,100,1.0,9,Typec,Toyota,Distribution
2026-01-02 03:00:00,0.0,0.0,0.0,1,1,9,100,1.0,9,Typec,Toyota,Distribution
2026-01-02 04:00:00,0.0,0.0,0.0,1,1,9,100,1.0,9,Typec,Toyota,Distribution
2026-01-02 05:00:00,0.0,0.0,0.0,1,1,9,100,1.0,9,Typec,Toyota,Distribution
2026-01-02 06:00:00,0.0,0.0,0.0,1,1,9,100,1.0,9,Typec,Toyota,Distribution
2026-01-02 07:00:00,7.78746349105548,4.319437471172376,0.5546655180000001,0,0,9,0,1.23259004,9,Typec,Toyota,Distribution
2026-01-02 08:00:00,7.78746349105548,0.9598749935938614,0.123259004,0,0,9,0,1.23259004,9,Typec,Toyota,Distribution
2026-01-02 09:00:00,7.78746349105548,2.7413761663279677,0.35202427202087766,0,0,9,0,1.23259004,9,Typec,Toyota,Distribution
2026-01-02 10:00:00,7.78746349105548,0.9784566792582866,0.125645106443468,0,0,9,0,1.23259004,9,Typec,Toyota,Distribution
2026-01-02 11:00:00,7.78746349105548,3.168768114995672,0.40690632047716874,0,0,9,0,1.23259004,9,Typec,Toyota,Distribution
2026-01-02 12:00:00,7.78746349105548,0.9598749935938614,0.123259004,0,0,9,0,1.23259004,9,Typec,Toyota,Distribution
2026-01-02 13:00:00,7.78746349105548,2.7937485238617192,0.358749485897502,0,0,9,0,1.23259004,9,Typec,Toyota,Distribution
2026-01-02 14:00:00,7.78746349105548,2.7507169558692435,0.3532237369752886,0,0,9,0,1.23259004,9,Typec,Toyota,Distribution
2026-01-02 15:00:00,7.78746349105548,1.446047395148495,0.185689139577912,0,0,9,0,1.23259004,9,Typec,Toyota,Distribution
2026-01-02 16:00:00,7.78746349105548,1.8224271286648728,0.2340206321041601,0,0,9,0,1.23259004,9,Typec,Toyota,Distribution
2026-01-02 17:00:00,7.78746349105548,2.1023430774687086,0.26996506370571327,0,0,9,0,1.23259004,9,Typec,Toyota,Distribution
2026-01-02 18:00:00,7.78746349105548,4.220847463260492,0.5420054255289248,0,0,9,0,1.23259004,9,Typec,Toyota,Distribution
2026-01-02 19:00:00,7.78746349105548,4.319437471172376,0.5546655180000001,0,0,9,0,1.23259004,9,Typec,Toyota,Distribution
2026-01-02 20:00:00,7.78746349105548,2.0462953234449404,0.26276788659045053,0,0,9,0,1.23259004,9,Typec,Toyota,Distribution
2026-01-02 21:00:00,7.78746349105548,3.6067016513122545,0.4631420301944065,0,0,9,0,1.23259004,9,Typec,Toyota,Distribution
2026-01-02 22:00:00,7.78746349105548,3.5075121729539513,0.450404958813946,0,0,9,0,1.23259004,9,Typec,Toyota,Distribution
2026-01-02 23:00:00,7.78746349105548,3.227064055396184,0.41439219061543253,0,0,9,0,1.23259004,9,Typec,Toyota,Distribution
2026-01-03 00:00:00,0.0,0.0,0.0,1,1,9,100,1.0,9,Typec,Toyota,Distribution
2026-01-03 01:00:00,0.0,0.0,0.0,1,1,9,100,1.0,9,Typec,Toyota,Distribution
2026-01-03 02:00:00,0.0,0.0,0.0,1,1,9,100,1.0,9,Typec,Toyota,Distribution
2026-01-03 03:00:00,0.0,0.0,0.0,1,1,9,100,1.0,9,Typec,Toyota,Distribution
2026-01-03 04:00:00,0.0,0.0,0.0,1,1,9,100,1.0,9,Typec,Toyota,Distribution
2026-01-03 05:00:00,0.0,0.0,0.0,1,1,9,100,1.0,9,Typec,Toyota,Distribution
2026-01-03 06:00:00,6.418064803523582,2.6810549438675704,0.41773572345290816,0,0,9,0,1.209049010004,9,Typec,Toyota,Distribution
2026-01-03 07:00:00,6.418064803523582,1.213477797763248,0.18907222580504898,0,0,9,0,1.209049010004,9,Typec,Toyota,Distribution
2026-01-03 08:00:00,6.418064803523582,1.8042281599854,0.28111716151492594,0,0,9,0,1.209049010004,9,Typec,Toyota,Distribution
2026-01-03 09:00:00,6.418064803523582,2.034808080880432,0.31704386651928196,0,0,9,0,1.209049010004,9,Typec,Toyota,Distribution
2026-01-03 10:00:00,6.418064803523582,1.3034615353253072,0.2030926105030435,0,0,9,0,1.209049010004,9,Typec,Toyota,Distribution
2026-01-03 11:00:00,6.418064803523582,3.491889703578767,0.5440720545018,0,0,9,0,1.209049010004,9,Typec,Toyota,Distribution
2026-01-03 12:00:00,6.418064803523582,2.0544870482269757,0.3201100504779948,0,0,9,0,1.209049010004,9,Typec,Toyota,Distribution
2026-01-03 13:00:00,6.418064803523582,3.491889703578767,0.5440720545018,0,0,9,0,1.209049010004,9,Typec,Toyota,Distribution
2026-01-03 14:00:00,6.418064803523582,3.250774381782798,0.5065038265113949,0,0,9,0,1.209049010004,9,Typec,Toyota,Distribution
2026-01-03 15:00:00,6.418064803523582,3.491889703578767,0.5440720545018,0,0,9,0,1.209049010004,9,Typec,Toyota,Distribution
2026-01-03 16:00:00,6.418064803523582,3.4358995047294143,0.5353482100777591,0,0,9,0,1.209049010004,9,Typec,Toyota,Distribution
2026-01-03 17:00:00,6.418064803523582,0.9929513575779959,0.15471195570241916,0,0,9,0,1.209049010004,9,Typec,Toyota,Distribution
2026-01-03 18:00:00,6.418064803523582,1.499093719358053,0.23357410142307,0,0,9,0,1.209049010004,9,Typec,Toyota,Distribution
2026-01-03 19:00:00,6.418064803523582,1.0945138996841257,0.17053643632317741,0,0,9,0,1.209049010004,9,Typec,Toyota,Distribution
2026-01-03 20:00:00,0.0,0.0,0.0,1,1,9,100,1.0,9,Typec,Toyota,Distribution
2026-01-03 21:00:00,0.0,0.0,0.0,1,1,9,100,1.0,9,Typec,Toyota,Distribution
2026-01-03 22:00:00,0.0,0.0,0.0,1,1,9,100,1.0,9,Typec,Toyota,Distribution
2026-01-03 23:00:00,0.0,0.0,0.0,1,1,9,100,1.0,9,Typec,Toyota,Distribution
2026-01-04 00:00:00,0.0,0.0,0.0,1,1,9,100,1.0,9,Typec,Toyota,Distribution
2026-01-04 01:00:00,0.0,0.0,0.0,1,1,9,100,1.0,9,Typec,Toyota,Distribution
2026-01-04 02:00:00,0.0,0.0,0.0,1,1,9,100,1.0,9,Typec,Toyota,Distribution
2026-01-04 03:00:00,0.0,0.0,0.0,1,1,9,100,1.0,9,Typec,Toyota,Distribution
2026-01-04 04:00:00,0.0,0.0,0.0,1,1,9,100,1.0,9,Typec,Toyota,Distribution
2026-01-04 05:00:00,0.0,0.0,0.0,1,1,9,100,1.0,9,Typec,Toyota,Distribution
2026-01-04 06:00:00,0.0,0.0,0.0,1,1,9,100,1.0,9,Typec,Toyota,Distribution
2026-01-04 07:00:00,0.0,0.0,0.0,1,1,9,100,1.0,9,Typec,Toyota,Distribution
2026-01-04 08:00:00,6.499681301413846,2.007639984192972,0.30888283457163657,0,0,9,0,1.3050301525,9,Typec,Toyota,Distribution
2026-01-04 09:00:00,6.499681301413846,2.6281614159131967,0.4043523511439715,0,0,9,0,1.3050301525,9,Typec,Toyota,Distribution
2026-01-04 10:00:00,6.499681301413846,3.0263020440977684,0.46560775886649564,0,0,9,0,1.3050301525,9,Typec,Toyota,Distribution
2026-01-04 11:00:00,6.499681301413846,3.3222284399751505,0.5111371290239233,0,0,9,0,1.3050301525,9,Typec,Toyota,Distribution
2026-01-04 12:00:00,6.499681301413846,0.8482280079985511,0.13050301525000002,0,0,9,0,1.3050301525,9,Typec,Toyota,Distribution
2026-01-04 13:00:00,6.499681301413846,2.7878203597455533,0.4289164699720172,0,0,9,0,1.3050301525,9,Typec,Toyota,Distribution
2026-01-04 14:00:00,6.499681301413846,0.8482280079985511,0.13050301525000002,0,0,9,0,1.3050301525,9,Typec,Toyota,Distribution
2026-01-04 15:00:00,6.499681301413846,2.135879753549115,0.328612997237958,0,0,9,0,1.3050301525,9,Typec,Toyota,Distribution
2026-01-04 16:00:00,6.499681301413846,2.077913857655508,0.31969472983290875,0,0,9,0,1.3050301525,9,Typec,Toyota,Distribution
2026-01-04 17:00:00,6.499681301413846,2.316080317164664,0.35633752021977716,0,0,9,0,1.3050301525,9,Typec,Toyota,Distribution
2026-01-04 18:00:00,6.499681301413846,3.6277166534803595,0.5581376201770446,0,0,9,0,1.3050301525,9,Typec,Toyota,Distribution
2026-01-04 19:00:00,6.499681301413846,2.119324225763713,0.3260658680761326,0,0,9,0,1.3050301525,9,Typec,Toyota,Distribution
2026-01-04 20:00:00,6.499681301413846,1.8140098548981924,0.2790921232558894,0,0,9,0,1.3050301525,9,Typec,Toyota,Distribution
2026-01-04 21:00:00,0.0,0.0,0.0,1,1,9,100,1.0,9,Typec,Toyota,Distribution
2026-01-04 22:00:00,0.0,0.0,0.0,1,1,9,100,1.0,9,Typec,Toyota,Distribution
2026-01-04 23:00:00,0.0,0.0,0.0,1,1,9,100,1.0,9,Typec,Toyota,Distribution
2026-01-05 00:00:00,0.0,0.0,0.0,1,1,9,100,1.0,9,Typec,Toyota,Distribution
2026-01-05 01:00:00,0.0,0.0,0.0,1,1,9,100,1.0,9,Typec,Toyota,Distribution
2026-01-05 02:00:00,0.0,0.0,0.0,1,1,9,100,1.0,9,Typec,Toyota,Distribution
2026-01-05 03:00:00,0.0,0.0,0.0,1,1,9,100,1.0,9,Typec,Toyota,Distribution
2026-01-05 04:00:00,0.0,0.0,0.0,1,1,9,100,1.0,9,Typec,Toyota,Distribution
2026-01-05 05:00:00,0.0,0.0,0.0,1,1,9,100,1.0,9,Typec,Toyota,Distribution
2026-01-05 06:00:00,6.458165641422285,1.2541396806423382,0.19419441220249323,0,0,9,0,1.226197579604,9,Typec,Toyota,Distribution
2026-01-05 07:00:00,6.458165641422285,3.0470094226260267,0.471807257943756,0,0,9,0,1.226197579604,9,Typec,Toyota,Distribution
2026-01-05 08:00:00,6.458165641422285,1.966281696016196,0.3044644261529286,0,0,9,0,1.226197579604,9,Typec,Toyota,Distribution
2026-01-05 09:00:00,6.458165641422285,1.7622824008547322,0.27287661833130433,0,0,9,0,1.226197579604,9,Typec,Toyota,Distribution
2026-01-05 10:00:00,6.458165641422285,2.0435977582720946,0.3164362563209252,0,0,9,0,1.226197579604,9,Typec,Toyota,Distribution
2026-01-05 11:00:00,6.458165641422285,2.344231166002058,0.3629871539630853,0,0,9,0,1.226197579604,9,Typec,Toyota,Distribution
2026-01-05 12:00:00,6.458165641422285,2.110947400069932,0.3268648587348771,0,0,9,0,1.226197579604,9,Typec,Toyota,Distribution
2026-01-05 13:00:00,6.458165641422285,2.237236506924902,0.3464198088347877,0,0,9,0,1.226197579604,9,Typec,Toyota,Distribution
2026-01-05 14:00:00,6.458165641422285,2.1918031294293354,0.3393847806211786,0,0,9,0,1.226197579604,9,Typec,Toyota,Distribution
2026-01-05 15:00:00,6.458165641422285,3.2135981073477167,0.4976023047064467,0,0,9,0,1.226197579604,9,Typec,Toyota,Distribution
2026-01-05 16:00:00,6.458165641422285,2.848237834357575,0.4410289225301298,0,0,9,0,1.226197579604,9,Typec,Toyota,Distribution
2026-01-05 17:00:00,6.458165641422285,1.7111005429215451,0.26495147971223426,0,0,9,0,1.226197579604,9,Typec,Toyota,Distribution
2026-01-05 18:00:00,6.458165641422285,3.4292294692543686,0.5309912535007615,0,0,9,0,1.226197579604,9,Typec,Toyota,Distribution
2026-01-05 19:00:00,6.458165641422285,1.8311275161664555,0.2835367839470877,0,0,9,0,1.226197579604,9,Typec,Toyota,Distribution
2026-01-05 20:00:00,6.458165641422285,2.2400253881771848,0.346851646822094,0,0,9,0,1.226197579604,9,Typec,Toyota,Distribution
2026-01-05 21:00:00,6.458165641422285,0.977910402218447,0.151422316570233,0,0,9,0,1.226197579604,9,Typec,Toyota,Distribution
2026-01-05 22:00:00,6.458165641422285,3.5635441851871748,0.5517889108218,0,0,9,0,1.226197579604,9,Typec,Toyota,Distribution
2026-01-05 23:00:00,6.458165641422285,1.076395241795775,0.1666719780136701,0,0,9,0,1.226197579604,9,Typec,Toyota,Distribution
2026-01-06 00:00:00,0.0,0.0,0.0,1,1,9,100,1.0,9,Typec,Toyota,Distribution
2026-01-06 01:00:00,0.0,0.0,0.0,1,1,9,100,1.0,9,Typec,Toyota,Distribution
2026-01-06 02:00:00,0.0,0.0,0.0,1,1,9,100,1.0,9,Typec,Toyota,Distribution
2026-01-06 03:00:00,0.0,0.0,0.0,1,1,9,100,1.0,9,Typec,Toyota,Distribution
2026-01-06 04:00:00,0.0,0.0,0.0,1,1,9,100,1.0,9,Typec,Toyota,Distribution
2026-01-06 05:00:00,0.0,0.0,0.0,1,1,9,100,1.0,9,Typec,Toyota,Distribution
2026-01-06 06:00:00,5.550858199855758,0.7386139256810552,0.13306301459840003,0,0,9,0,1.3306301459840002,9,Typec,Toyota,Distribution
2026-01-06 07:00:00,5.550858199855758,2.337307387109703,0.4210713556275747,0,0,9,0,1.3306301459840002,9,Typec,Toyota,Distribution
2026-01-06 08:00:00,5.550858199855758,3.1072740756459494,0.5597826432904904,0,0,9,0,1.3306301459840002,9,Typec,Toyota,Distribution
2026-01-06 09:00:00,5.550858199855758,1.3545445507143006,0.24402434757737088,0,0,9,0,1.3306301459840002,9,Typec,Toyota,Distribution
2026-01-06 10:00:00,5.550858199855758,1.7585107312003192,0.31679979345284215,0,0,9,0,1.3306301459840002,9,Typec,Toyota,Distribution
2026-01-06 11:00:00,5.550858199855758,1.9488419107221697,0.351088397605403,0,0,9,0,1.3306301459840002,9,Typec,Toyota,Distribution
2026-01-06 12:00:00,5.550858199855758,1.7672284311050483,0.31837030734292054,0,0,9,0,1.3306301459840002,9,Typec,Toyota,Distribution
2026-01-06 13:00:00,5.550858199855758,0.7386139256810552,0.13306301459840003,0,0,9,0,1.3306301459840002,9,Typec,Toyota,Distribution
2026-01-06 14:00:00,5.550858199855758,3.323762665564748,0.5987835656928001,0,0,9,0,1.3306301459840002,9,Typec,Toyota,Distribution
2026-01-06 15:00:00,5.550858199855758,1.26185715706882,0.22732649828842863,0,0,9,0,1.3306301459840002,9,Typec,Toyota,Distribution
2026-01-06 16:00:00,5.550858199855758,0.8969037366778384,0.1615792917753051,0,0,9,0,1.3306301459840002,9,Typec,Toyota,Distribution
2026-01-06 17:00:00,5.550858199855758,1.2962037495294632,0.23351411671138456,0,0,9,0,1.3306301459840002,9,Typec,Toyota,Distribution
2026-01-06 18:00:00,5.550858199855758,3.323762665564748,0.5987835656928001,0,0,9,0,1.3306301459840002,9,Typec,Toyota,Distribution
2026-01-06 19:00:00,5.550858199855758,2.6470257396420265,0.47686783634840657,0,0,9,0,1.3306301459840002,9,Typec,Toyota,Distribution
2026-01-06 20:00:00,5.550858199855758,1.6993331077383735,0.3061388071095983,0,0,9,0,1.3306301459840002,9,Typec,Toyota,Distribution
2026-01-06 21:00:00,5.550858199855758,0.7386139256810552,0.13306301459840003,0,0,9,0,1.3306301459840002,9,Typec,Toyota,Distribution
2026-01-06 22:00:00,5.550858199855758,2.271076016471652,0.4091396203438717,0,0,9,0,1.3306301459840002,9,Typec,Toyota,Distribution
2026-01-06 23:00:00,5.550858199855758,1.7470216025802674,0.31473000024134373,0,0,9,0,1.3306301459840002,9,Typec,Toyota,Distribution
2026-01-07 00:00:00,0.0,0.0,0.0,1,1,9,100,1.0,9,Typec,Toyota,Distribution
2026-01-07 01:00:00,0.0,0.0,0.0,1,1,9,100,1.0,9,Typec,Toyota,Distribution
2026-01-07 02:00:00,0.0,0.0,0.0,1,1,9,100,1.0,9,Typec,Toyota,Distribution
2026-01-07 03:00:00,0.0,0.0,0.0,1,1,9,100,1.0,9,Typec,Toyota,Distribution
2026-01-07 04:00:00,0.0,0.0,0.0,1,1,9,100,1.0,9,Typec,Toyota,Distribution
2026-01-07 05:00:00,5.90149481219862,2.3792944496618222,0.4031680998420481,0,0,9,0,1.282756305344,9,Typec,Toyota,Distribution
2026-01-07 06:00:00,5.90149481219862,1.2597203540606952,0.21345784316488836,0,0,9,0,1.282756305344,9,Typec,Toyota,Distribution
2026-01-07 07:00:00,5.90149481219862,1.400856051444664,0.23737308868746948,0,0,9,0,1.282756305344,9,Typec,Toyota,Distribution
2026-01-07 08:00:00,5.90149481219862,2.950881211967325,0.5000226732162397,0,0,9,0,1.282756305344,9,Typec,Toyota,Distribution
2026-01-07 09:00:00,5.90149481219862,0.7570179681302686,0.12827563053440003,0,0,9,0,1.282756305344,9,Typec,Toyota,Distribution
2026-01-07 10:00:00,5.90149481219862,2.405901506551477,0.4076766282295775,0,0,9,0,1.282756305344,9,Typec,Toyota,Distribution
2026-01-07 11:00:00,5.90149481219862,1.532808207075012,0.25973219596950886,0,0,9,0,1.282756305344,9,Typec,Toyota,Distribution
2026-01-07 12:00:00,5.90149481219862,1.4737808853155967,0.24973009927404058,0,0,9,0,1.282756305344,9,Typec,Toyota,Distribution
2026-01-07 13:00:00,5.90149481219862,1.4372392905956217,0.24353817741647282,0,0,9,0,1.282756305344,9,Typec,Toyota,Distribution
2026-01-07 14:00:00,5.90149481219862,1.9123227374464429,0.32404039964478104,0,0,9,0,1.282756305344,9,Typec,Toyota,Distribution
2026-01-07 15:00:00,5.90149481219862,1.975878093966136,0.3348097654651698,0,0,9,0,1.282756305344,9,Typec,Toyota,Distribution
2026-01-07 16:00:00,5.90149481219862,2.453725301901279,0.41578030312410563,0,0,9,0,1.282756305344,9,Typec,Toyota,Distribution
2026-01-07 17:00:00,5.90149481219862,2.616218381348364,0.4433145270145013,0,0,9,0,1.282756305344,9,Typec,Toyota,Distribution
2026-01-07 18:00:00,5.90149481219862,2.096289440917147,0.35521329893979314,0,0,9,0,1.282756305344,9,Typec,Toyota,Distribution
2026-01-07 19:00:00,5.90149481219862,2.1493790392599488,0.3642092567491711,0,0,9,0,1.282756305344,9,Typec,Toyota,Distribution
2026-01-07 20:00:00,5.90149481219862,3.4065808565862086,0.5772403374048001,0,0,9,0,1.282756305344,9,Typec,Toyota,Distribution
2026-01-07 21:00:00,5.90149481219862,2.8104110022320197,0.47622019364022655,0,0,9,0,1.282756305344,9,Typec,Toyota,Distribution
2026-01-07 22:00:00,5.90149481219862,2.642799627887284,0.44781868187438106,0,0,9,0,1.282756305344,9,Typec,Toyota,Distribution
2026-01-07 23:00:00,5.90149481219862,0.7570179681302686,0.12827563053440003,0,0,9,0,1.282756305344,9,Typec,Toyota,Distribution
2026-01-08 00:00:00,0.0,0.0,0.0,1,1,9,100,1.0,9,Typec,Toyota,Distribution
2026-01-08 01:00:00,0.0,0.0,0.0,1,1,9,100,1.0,9,Typec,Toyota,Distribution
2026-01-08 02:00:00,0.0,0.0,0.0,1,1,9,100,1.0,9,Typec,Toyota,Distribution
2026-01-08 03:00:00,0.0,0.0,0.0,1,1,9,100,1.0,9,Typec,Toyota,Distribution
2026-01-08 04:00:00,0.0,0.0,0.0,1,1,9,100,1.0,9,Typec,Toyota,Distribution
2026-01-08 05:00:00,0.0,0.0,0.0,1,1,9,100,1.0,9,Typec,Toyota,Distribution
2026-01-08 06:00:00,0.0,0.0,0.0,1,1,9,100,1.0,9,Typec,Toyota,Distribution
2026-01-08 07:00:00,7.265130593159601,2.4713948876003102,0.34017212160332305,0,0,9,0,1.176585222144,9,Typec,Toyota,Distribution
2026-01-08 08:00:00,7.265130593159601,0.854804529285786,0.11765852221440001,0,0,9,0,1.176585222144,9,Typec,Toyota,Distribution
2026-01-08 09:00:00,7.265130593159601,3.273744818186288,0.450610594841701,0,0,9,0,1.176585222144,9,Typec,Toyota,Distribution
2026-01-08 10:00:00,7.265130593159601,1.5944215269086106,0.21946219774904246,0,0,9,0,1.176585222144,9,Typec,Toyota,Distribution
2026-01-08 11:00:00,7.265130593159601,3.846620381786037,0.5294633499648,0,0,9,0,1.176585222144,9,Typec,Toyota,Distribution
2026-01-08 12:00:00,7.265130593159601,2.883700184601622,0.3969233790947594,0,0,9,0,1.176585222144,9,Typec,Toyota,Distribution
2026-01-08 13:00:00,7.265130593159601,1.471326461734604,0.20251892830665902,0,0,9,0,1.176585222144,9,Typec,Toyota,Distribution
2026-01-08 14:00:00,7.265130593159601,3.475892825327898,0.4784350096336306,0,0,9,0,1.176585222144,9,Typec,Toyota,Distribution
2026-01-08 15:00:00,7.265130593159601,1.4214697196946044,0.19565645812794788,0,0,9,0,1.176585222144,9,Typec,Toyota,Distribution
2026-01-08 16:00:00,7.265130593159601,1.810715192379128,0.2492336743518397,0,0,9,0,1.176585222144,9,Typec,Toyota,Distribution
2026-01-08 17:00:00,7.265130593159601,1.8566846235701704,0.2555610803910821,0,0,9,0,1.176585222144,9,Typec,Toyota,Distribution
2026-01-08 18:00:00,7.265130593159601,3.7043540878819874,0.5098812802304997,0,0,9,0,1.176585222144,9,Typec,Toyota,Distribution
2026-01-08 19:00:00,7.265130593159601,0.854804529285786,0.11765852221440001,0,0,9,0,1.176585222144,9,Typec,Toyota,Distribution
2026-01-08 20:00:00,7.265130593159601,2.2354049389378114,0.3076895742304386,0,0,9,0,1.176585222144,9,Typec,Toyota,Distribution
2026-01-08 21:00:00,7.265130593159601,0.854804529285786,0.11765852221440001,0,0,9,0,1.176585222144,9,Typec,Toyota,Distribution
2026-01-08 22:00:00,7.265130593159601,1.7108329527460167,0.2354855058430514,0,0,9,0,1.176585222144,9,Typec,Toyota,Distribution
2026-01-08 23:00:00,7.265130593159601,2.048659667909663,0.2819852501809884,0,0,9,0,1.176585222144,9,Typec,Toyota,Distribution
2026-01-09 00:00:00,0.0,0.0,0.0,1,1,9,100,1.0,9,Typec,Toyota,Distribution
2026-01-09 01:00:00,0.0,0.0,0.0,1,1,9,100,1.0,9,Typec,Toyota,Distribution
2026-01-09 02:00:00,0.0,0.0,0.0,1,1,9,100,1.0,9,Typec,Toyota,Distribution
2026-01-09 03:00:00,0.0,0.0,0.0,1,1,9,100,1.0,9,Typec,Toyota,Distribution
2026-01-09 04:00:00,0.0,0.0,0.0,1,1,9,100,1.0,9,Typec,Toyota,Distribution
2026-01-09 05:00:00,0.0,0.0,0.0,1,1,9,100,1.0,9,Typec,Toyota,Distribution
2026-01-09 06:00:00,7.764162965506795,1.7405007740833613,0.22417107701316166,0,0,9,0,1.137342385344,9,Typec,Toyota,Distribution
2026-01-09 07:00:00,7.764162965506795,2.931058299646443,0.37751117701521897,0,0,9,0,1.137342385344,9,Typec,Toyota,Distribution
2026-01-09 08:00:00,7.764162965506795,3.4003163921150357,0.43795015730882264,0,0,9,0,1.137342385344,9,Typec,Toyota,Distribution
2026-01-09 09:00:00,7.764162965506795,3.022071128178715,0.3892333457714142,0,0,9,0,1.137342385344,9,Typec,Toyota,Distribution
2026-01-09 10:00:00,7.764162965506795,2.097430021246975,0.2701424520022382,0,0,9,0,1.137342385344,9,Typec,Toyota,Distribution
2026-01-09 11:00:00,7.764162965506795,0.8830511627389043,0.1137342385344,0,0,9,0,1.137342385344,9,Typec,Toyota,Distribution
2026-01-09 12:00:00,7.764162965506795,0.9480653160115758,0.12210785891840076,0,0,9,0,1.137342385344,9,Typec,Toyota,Distribution
2026-01-09 13:00:00,7.764162965506795,2.55810322012298,0.3294757247481349,0,0,9,0,1.137342385344,9,Typec,Toyota,Distribution
2026-01-09 14:00:00,7.764162965506795,3.0998027089659868,0.39924493119699106,0,0,9,0,1.137342385344,9,Typec,Toyota,Distribution
2026-01-09 15:00:00,7.764162965506795,1.5533245950729129,0.20006336832105914,0,0,9,0,1.137342385344,9,Typec,Toyota,Distribution
2026-01-09 16:00:00,7.764162965506795,3.8680817893875803,0.4981968831118032,0,0,9,0,1.137342385344,9,Typec,Toyota,Distribution
2026-01-09 17:00:00,7.764162965506795,3.973730232325069,0.5118040734047999,0,0,9,0,1.137342385344,9,Typec,Toyota,Distribution
2026-01-09 18:00:00,7.764162965506795,2.840612961838361,0.36586209929623037,0,0,9,0,1.137342385344,9,Typec,Toyota,Distribution
2026-01-09 19:00:00,7.764162965506795,2.3842088876892493,0.3070786765143103,0,0,9,0,1.137342385344,9,Typec,Toyota,Distribution
2026-01-09 20:00:00,7.764162965506795,2.4036605710428782,0.30958399272676557,0,0,9,0,1.137342385344,9,Typec,Toyota,Distribution
2026-01-09 21:00:00,7.764162965506795,3.733817718748306,0.4809040891254124,0,0,9,0,1.137342385344,9,Typec,Toyota,Distribution
2026-01-09 22:00:00,0.0,0.0,0.0,1,1,9,100,1.0,9,Typec,Toyota,Distribution
2026-01-09 23:00:00,0.0,0.0,0.0,1,1,9,100,1.0,9,Typec,Toyota,Distribution
2026-01-10 00:00:00,0.0,0.0,0.0,1,1,9,100,1.0,9,Typec,Toyota,Distribution
2026-01-10 01:00:00,0.0,0.0,0.0,1,1,9,100,1.0,9,Typec,Toyota,Distribution
2026-01-10 02:00:00,0.0,0.0,0.0,1,1,9,100,1.0,9,Typec,Toyota,Distribution
2026-01-10 03:00:00,0.0,0.0,0.0,1,1,9,100,1.0,9,Typec,Toyota,Distribution
2026-01-10 04:00:00,0.0,0.0,0.0,1,1,9,100,1.0,9,Typec,Toyota,Distribution
2026-01-10 05:00:00,0.0,0.0,0.0,1,1,9,100,1.0,9,Typec,Toyota,Distribution
2026-01-10 06:00:00,0.0,0.0,0.0,1,1,9,100,1.0,9,Typec,Toyota,Distribution
2026-01-10 07:00:00,0.0,0.0,0.0,1,1,9,100,1.0,9,Typec,Toyota,Distribution
2026-01-10 08:00:00,7.048502122995239,2.091558942589542,0.2967380737200857,0,0,9,0,1.18961004,9,Typec,Toyota,Distribution
2026-01-10 09:00:00,7.048502122995239,0.9749297737379193,0.13831729872894272,0,0,9,0,1.18961004,9,Typec,Toyota,Distribution
2026-01-10 10:00:00,7.048502122995239,2.8314199147483534,0.4017051942867473,0,0,9,0,1.18961004,9,Typec,Toyota,Distribution
2026-01-10 11:00:00,7.048502122995239,3.773236001614403,0.535324518,0,0,9,0,1.18961004,9,Typec,Toyota,Distribution
2026-01-10 12:00:00,7.048502122995239,0.8384968892476452,0.11896100400000001,0,0,9,0,1.18961004,9,Typec,Toyota,Distribution
2026-01-10 13:00:00,7.048502122995239,0.96464187360595,0.1368577120036432,0,0,9,0,1.18961004,9,Typec,Toyota,Distribution
2026-01-10 14:00:00,7.048502122995239,3.773236001614403,0.535324518,0,0,9,0,1.18961004,9,Typec,Toyota,Distribution
2026-01-10 15:00:00,7.048502122995239,2.543755968013212,0.3608931264579445,0,0,9,0,1.18961004,9,Typec,Toyota,Distribution
2026-01-10 16:00:00,7.048502122995239,3.520913372426305,0.4995264683172293,0,0,9,0,1.18961004,9,Typec,Toyota,Distribution
2026-01-10 17:00:00,7.048502122995239,0.8384968892476452,0.11896100400000001,0,0,9,0,1.18961004,9,Typec,Toyota,Distribution
2026-01-10 18:00:00,7.048502122995239,2.307841804676297,0.32742301334451285,0,0,9,0,1.18961004,9,Typec,Toyota,Distribution
2026-01-10 19:00:00,0.0,0.0,0.0,1,1,9,100,1.0,9,Typec,Toyota,Distribution
2026-01-10 20:00:00,0.0,0.0,0.0,1,1,9,100,1.0,9,Typec,Toyota,Distribution
2026-01-10 21:00:00,0.0,0.0,0.0,1,1,9,100,1.0,9,Typec,Toyota,Distribution
2026-01-10 22:00:00,0.0,0.0,0.0,1,1,9,100,1.0,9,Typec,Toyota,Distribution
2026-01-10 23:00:00,0.0,0.0,0.0,1,1,9,100,1.0,9,Typec,Toyota,Distribution
2026-01-11 00:00:00,0.0,0.0,0.0,1,1,9,100,1.0,9,Typec,Toyota,Distribution
2026-01-11 01:00:00,0.0,0.0,0.0,1,1,9,100,1.0,9,Typec,Toyota,Distribution
2026-01-11 02:00:00,0.0,0.0,0.0,1,1,9,100,1.0,9,Typec,Toyota,Distribution
2026-01-11 03:00:00,0.0,0.0,0.0,1,1,9,100,1.0,9,Typec,Toyota,Distribution
2026-01-11 04:00:00,0.0,0.0,0.0,1,1,9,100,1.0,9,Typec,Toyota,Distribution
2026-01-11 05:00:00,0.0,0.0,0.0,1,1,9,100,1.0,9,Typec,Toyota,Distribution
2026-01-11 06:00:00,0.0,0.0,0.0,1,1,9,100,1.0,9,Typec,Toyota,Distribution
2026-01-11 07:00:00,0.0,0.0,0.0,1,1,9,100,1.0,9,Typec,Toyota,Distribution
2026-01-11 08:00:00,6.860326373063527,2.500264849488927,0.36445275538289235,0,0,9,0,1.122069513044,9,Typec,Toyota,Distribution
2026-01-11 09:00:00,6.860326373063527,1.2493699259018425,0.18211523154457845,0,0,9,0,1.122069513044,9,Typec,Toyota,Distribution
2026-01-11 10:00:00,6.860326373063527,3.4639933827358362,0.5049312808698,0,0,9,0,1.122069513044,9,Typec,Toyota,Distribution
2026-01-11 11:00:00,6.860326373063527,3.205453596926958,0.46724505841484326,0,0,9,0,1.122069513044,9,Typec,Toyota,Distribution
2026-01-11 12:00:00,6.860326373063527,3.4639933827358362,0.5049312808698,0,0,9,0,1.122069513044,9,Typec,Toyota,Distribution
2026-01-11 13:00:00,6.860326373063527,3.4129140015691846,0.4974856611734528,0,0,9,0,1.122069513044,9,Typec,Toyota,Distribution
2026-01-11 14:00:00,6.860326373063527,2.1021457772730683,0.30642066615474156,0,0,9,0,1.122069513044,9,Typec,Toyota,Distribution
2026-01-11 15:00:00,6.860326373063527,0.7697763072746303,0.1122069513044,0,0,9,0,1.122069513044,9,Typec,Toyota,Distribution
2026-01-11 16:00:00,6.860326373063527,2.092740635863536,0.3050497195119608,0,0,9,0,1.122069513044,9,Typec,Toyota,Distribution
2026-01-11 17:00:00,6.860326373063527,3.4639933827358362,0.5049312808698,0,0,9,0,1.122069513044,9,Typec,Toyota,Distribution
2026-01-11 18:00:00,6.860326373063527,1.5866091907305988,0.2312731354823411,0,0,9,0,1.122069513044,9,Typec,Toyota,Distribution
2026-01-11 19:00:00,6.860326373063527,2.8321457566514234,0.41282959478015463,0,0,9,0,1.122069513044,9,Typec,Toyota,Distribution
2026-01-11 20:00:00,0.0,0.0,0.0,1,1,9,100,1.0,9,Typec,Toyota,Distribution
2026-01-11 21:00:00,0.0,0.0,0.0,1,1,9,100,1.0,9,Typec,Toyota,Distribution
2026-01-11 22:00:00,0.0,0.0,0.0,1,1,9,100,1.0,9,Typec,Toyota,Distribution
2026-01-11 23:00:00,0.0,0.0,0.0,1,1,9,100,1.0,9,Typec,Toyota,Distribution
2026-01-12 00:00:00,0.0,0.0,0.0,1,1,9,100,1.0,9,Typec,Toyota,Distribution
2026-01-12 01:00:00,0.0,0.0,0.0,1,1,9,100,1.0,9,Typec,Toyota,Distribution
2026-01-12 02:00:00,0.0,0.0,0.0,1,1,9,100,1.0,9,Typec,Toyota,Distribution
2026-01-12 03:00:00,0.0,0.0,0.0,1,1,9,100,1.0,9,Typec,Toyota,Distribution
2026-01-12 04:00:00,0.0,0.0,0.0,1,1,9,100,1.0,9,Typec,Toyota,Distribution
2026-01-12 05:00:00,5.205175044536538,0.897954704801061,0.1725119130707378,0,0,9,0,1.119889326784,9,Typec,Toyota,Distribution
2026-01-12 06:00:00,5.205175044536538,2.4745593582502368,0.4754036775089028,0,0,9,0,1.119889326784,9,Typec,Toyota,Distribution
2026-01-12 07:00:00,5.205175044536538,1.2922905403764195,0.2482703327590943,0,0,9,0,1.119889326784,9,Typec,Toyota,Distribution
2026-01-12 08:00:00,5.205175044536538,1.3776687568724042,0.26467289670083904,0,0,9,0,1.119889326784,9,Typec,Toyota,Distribution
2026-01-12 09:00:00,5.205175044536538,1.7976817698945526,0.34536432579369974,0,0,9,0,1.119889326784,9,Typec,Toyota,Distribution
2026-01-12 10:00:00,5.205175044536538,0.9884075742724038,0.1898894015696662,0,0,9,0,1.119889326784,9,Typec,Toyota,Distribution
2026-01-12 11:00:00,5.205175044536538,2.0009546700176615,0.38441640346330064,0,0,9,0,1.119889326784,9,Typec,Toyota,Distribution
2026-01-12 12:00:00,5.205175044536538,1.2226777914146374,0.23489657522622337,0,0,9,0,1.119889326784,9,Typec,Toyota,Distribution
2026-01-12 13:00:00,5.205175044536538,1.5601775596894993,0.29973584871599945,0,0,9,0,1.119889326784,9,Typec,Toyota,Distribution
2026-01-12 14:00:00,5.205175044536538,1.3041625435429844,0.25055114042934273,0,0,9,0,1.119889326784,9,Typec,Toyota,Distribution
2026-01-12 15:00:00,5.205175044536538,1.3887790468003327,0.26680736669135163,0,0,9,0,1.119889326784,9,Typec,Toyota,Distribution
2026-01-12 16:00:00,5.205175044536538,0.8959270538274415,0.17212236786692228,0,0,9,0,1.119889326784,9,Typec,Toyota,Distribution
2026-01-12 17:00:00,5.205175044536538,1.473126976033484,0.2830119954524314,0,0,9,0,1.119889326784,9,Typec,Toyota,Distribution
2026-01-12 18:00:00,5.205175044536538,0.58292199764189,0.1119889326784,0,0,9,0,1.119889326784,9,Typec,Toyota,Distribution
2026-01-12 19:00:00,5.205175044536538,1.7437588020993686,0.3350048340698273,0,0,9,0,1.119889326784,9,Typec,Toyota,Distribution
2026-01-12 20:00:00,5.205175044536538,1.3803047532345616,0.2651793150901541,0,0,9,0,1.119889326784,9,Typec,Toyota,Distribution
2026-01-12 21:00:00,5.205175044536538,0.58292199764189,0.1119889326784,0,0,9,0,1.119889326784,9,Typec,Toyota,Distribution
2026-01-12 22:00:00,5.205175044536538,2.623148989388505,0.5039501970528,0,0,9,0,1.119889326784,9,Typec,Toyota,Distribution
2026-01-12 23:00:00,5.205175044536538,0.58292199764189,0.1119889326784,0,0,9,0,1.119889326784,9,Typec,Toyota,Distribution
2026-01-13 00:00:00,0.0,0.0,0.0,1,1,9,100,1.0,9,Typec,Toyota,Distribution
2026-01-13 01:00:00,0.0,0.0,0.0,1,1,9,100,1.0,9,Typec,Toyota,Distribution
2026-01-13 02:00:00,0.0,0.0,0.0,1,1,9,100,1.0,9,Typec,Toyota,Distribution
2026-01-13 03:00:00,0.0,0.0,0.0,1,1,9,100,1.0,9,Typec,Toyota,Distribution
2026-01-13 04:00:00,0.0,0.0,0.0,1,1,9,100,1.0,9,Typec,Toyota,Distribution
2026-01-13 05:00:00,0.0,0.0,0.0,1,1,9,100,1.0,9,Typec,Toyota,Distribution
2026-01-13 06:00:00,0.0,0.0,0.0,1,1,9,100,1.0,9,Typec,Toyota,Distribution
2026-01-13 07:00:00,4.8229623825657475,0.5422216616110513,0.11242502400000001,0,0,9,0,1.12425024,9,Typec,Toyota,Distribution
2026-01-13 08:00:00,4.8229623825657475,0.976195501399186,0.20240578797130568,0,0,9,0,1.12425024,9,Typec,Toyota,Distribution
2026-01-13 09:00:00,4.8229623825657475,2.2491012998360733,0.46633191831771736,0,0,9,0,1.12425024,9,Typec,Toyota,Distribution
2026-01-13 10:00:00,4.8229623825657475,0.5422216616110513,0.11242502400000001,0,0,9,0,1.12425024,9,Typec,Toyota,Distribution
2026-01-13 11:00:00,4.8229623825657475,1.4780518113026802,0.3064614015331336,0,0,9,0,1.12425024,9,Typec,Toyota,Distribution
2026-01-13 12:00:00,4.8229623825657475,1.5744356744961048,0.3264457712105412,0,0,9,0,1.12425024,9,Typec,Toyota,Distribution
2026-01-13 13:00:00,4.8229623825657475,0.9531384600462087,0.19762510764994867,0,0,9,0,1.12425024,9,Typec,Toyota,Distribution
2026-01-13 14:00:00,4.8229623825657475,1.2710020197971588,0.2635313981281778,0,0,9,0,1.12425024,9,Typec,Toyota,Distribution
2026-01-13 15:00:00,4.8229623825657475,1.605581310012522,0.33290355235123675,0,0,9,0,1.12425024,9,Typec,Toyota,Distribution
2026-01-13 16:00:00,4.8229623825657475,1.6835415223095573,0.3490679355898142,0,0,9,0,1.12425024,9,Typec,Toyota,Distribution
2026-01-13 17:00:00,4.8229623825657475,0.7636721998748471,0.15834089907800283,0,0,9,0,1.12425024,9,Typec,Toyota,Distribution
2026-01-13 18:00:00,4.8229623825657475,0.5422216616110513,0.11242502400000001,0,0,9,0,1.12425024,9,Typec,Toyota,Distribution
2026-01-13 19:00:00,4.8229623825657475,1.4867774224806682,0.3082705823821342,0,0,9,0,1.12425024,9,Typec,Toyota,Distribution
2026-01-13 20:00:00,4.8229623825657475,1.041983116120798,0.2160462872128971,0,0,9,0,1.12425024,9,Typec,Toyota,Distribution
2026-01-13 21:00:00,4.8229623825657475,2.245034285669523,0.4654886577148041,0,0,9,0,1.12425024,9,Typec,Toyota,Distribution
2026-01-13 22:00:00,4.8229623825657475,1.4999440174785927,0.311000563243175,0,0,9,0,1.12425024,9,Typec,Toyota,Distribution
2026-01-13 23:00:00,4.8229623825657475,1.6017265267773761,0.33210429601677305,0,0,9,0,1.12425024,9,Typec,Toyota,Distribution
2026-01-14 00:00:00,0.0,0.0,0.0,1,1,9,100,1.0,9,Typec,Toyota,Distribution
2026-01-14 01:00:00,0.0,0.0,0.0,1,1,9,100,1.0,9,Typec,Toyota,Distribution
2026-01-14 02:00:00,0.0,0.0,0.0,1,1,9,100,1.0,9,Typec,Toyota,Distribution
2026-01-14 03:00:00,0.0,0.0,0.0,1,1,9,100,1.0,9,Typec,Toyota,Distribution
2026-01-14 04:00:00,0.0,0.0,0.0,1,1,9,100,1.0,9,Typec,Toyota,Distribution
2026-01-14 05:00:00,0.0,0.0,0.0,1,1,9,100,1.0,9,Typec,Toyota,Distribution
2026-01-14 06:00:00,6.147483088784225,1.2490768697699748,0.20318508432318472,0,0,9,0,1.102475,9,Typec,Toyota,Distribution
2026-01-14 07:00:00,6.147483088784225,1.2575997213947443,0.20457148124395366,0,0,9,0,1.102475,9,Typec,Toyota,Distribution
2026-01-14 08:00:00,6.147483088784225,1.9093828542893927,0.3105958693522828,0,0,9,0,1.102475,9,Typec,Toyota,Distribution
2026-01-14 09:00:00,6.147483088784225,2.227612462300949,0.36236170642992355,0,0,9,0,1.102475,9,Typec,Toyota,Distribution
2026-01-14 10:00:00,6.147483088784225,2.847213111796497,0.4631510279371236,0,0,9,0,1.102475,9,Typec,Toyota,Distribution
2026-01-14 11:00:00,6.147483088784225,2.9998891378215737,0.4879865620606133,0,0,9,0,1.102475,9,Typec,Toyota,Distribution
2026-01-14 12:00:00,6.147483088784225,2.2244279864723655,0.36184369348339046,0,0,9,0,1.102475,9,Typec,Toyota,Distribution
2026-01-14 13:00:00,6.147483088784225,1.3601939162400611,0.22126029410665107,0,0,9,0,1.102475,9,Typec,Toyota,Distribution
2026-01-14 14:00:00,6.147483088784225,1.9962398534930257,0.3247247409488715,0,0,9,0,1.102475,9,Typec,Toyota,Distribution
2026-01-14 15:00:00,6.147483088784225,0.8713060096613205,0.14173377902429285,0,0,9,0,1.102475,9,Typec,Toyota,Distribution
2026-01-14 16:00:00,6.147483088784225,2.8552408780901652,0.46445689021892705,0,0,9,0,1.102475,9,Typec,Toyota,Distribution
2026-01-14 17:00:00,6.147483088784225,2.666887727249651,0.43381782247034634,0,0,9,0,1.102475,9,Typec,Toyota,Distribution
2026-01-14 18:00:00,6.147483088784225,1.1007227954397327,0.17905259429634648,0,0,9,0,1.102475,9,Typec,Toyota,Distribution
2026-01-14 19:00:00,6.147483088784225,1.1912341168294636,0.19377590790006574,0,0,9,0,1.102475,9,Typec,Toyota,Distribution
2026-01-14 20:00:00,6.147483088784225,1.2077427664747404,0.1964613401992446,0,0,9,0,1.102475,9,Typec,Toyota,Distribution
2026-01-14 21:00:00,6.147483088784225,1.2443414512445294,0.20241478232201535,0,0,9,0,1.102475,9,Typec,Toyota,Distribution
2026-01-14 22:00:00,6.147483088784225,1.6824575402506698,0.2736823372999967,0,0,9,0,1.102475,9,Typec,Toyota,Distribution
2026-01-14 23:00:00,6.147483088784225,0.6777446418307389,0.11024750000000001,0,0,9,0,1.102475,9,Typec,Toyota,Distribution
