date,Distance_km,Consumption_kWh,Consumption_km,Location,ChargingStation,ID,PowerRating_kW,consumption_factor,VehicleID,ScheduleType,VehicleType,CompanyType
2026-01-01 00:00:00,0.0,0.0,0.0,1,1,0,80,1.0,0,Typec,Renault,Mail
2026-01-01 01:00:00,0.0,0.0,0.0,1,1,0,80,1.0,0,Typec,Renault,Mail
2026-01-01 02:00:00,0.0,0.0,0.0,1,1,0,80,1.0,0,Typec,Renault,Mail
2026-01-01 03:00:00,0.0,0.0,0.0,1,1,0,80,1.0,0,Typec,Renault,Mail
2026-01-01 04:00:00,0.0,0.0,0.0,1,1,0,80,1.0,0,Typec,Renault,Mail
2026-01-01 05:00:00,8.973124954136262,1.6270024457580676,0.18131949059820934,0,0,0,0,1.1329772784640002,0,Typec,Renault,Mail
2026-01-01 06:00:00,8.973124954136262,1.6270252288070755,0.18132202962994293,0,0,0,0,1.1329772784640002,0,Typec,Renault,Mail
2026-01-01 07:00:00,8.973124954136262,4.143422174155178,0.4617591079287514,0,0,0,0,1.1329772784640002,0,Typec,Renault,Mail
2026-01-01 08:00:00,8.973124954136262,3.016912590714144,0.33621649159398637,0,0,0,0,1.1329772784640002,0,Typec,Renault,Mail
2026-01-01 09:00:00,8.973124954136262,1.3004459905260868,0.14492676711546645,0,0,0,0,1.1329772784640002,0,Typec,Renault,Mail
2026-01-01 10:00:00,8.973124954136262,2.704852567633116,0.30143930698148635,0,0,0,0,1.1329772784640002,0,Typec,Renault,Mail
2026-01-01 11:00:00,8.973124954136262,1.308850901869637,0.14586344317720745,0,0,0,0,1.1329772784640002,0,Typec,Renault,Mail
2026-01-01 12:00:00,8.973124954136262,1.3056424405365035,0.14550587974757365,0,0,0,0,1.1329772784640002,0,Typec,Renault,Mail
2026-01-01 13:00:00,8.973124954136262,2.287711138671697,0.25495144114951296,0,0,0,0,1.1329772784640002,0,Typec,Renault,Mail
2026-01-01 14:00:00,8.973124954136262,1.0166346689854708,0.11329772784640002,0,0,0,0,1.1329772784640002,0,Typec,Renault,Mail
2026-01-01 15:00:00,8.973124954136262,1.0166346689854708,0.11329772784640002,0,0,0,0,1.1329772784640002,0,Typec,Renault,Mail
2026-01-01 16:00:00,8.973124954136262,1.1716486046874872,0.13057308470305015,0,0,0,0,1.1329772784640002,0,Typec,Renault,Mail
2026-01-01 17:00:00,8.973124954136262,1.0166346689854708,0.11329772784640002,0,0,0,0,1.1329772784640002,0,Typec,Renault,Mail
2026-01-01 18:00:00,8.973124954136262,2.388021574932353,0.2661304269290899,0,0,0,0,1.1329772784640002,0,Typec,Renault,Mail
2026-01-01 19:00:00,8.973124954136262,1.0166346689854708,0.11329772784640002,0,0,0,0,1.1329772784640002,0,Typec,Renault,Mail
2026-01-01 20:00:00,8.973124954136262,1.0166346689854708,0.11329772784640002,0,0,0,0,1.1329772784640002,0,Typec,Renault,Mail
2026-01-01 21:00:00,8.973124954136262,3.9858286286237887,0.4441962693037587,0,0,0,0,1.1329772784640002,0,Typec,Renault,Mail
2026-01-01 22:00:00,0.0,0.0,0.0,1,1,0,80,1.0,0,Typec,Renault,Mail
2026-01-01 23:00:00,0.0,0.0,0.0,1,1,0,80,1.0,0,Typec,Renault,Mail
2026-01-02 00:00:00,0.0,0.0,0.0,1,1,0,80,1.0,0,Typec,Renault,Mail
2026-01-02 01:00:00,0.0,0.0,0.0,1,1,0,80,1.0,0,Typec,Renault,Mail
2026-01-02 02:00:00,0.0,0.0,0.0,1,1,0,80,1.0,0,Typec,Renault,Mail
2026-01-02 03:00:00,0.0,0.0,0.0,1,1,0,80,1.0,0,Typec,Renault,Mail
2026-01-02 04:00:00,0.0,0.0,0.0,1,1,0,80,1.0,0,Typec,Renault,Mail
2026-01-02 05:00:00,6.346620135415699,1.6204181105185622,0.2553198515027284,0,0,0,0,1.23259004,0,Typec,Renault,Mail
2026-01-02 06:00:00,6.346620135415699,0.7822780766576842,0.123259004,0,0,0,0,1.23259004,0,Typec,Renault,Mail
2026-01-02 07:00:00,6.346620135415699,1.903147848344687,0.2998679309203736,0,0,0,0,1.23259004,0,Typec,Renault,Mail
2026-01-02 08:00:00,6.346620135415699,0.8606061631895857,0.13560070475735456,0,0,0,0,1.23259004,0,Typec,Renault,Mail
2026-01-02 09:00:00,6.346620135415699,1.1905005282915078,0.18758024001597676,0,0,0,0,1.23259004,0,Typec,Renault,Mail
2026-01-02 10:00:00,6.346620135415699,0.8594658255213663,0.13542102838727277,0,0,0,0,1.23259004,0,Typec,Renault,Mail
2026-01-02 11:00:00,6.346620135415699,3.4798542874940064,0.5483003887495275,0,0,0,0,1.23259004,0,Typec,Renault,Mail
2026-01-02 12:00:00,6.346620135415699,1.4875614413765506,0.23438639931758204,0,0,0,0,1.23259004,0,Typec,Renault,Mail
2026-01-02 13:00:00,6.346620135415699,0.7822780766576842,0.123259004,0,0,0,0,1.23259004,0,Typec,Renault,Mail
2026-01-02 14:00:00,6.346620135415699,2.380295239896096,0.37504926860416055,0,0,0,0,1.23259004,0,Typec,Renault,Mail
2026-01-02 15:00:00,6.346620135415699,0.7822780766576842,0.123259004,0,0,0,0,1.23259004,0,Typec,Renault,Mail
2026-01-02 16:00:00,6.346620135415699,1.7250004537220904,0.2717982826947787,0,0,0,0,1.23259004,0,Typec,Renault,Mail
2026-01-02 17:00:00,6.346620135415699,0.7822780766576842,0.123259004,0,0,0,0,1.23259004,0,Typec,Renault,Mail
2026-01-02 18:00:00,6.346620135415699,0.7822780766576842,0.123259004,0,0,0,0,1.23259004,0,Typec,Renault,Mail
2026-01-02 19:00:00,6.346620135415699,1.7121842197188222,0.26977890328813187,0,0,0,0,1.23259004,0,Typec,Renault,Mail
2026-01-02 20:00:00,6.346620135415699,2.2905155918518387,0.3609032119427157,0,0,0,0,1.23259004,0,Typec,Renault,Mail
2026-01-02 21:00:00,6.346620135415699,1.6849625986266166,0.26548975087135146,0,0,0,0,1.23259004,0,Typec,Renault,Mail
2026-01-02 22:00:00,0.0,0.0,0.0,1,1,0,80,1.0,0,Typec,Renault,Mail
2026-01-02 23:00:00,0.0,0.0,0.0,1,1,0,80,1.0,0,Typec,Renault,Mail
2026-01-03 00:00:00,0.0,0.0,0.0,1,1,0,80,1.0,0,Typec,Renault,Mail
2026-01-03 01:00:00,0.0,0.0,0.0,1,1,0,80,1.0,0,Typec,Renault,Mail
2026-01-03 02:00:00,0.0,0.0,0.0,1,1,0,80,1.0,0,Typec,Renault,Mail
2026-01-03 03:00:00,0.0,0.0,0.0,1,1,0,80,1.0,0,Typec,Renault,Mail
2026-01-03 04:00:00,0.0,0.0,0.0,1,1,0,80,1.0,0,Typec,Renault,Mail
2026-01-03 05:00:00,3.080199067051206,0.4808677504321713,0.1561158028959877,0,0,0,0,1.209049010004,0,Typec,Renault,Mail
2026-01-03 06:00:00,3.080199067051206,1.2524082545052333,0.4065997772358954,0,0,0,0,1.209049010004,0,Typec,Renault,Mail
2026-01-03 07:00:00,3.080199067051206,0.8897047801343014,0.2888465195809732,0,0,0,0,1.209049010004,0,Typec,Renault,Mail
2026-01-03 08:00:00,3.080199067051206,0.37241116326335044,0.1209049010004,0,0,0,0,1.209049010004,0,Typec,Renault,Mail
2026-01-03 09:00:00,3.080199067051206,0.8797746796365743,0.2856226693422178,0,0,0,0,1.209049010004,0,Typec,Renault,Mail
2026-01-03 10:00:00,3.080199067051206,0.5192762303629791,0.16858528265840378,0,0,0,0,1.209049010004,0,Typec,Renault,Mail
2026-01-03 11:00:00,3.080199067051206,0.37241116326335044,0.1209049010004,0,0,0,0,1.209049010004,0,Typec,Renault,Mail
2026-01-03 12:00:00,3.080199067051206,1.0259697153012302,0.3330855223858732,0,0,0,0,1.209049010004,0,Typec,Renault,Mail
2026-01-03 13:00:00,3.080199067051206,1.2391290069585956,0.4022886118671745,0,0,0,0,1.209049010004,0,Typec,Renault,Mail
2026-01-03 14:00:00,3.080199067051206,1.1884375220064227,0.3858314011971181,0,0,0,0,1.209049010004,0,Typec,Renault,Mail
2026-01-03 15:00:00,3.080199067051206,0.37241116326335044,0.1209049010004,0,0,0,0,1.209049010004,0,Typec,Renault,Mail
2026-01-03 16:00:00,3.080199067051206,0.5578440315655039,0.18110648676338623,0,0,0,0,1.209049010004,0,Typec,Renault,Mail
2026-01-03 17:00:00,3.080199067051206,0.883424296241241,0.2868075332179674,0,0,0,0,1.209049010004,0,Typec,Renault,Mail
2026-01-03 18:00:00,3.080199067051206,1.2109392509699126,0.39313668519781475,0,0,0,0,1.209049010004,0,Typec,Renault,Mail
2026-01-03 19:00:00,3.080199067051206,0.47144540825138426,0.15305679859929225,0,0,0,0,1.209049010004,0,Typec,Renault,Mail
2026-01-03 20:00:00,3.080199067051206,0.6206513194495532,0.20149714545681194,0,0,0,0,1.209049010004,0,Typec,Renault,Mail
2026-01-03 21:00:00,3.080199067051206,0.37241116326335044,0.1209049010004,0,0,0,0,1.209049010004,0,Typec,Renault,Mail
2026-01-03 22:00:00,3.080199067051206,0.37241116326335044,0.1209049010004,0,0,0,0,1.209049010004,0,Typec,Renault,Mail
2026-01-03 23:00:00,0.0,0.0,0.0,1,1,0,80,1.0,0,Typec,Renault,Mail
2026-01-04 00:00:00,0.0,0.0,0.0,1,1,0,80,1.0,0,Typec,Renault,Mail
2026-01-04 01:00:00,0.0,0.0,0.0,1,1,0,80,1.0,0,Typec,Renault,Mail
2026-01-04 02:00:00,0.0,0.0,0.0,1,1,0,80,1.0,0,Typec,Renault,Mail
2026-01-04 03:00:00,0.0,0.0,0.0,1,1,0,80,1.0,0,Typec,Renault,Mail
2026-01-04 04:00:00,0.0,0.0,0.0,1,1,0,80,1.0,0,Typec,Renault,Mail
2026-01-04 05:00:00,5.511956907334293,1.7361915014450782,0.3149864069392262,0,0,0,0,1.3050301525,0,Typec,Renault,Mail
2026-01-04 06:00:00,5.511956907334293,0.7476767774018075,0.1356463393984335,0,0,0,0,1.3050301525,0,Typec,Renault,Mail
2026-01-04 07:00:00,5.511956907334293,1.7359554379833428,0.3149435794161334,0,0,0,0,1.3050301525,0,Typec,Renault,Mail
2026-01-04 08:00:00,5.511956907334293,2.8912772531907436,0.5245464182318927,0,0,0,0,1.3050301525,0,Typec,Renault,Mail
2026-01-04 09:00:00,5.511956907334293,1.3459309133172215,0.24418385991485267,0,0,0,0,1.3050301525,0,Typec,Renault,Mail
2026-01-04 10:00:00,5.511956907334293,2.917402257999299,0.5292861150850725,0,0,0,0,1.3050301525,0,Typec,Renault,Mail
2026-01-04 11:00:00,5.511956907334293,0.7193269963351901,0.13050301525000002,0,0,0,0,1.3050301525,0,Typec,Renault,Mail
2026-01-04 12:00:00,5.511956907334293,2.1881185735258644,0.39697671994030304,0,0,0,0,1.3050301525,0,Typec,Renault,Mail
2026-01-04 13:00:00,5.511956907334293,1.4665777258385884,0.26607205943267404,0,0,0,0,1.3050301525,0,Typec,Renault,Mail
2026-01-04 14:00:00,5.511956907334293,1.0875180920289529,0.1973016317638269,0,0,0,0,1.3050301525,0,Typec,Renault,Mail
2026-01-04 15:00:00,5.511956907334293,1.471206028105066,0.26691174347670554,0,0,0,0,1.3050301525,0,Typec,Renault,Mail
2026-01-04 16:00:00,5.511956907334293,0.7193269963351901,0.13050301525000002,0,0,0,0,1.3050301525,0,Typec,Renault,Mail
2026-01-04 17:00:00,5.511956907334293,1.165416103177162,0.2114341825906588,0,0,0,0,1.3050301525,0,Typec,Renault,Mail
2026-01-04 18:00:00,5.511956907334293,1.7317500067806095,0.31418061423454113,0,0,0,0,1.3050301525,0,Typec,Renault,Mail
2026-01-04 19:00:00,5.511956907334293,2.8322244327676813,0.5138328329452433,0,0,0,0,1.3050301525,0,Typec,Renault,Mail
2026-01-04 20:00:00,5.511956907334293,0.8722279713815192,0.15824288651838325,0,0,0,0,1.3050301525,0,Typec,Renault,Mail
2026-01-04 21:00:00,5.511956907334293,0.7193269963351901,0.13050301525000002,0,0,0,0,1.3050301525,0,Typec,Renault,Mail
2026-01-04 22:00:00,0.0,0.0,0.0,1,1,0,80,1.0,0,Typec,Renault,Mail
2026-01-04 23:00:00,0.0,0.0,0.0,1,1,0,80,1.0,0,Typec,Renault,Mail
2026-01-05 00:00:00,0.0,0.0,0.0,1,1,0,80,1.0,0,Typec,Renault,Mail
2026-01-05 01:00:00,0.0,0.0,0.0,1,1,0,80,1.0,0,Typec,Renault,Mail
2026-01-05 02:00:00,0.0,0.0,0.0,1,1,0,80,1.0,0,Typec,Renault,Mail
2026-01-05 03:00:00,0.0,0.0,0.0,1,1,0,80,1.0,0,Typec,Renault,Mail
2026-01-05 04:00:00,0.0,0.0,0.0,1,1,0,80,1.0,0,Typec,Renault,Mail
2026-01-05 05:00:00,6.186789595118767,1.9880541187483194,0.32133856957360374,0,0,0,0,1.226197579604,0,Typec,Renault,Mail
2026-01-05 06:00:00,6.186789595118767,1.5570812088954378,0.2516783842340361,0,0,0,0,1.226197579604,0,Typec,Renault,Mail
2026-01-05 07:00:00,6.186789595118767,2.4596066447906386,0.3975578297880392,0,0,0,0,1.226197579604,0,Typec,Renault,Mail
2026-01-05 08:00:00,6.186789595118767,0.7586226427053844,0.12261975796040002,0,0,0,0,1.226197579604,0,Typec,Renault,Mail
2026-01-05 09:00:00,6.186789595118767,1.117254798326041,0.18058716579072434,0,0,0,0,1.226197579604,0,Typec,Renault,Mail
2026-01-05 10:00:00,6.186789595118767,1.0505196756141557,0.1698004529591553,0,0,0,0,1.226197579604,0,Typec,Renault,Mail
2026-01-05 11:00:00,6.186789595118767,0.7586226427053844,0.12261975796040002,0,0,0,0,1.226197579604,0,Typec,Renault,Mail
2026-01-05 12:00:00,6.186789595118767,1.7631939158477807,0.28499335378059404,0,0,0,0,1.226197579604,0,Typec,Renault,Mail
2026-01-05 13:00:00,6.186789595118767,1.7268834052403668,0.27912431458843173,0,0,0,0,1.226197579604,0,Typec,Renault,Mail
2026-01-05 14:00:00,6.186789595118767,1.4618505601426852,0.23628580504758903,0,0,0,0,1.226197579604,0,Typec,Renault,Mail
2026-01-05 15:00:00,6.186789595118767,1.21363582738961,0.19616568637587747,0,0,0,0,1.226197579604,0,Typec,Renault,Mail
2026-01-05 16:00:00,6.186789595118767,0.7586226427053844,0.12261975796040002,0,0,0,0,1.226197579604,0,Typec,Renault,Mail
2026-01-05 17:00:00,6.186789595118767,1.0209688683611826,0.16502401652170348,0,0,0,0,1.226197579604,0,Typec,Renault,Mail
2026-01-05 18:00:00,6.186789595118767,1.101667769612624,0.17806776077883985,0,0,0,0,1.226197579604,0,Typec,Renault,Mail
2026-01-05 19:00:00,6.186789595118767,0.7586226427053844,0.12261975796040002,0,0,0,0,1.226197579604,0,Typec,Renault,Mail
2026-01-05 20:00:00,6.186789595118767,1.2895409088022909,0.20843458290867184,0,0,0,0,1.226197579604,0,Typec,Renault,Mail
2026-01-05 21:00:00,6.186789595118767,1.8749581797845254,0.3030583392174552,0,0,0,0,1.226197579604,0,Typec,Renault,Mail
2026-01-05 22:00:00,6.186789595118767,3.4097385235529463,0.5511321293750074,0,0,0,0,1.226197579604,0,Typec,Renault,Mail
2026-01-05 23:00:00,0.0,0.0,0.0,1,1,0,80,1.0,0,Typec,Renault,Mail
2026-01-06 00:00:00,0.0,0.0,0.0,1,1,0,80,1.0,0,Typec,Renault,Mail
2026-01-06 01:00:00,0.0,0.0,0.0,1,1,0,80,1.0,0,Typec,Renault,Mail
2026-01-06 02:00:00,0.0,0.0,0.0,1,1,0,80,1.0,0,Typec,Renault,Mail
2026-01-06 03:00:00,0.0,0.0,0.0,1,1,0,80,1.0,0,Typec,Renault,Mail
2026-01-06 04:00:00,0.0,0.0,0.0,1,1,0,80,1.0,0,Typec,Renault,Mail
2026-01-06 05:00:00,4.266754084828605,1.0695269619598864,0.25066524592144357,0,0,0,0,1.3306301459840002,0,Typec,Renault,Mail
2026-01-06 06:00:00,4.266754084828605,1.1367514486809511,0.2664206621897719,0,0,0,0,1.3306301459840002,0,Typec,Renault,Mail
2026-01-06 07:00:00,4.266754084828605,2.554862224847992,0.5987835656928001,0,0,0,0,1.3306301459840002,0,Typec,Renault,Mail
2026-01-06 08:00:00,4.266754084828605,0.9409996346572466,0.22054227076343122,0,0,0,0,1.3306301459840002,0,Typec,Renault,Mail
2026-01-06 09:00:00,4.266754084828605,1.3237661631610174,0.3102513378654661,0,0,0,0,1.3306301459840002,0,Typec,Renault,Mail
2026-01-06 10:00:00,4.266754084828605,1.0631737998846202,0.2491762540674588,0,0,0,0,1.3306301459840002,0,Typec,Renault,Mail
2026-01-06 11:00:00,4.266754084828605,0.5677471610773317,0.13306301459840003,0,0,0,0,1.3306301459840002,0,Typec,Renault,Mail
2026-01-06 12:00:00,4.266754084828605,1.9757335169464731,0.4630530557108116,0,0,0,0,1.3306301459840002,0,Typec,Renault,Mail
2026-01-06 13:00:00,4.266754084828605,1.6728037571859484,0.3920553479128256,0,0,0,0,1.3306301459840002,0,Typec,Renault,Mail
2026-01-06 14:00:00,4.266754084828605,1.7031044334467755,0.399156923409892,0,0,0,0,1.3306301459840002,0,Typec,Renault,Mail
2026-01-06 15:00:00,4.266754084828605,0.5677471610773317,0.13306301459840003,0,0,0,0,1.3306301459840002,0,Typec,Renault,Mail
2026-01-06 16:00:00,4.266754084828605,2.1772048948553104,0.5102719424578154,0,0,0,0,1.3306301459840002,0,Typec,Renault,Mail
2026-01-06 17:00:00,4.266754084828605,0.5677471610773317,0.13306301459840003,0,0,0,0,1.3306301459840002,0,Typec,Renault,Mail
2026-01-06 18:00:00,4.266754084828605,1.5448740521032402,0.36207243759287283,0,0,0,0,1.3306301459840002,0,Typec,Renault,Mail
2026-01-06 19:00:00,4.266754084828605,2.554862224847992,0.5987835656928001,0,0,0,0,1.3306301459840002,0,Typec,Renault,Mail
2026-01-06 20:00:00,4.266754084828605,0.5677471610773317,0.13306301459840003,0,0,0,0,1.3306301459840002,0,Typec,Renault,Mail
2026-01-06 21:00:00,4.266754084828605,0.6512080371300876,0.15262375665042494,0,0,0,0,1.3306301459840002,0,Typec,Renault,Mail
2026-01-06 22:00:00,4.266754084828605,1.1673018534579516,0.273580766608639,0,0,0,0,1.3306301459840002,0,Typec,Renault,Mail
2026-01-06 23:00:00,0.0,0.0,0.0,1,1,0,80,1.0,0,Typec,Renault,Mail
2026-01-07 00:00:00,0.0,0.0,0.0,1,1,0,80,1.0,0,Typec,Renault,Mail
2026-01-07 01:00:00,0.0,0.0,0.0,1,1,0,80,1.0,0,Typec,Renault,Mail
2026-01-07 02:00:00,0.0,0.0,0.0,1,1,0,80,1.0,0,Typec,Renault,Mail
2026-01-07 03:00:00,0.0,0.0,0.0,1,1,0,80,1.0,0,Typec,Renault,Mail
2026-01-07 04:00:00,0.0,0.0,0.0,1,1,0,80,1.0,0,Typec,Renault,Mail
2026-01-07 05:00:00,5.346137785441073,1.7600205312217827,0.3292134624765522,0,0,0,0,1.282756305344,0,Typec,Renault,Mail
2026-01-07 06:00:00,5.346137785441073,0.6857791953512345,0.12827563053440003,0,0,0,0,1.282756305344,0,Typec,Renault,Mail
2026-01-07 07:00:00,5.346137785441073,2.7675719849233382,0.5176768904946967,0,0,0,0,1.282756305344,0,Typec,Renault,Mail
2026-01-07 08:00:00,5.346137785441073,0.6857791953512345,0.12827563053440003,0,0,0,0,1.282756305344,0,Typec,Renault,Mail
2026-01-07 09:00:00,5.346137785441073,1.0152179407226924,0.18989745148121612,0,0,0,0,1.282756305344,0,Typec,Renault,Mail
2026-01-07 10:00:00,5.346137785441073,2.0782202495037514,0.388733013047903,0,0,0,0,1.282756305344,0,Typec,Renault,Mail
2026-01-07 11:00:00,5.346137785441073,0.6857791953512345,0.12827563053440003,0,0,0,0,1.282756305344,0,Typec,Renault,Mail
2026-01-07 12:00:00,5.346137785441073,1.529618707190359,0.2861165889431263,0,0,0,0,1.282756305344,0,Typec,Renault,Mail
2026-01-07 13:00:00,5.346137785441073,2.5402974880933358,0.47516498639657734,0,0,0,0,1.282756305344,0,Typec,Renault,Mail
2026-01-07 14:00:00,5.346137785441073,0.6857791953512345,0.12827563053440003,0,0,0,0,1.282756305344,0,Typec,Renault,Mail
2026-01-07 15:00:00,5.346137785441073,1.4895297055259378,0.2786179042340277,0,0,0,0,1.282756305344,0,Typec,Renault,Mail
2026-01-07 16:00:00,5.346137785441073,1.5599693765364242,0.29179370961680556,0,0,0,0,1.282756305344,0,Typec,Renault,Mail
2026-01-07 17:00:00,5.346137785441073,2.0485515338578475,0.3831834524423571,0,0,0,0,1.282756305344,0,Typec,Renault,Mail
2026-01-07 18:00:00,5.346137785441073,0.6857791953512345,0.12827563053440003,0,0,0,0,1.282756305344,0,Typec,Renault,Mail
2026-01-07 19:00:00,5.346137785441073,0.6857791953512345,0.12827563053440003,0,0,0,0,1.282756305344,0,Typec,Renault,Mail
2026-01-07 20:00:00,5.346137785441073,1.8052796053780187,0.3376792140102086,0,0,0,0,1.282756305344,0,Typec,Renault,Mail
2026-01-07 21:00:00,5.346137785441073,1.5947000225540229,0.2982901089636722,0,0,0,0,1.282756305344,0,Typec,Renault,Mail
2026-01-07 22:00:00,5.346137785441073,1.5511795570790758,0.29014956578622836,0,0,0,0,1.282756305344,0,Typec,Renault,Mail
2026-01-07 23:00:00,0.0,0.0,0.0,1,1,0,80,1.0,0,Typec,Renault,Mail
2026-01-08 00:00:00,0.0,0.0,0.0,1,1,0,80,1.0,0,Typec,Renault,Mail
2026-01-08 01:00:00,0.0,0.0,0.0,1,1,0,80,1.0,0,Typec,Renault,Mail
2026-01-08 02:00:00,0.0,0.0,0.0,1,1,0,80,1.0,0,Typec,Renault,Mail
2026-01-08 03:00:00,0.0,0.0,0.0,1,1,0,80,1.0,0,Typec,Renault,Mail
2026-01-08 04:00:00,0.0,0.0,0.0,1,1,0,80,1.0,0,Typec,Renault,Mail
2026-01-08 05:00:00,7.152259271437204,0.8415242563715427,0.11765852221440001,0,0,0,0,1.176585222144,0,Typec,Renault,Mail
2026-01-08 06:00:00,7.152259271437204,3.7589055757189778,0.5255549936130388,0,0,0,0,1.176585222144,0,Typec,Renault,Mail
2026-01-08 07:00:00,7.152259271437204,2.1600092608393564,0.30200376955928154,0,0,0,0,1.176585222144,0,Typec,Renault,Mail
2026-01-08 08:00:00,7.152259271437204,0.8415242563715427,0.11765852221440001,0,0,0,0,1.176585222144,0,Typec,Renault,Mail
2026-01-08 09:00:00,7.152259271437204,2.3698969718618756,0.33134942147946755,0,0,0,0,1.176585222144,0,Typec,Renault,Mail
2026-01-08 10:00:00,7.152259271437204,0.8415242563715427,0.11765852221440001,0,0,0,0,1.176585222144,0,Typec,Renault,Mail
2026-01-08 11:00:00,7.152259271437204,2.519835394940257,0.35231320612261746,0,0,0,0,1.176585222144,0,Typec,Renault,Mail
2026-01-08 12:00:00,7.152259271437204,2.9465828486096655,0.41197931126140047,0,0,0,0,1.176585222144,0,Typec,Renault,Mail
2026-01-08 13:00:00,7.152259271437204,0.8415242563715427,0.11765852221440001,0,0,0,0,1.176585222144,0,Typec,Renault,Mail
2026-01-08 14:00:00,7.152259271437204,2.72233805198226,0.380626309626947,0,0,0,0,1.176585222144,0,Typec,Renault,Mail
2026-01-08 15:00:00,7.152259271437204,2.089880019161331,0.2921985822727847,0,0,0,0,1.176585222144,0,Typec,Renault,Mail
2026-01-08 16:00:00,7.152259271437204,2.5600111382290893,0.3579304162605769,0,0,0,0,1.176585222144,0,Typec,Renault,Mail
2026-01-08 17:00:00,7.152259271437204,3.7868591536719425,0.5294633499648,0,0,0,0,1.176585222144,0,Typec,Renault,Mail
2026-01-08 18:00:00,7.152259271437204,1.3338540014694011,0.18649407842305069,0,0,0,0,1.176585222144,0,Typec,Renault,Mail
2026-01-08 19:00:00,7.152259271437204,0.8415242563715427,0.11765852221440001,0,0,0,0,1.176585222144,0,Typec,Renault,Mail
2026-01-08 20:00:00,7.152259271437204,0.8415242563715427,0.11765852221440001,0,0,0,0,1.176585222144,0,Typec,Renault,Mail
2026-01-08 21:00:00,7.152259271437204,0.8415242563715427,0.11765852221440001,0,0,0,0,1.176585222144,0,Typec,Renault,Mail
2026-01-08 22:00:00,7.152259271437204,1.5271613336356007,0.2135215287474788,0,0,0,0,1.176585222144,0,Typec,Renault,Mail
2026-01-08 23:00:00,0.0,0.0,0.0,1,1,0,80,1.0,0,Typec,Renault,Mail
2026-01-09 00:00:00,0.0,0.0,0.0,1,1,0,80,1.0,0,Typec,Renault,Mail
2026-01-09 01:00:00,0.0,0.0,0.0,1,1,0,80,1.0,0,Typec,Renault,Mail
2026-01-09 02:00:00,0.0,0.0,0.0,1,1,0,80,1.0,0,Typec,Renault,Mail
2026-01-09 03:00:00,0.0,0.0,0.0,1,1,0,80,1.0,0,Typec,Renault,Mail
2026-01-09 04:00:00,0.0,0.0,0.0,1,1,0,80,1.0,0,Typec,Renault,Mail
2026-01-09 05:00:00,6.701317452777636,2.9755651160593986,0.4440268853143278,0,0,0,0,1.137342385344,0,Typec,Renault,Mail
2026-01-09 06:00:00,6.701317452777636,1.188026286147541,0.17728249624334907,0,0,0,0,1.137342385344,0,Typec,Renault,Mail
2026-01-09 07:00:00,6.701317452777636,3.4297615695102723,0.5118040734047999,0,0,0,0,1.137342385344,0,Typec,Renault,Mail
2026-01-09 08:00:00,6.701317452777636,2.11428484980514,0.31550286413140866,0,0,0,0,1.137342385344,0,Typec,Renault,Mail
2026-01-09 09:00:00,6.701317452777636,0.7621692376689494,0.1137342385344,0,0,0,0,1.137342385344,0,Typec,Renault,Mail
2026-01-09 10:00:00,6.701317452777636,0.7621692376689494,0.1137342385344,0,0,0,0,1.137342385344,0,Typec,Renault,Mail
2026-01-09 11:00:00,6.701317452777636,1.9653104252631795,0.29327224670554536,0,0,0,0,1.137342385344,0,Typec,Renault,Mail
2026-01-09 12:00:00,6.701317452777636,1.230882967415397,0.18367775830485497,0,0,0,0,1.137342385344,0,Typec,Renault,Mail
2026-01-09 13:00:00,6.701317452777636,2.206183211083065,0.32921634091049096,0,0,0,0,1.137342385344,0,Typec,Renault,Mail
2026-01-09 14:00:00,6.701317452777636,1.9557029091203475,0.291838570982744,0,0,0,0,1.137342385344,0,Typec,Renault,Mail
2026-01-09 15:00:00,6.701317452777636,1.387596575237855,0.20706325062435427,0,0,0,0,1.137342385344,0,Typec,Renault,Mail
2026-01-09 16:00:00,6.701317452777636,0.7621692376689494,0.1137342385344,0,0,0,0,1.137342385344,0,Typec,Renault,Mail
2026-01-09 17:00:00,6.701317452777636,0.7621692376689494,0.1137342385344,0,0,0,0,1.137342385344,0,Typec,Renault,Mail
2026-01-09 18:00:00,6.701317452777636,0.9988281900716551,0.14904952602381938,0,0,0,0,1.137342385344,0,Typec,Renault,Mail
2026-01-09 19:00:00,6.701317452777636,2.3543288504512083,0.35132328337547414,0,0,0,0,1.137342385344,0,Typec,Renault,Mail
2026-01-09 20:00:00,6.701317452777636,1.6860997200777859,0.2516071999213994,0,0,0,0,1.137342385344,0,Typec,Renault,Mail
2026-01-09 21:00:00,6.701317452777636,0.7621692376689494,0.1137342385344,0,0,0,0,1.137342385344,0,Typec,Renault,Mail
2026-01-09 22:00:00,6.701317452777636,1.6435356191548824,0.24525559798299834,0,0,0,0,1.137342385344,0,Typec,Renault,Mail
2026-01-09 23:00:00,0.0,0.0,0.0,1,1,0,80,1.0,0,Typec,Renault,Mail
2026-01-10 00:00:00,0.0,0.0,0.0,1,1,0,80,1.0,0,Typec,Renault,Mail
2026-01-10 01:00:00,0.0,0.0,0.0,1,1,0,80,1.0,0,Typec,Renault,Mail
2026-01-10 02:00:00,0.0,0.0,0.0,1,1,0,80,1.0,0,Typec,Renault,Mail
2026-01-10 03:00:00,0.0,0.0,0.0,1,1,0,80,1.0,0,Typec,Renault,Mail
2026-01-10 04:00:00,0.0,0.0,0.0,1,1,0,80,1.0,0,Typec,Renault,Mail
2026-01-10 05:00:00,4.190788601386171,0.49854041957265466,0.11896100400000001,0,0,0,0,1.18961004,0,Typec,Renault,Mail
2026-01-10 06:00:00,4.190788601386171,1.200674649497549,0.2865032727015643,0,0,0,0,1.18961004,0,Typec,Renault,Mail
2026-01-10 07:00:00,4.190788601386171,1.3388157785138664,0.3194663119182465,0,0,0,0,1.18961004,0,Typec,Renault,Mail
2026-01-10 08:00:00,4.190788601386171,1.694222286505605,0.4042729060457055,0,0,0,0,1.18961004,0,Typec,Renault,Mail
2026-01-10 09:00:00,4.190788601386171,1.6743179875138239,0.39952337060380866,0,0,0,0,1.18961004,0,Typec,Renault,Mail
2026-01-10 10:00:00,4.190788601386171,0.49854041957265466,0.11896100400000001,0,0,0,0,1.18961004,0,Typec,Renault,Mail
2026-01-10 11:00:00,4.190788601386171,0.49854041957265466,0.11896100400000001,0,0,0,0,1.18961004,0,Typec,Renault,Mail
2026-01-10 12:00:00,4.190788601386171,1.3076830566346722,0.3120374662186814,0,0,0,0,1.18961004,0,Typec,Renault,Mail
2026-01-10 13:00:00,4.190788601386171,1.3068328873092874,0.31183460002659913,0,0,0,0,1.18961004,0,Typec,Renault,Mail
2026-01-10 14:00:00,4.190788601386171,1.307691507925733,0.31203948285370275,0,0,0,0,1.18961004,0,Typec,Renault,Mail
2026-01-10 15:00:00,4.190788601386171,2.243431888076946,0.535324518,0,0,0,0,1.18961004,0,Typec,Renault,Mail
2026-01-10 16:00:00,4.190788601386171,1.3456929783873373,0.32110733954517,0,0,0,0,1.18961004,0,Typec,Renault,Mail
2026-01-10 17:00:00,4.190788601386171,1.7299587365958158,0.412800286806069,0,0,0,0,1.18961004,0,Typec,Renault,Mail
2026-01-10 18:00:00,4.190788601386171,1.6064031254218585,0.3833176230579884,0,0,0,0,1.18961004,0,Typec,Renault,Mail
2026-01-10 19:00:00,4.190788601386171,1.4004743500336072,0.33417919232919024,0,0,0,0,1.18961004,0,Typec,Renault,Mail
2026-01-10 20:00:00,4.190788601386171,0.7426544656301518,0.1772111495637138,0,0,0,0,1.18961004,0,Typec,Renault,Mail
2026-01-10 21:00:00,4.190788601386171,1.473681983480958,0.35164789342834285,0,0,0,0,1.18961004,0,Typec,Renault,Mail
2026-01-10 22:00:00,0.0,0.0,0.0,1,1,0,80,1.0,0,Typec,Renault,Mail
2026-01-10 23:00:00,0.0,0.0,0.0,1,1,0,80,1.0,0,Typec,Renault,Mail
2026-01-11 00:00:00,0.0,0.0,0.0,1,1,0,80,1.0,0,Typec,Renault,Mail
2026-01-11 01:00:00,0.0,0.0,0.0,1,1,0,80,1.0,0,Typec,Renault,Mail
2026-01-11 02:00:00,0.0,0.0,0.0,1,1,0,80,1.0,0,Typec,Renault,Mail
2026-01-11 03:00:00,0.0,0.0,0.0,1,1,0,80,1.0,0,Typec,Renault,Mail
2026-01-11 04:00:00,0.0,0.0,0.0,1,1,0,80,1.0,0,Typec,Renault,Mail
2026-01-11 05:00:00,3.9936813624802925,2.0165346457430218,0.5049312808698,0,0,0,0,1.122069513044,0,Typec,Renault,Mail
2026-01-11 06:00:00,3.9936813624802925,0.448118810165116,0.1122069513044,0,0,0,0,1.122069513044,0,Typec,Renault,Mail
2026-01-11 07:00:00,3.9936813624802925,1.28016124198196,0.32054666504162727,0,0,0,0,1.122069513044,0,Typec,Renault,Mail
2026-01-11 08:00:00,3.9936813624802925,0.448118810165116,0.1122069513044,0,0,0,0,1.122069513044,0,Typec,Renault,Mail
2026-01-11 09:00:00,3.9936813624802925,0.5717158049860126,0.1431550875232936,0,0,0,0,1.122069513044,0,Typec,Renault,Mail
2026-01-11 10:00:00,3.9936813624802925,1.526479786090819,0.3822237298227499,0,0,0,0,1.122069513044,0,Typec,Renault,Mail
2026-01-11 11:00:00,3.9936813624802925,0.8997070574626466,0.2252826341918975,0,0,0,0,1.122069513044,0,Typec,Renault,Mail
2026-01-11 12:00:00,3.9936813624802925,0.448118810165116,0.1122069513044,0,0,0,0,1.122069513044,0,Typec,Renault,Mail
2026-01-11 13:00:00,3.9936813624802925,0.448118810165116,0.1122069513044,0,0,0,0,1.122069513044,0,Typec,Renault,Mail
2026-01-11 14:00:00,3.9936813624802925,1.2760859453053979,0.319526228931013,0,0,0,0,1.122069513044,0,Typec,Renault,Mail
2026-01-11 15:00:00,3.9936813624802925,0.448118810165116,0.1122069513044,0,0,0,0,1.122069513044,0,Typec,Renault,Mail
2026-01-11 16:00:00,3.9936813624802925,0.9927919765794417,0.24859068274862675,0,0,0,0,1.122069513044,0,Typec,Renault,Mail
2026-01-11 17:00:00,3.9936813624802925,0.8882635977080322,0.22241724291102993,0,0,0,0,1.122069513044,0,Typec,Renault,Mail
2026-01-11 18:00:00,3.9936813624802925,0.46181579709234055,0.11563661573779835,0,0,0,0,1.122069513044,0,Typec,Renault,Mail
2026-01-11 19:00:00,3.9936813624802925,2.0165346457430218,0.5049312808698,0,0,0,0,1.122069513044,0,Typec,Renault,Mail
2026-01-11 20:00:00,3.9936813624802925,1.2481450824172995,0.31252996148949996,0,0,0,0,1.122069513044,0,Typec,Renault,Mail
2026-01-11 21:00:00,3.9936813624802925,0.448118810165116,0.1122069513044,0,0,0,0,1.122069513044,0,Typec,Renault,Mail
2026-01-11 22:00:00,3.9936813624802925,0.9744388964765398,0.2439951533517838,0,0,0,0,1.122069513044,0,Typec,Renault,Mail
2026-01-11 23:00:00,0.0,0.0,0.0,1,1,0,80,1.0,0,Typec,Renault,Mail
2026-01-12 00:00:00,0.0,0.0,0.0,1,1,0,80,1.0,0,Typec,Renault,Mail
2026-01-12 01:00:00,0.0,0.0,0.0,1,1,0,80,1.0,0,Typec,Renault,Mail
2026-01-12 02:00:00,0.0,0.0,0.0,1,1,0,80,1.0,0,Typec,Renault,Mail
2026-01-12 03:00:00,0.0,0.0,0.0,1,1,0,80,1.0,0,Typec,Renault,Mail
2026-01-12 04:00:00,0.0,0.0,0.0,1,1,0,80,1.0,0,Typec,Renault,Mail
2026-01-12 05:00:00,6.724566864578103,1.9650097383753475,0.29221357716377344,0,0,0,0,1.119889326784,0,Typec,Renault,Mail
2026-01-12 06:00:00,6.724566864578103,2.3358611871219344,0.34736232595532174,0,0,0,0,1.119889326784,0,Typec,Renault,Mail
2026-01-12 07:00:00,6.724566864578103,0.7530770658886365,0.1119889326784,0,0,0,0,1.119889326784,0,Typec,Renault,Mail
2026-01-12 08:00:00,6.724566864578103,1.102057355916481,0.16388525508187118,0,0,0,0,1.119889326784,0,Typec,Renault,Mail
2026-01-12 09:00:00,6.724566864578103,0.9576878413133934,0.1424162865207049,0,0,0,0,1.119889326784,0,Typec,Renault,Mail
2026-01-12 10:00:00,6.724566864578103,0.7743180545233482,0.11514764744211206,0,0,0,0,1.119889326784,0,Typec,Renault,Mail
2026-01-12 11:00:00,6.724566864578103,3.2607069969572344,0.48489472446666054,0,0,0,0,1.119889326784,0,Typec,Renault,Mail
2026-01-12 12:00:00,6.724566864578103,1.8622089952348166,0.27692623669846594,0,0,0,0,1.119889326784,0,Typec,Renault,Mail
2026-01-12 13:00:00,6.724566864578103,0.7530770658886365,0.1119889326784,0,0,0,0,1.119889326784,0,Typec,Renault,Mail
2026-01-12 14:00:00,6.724566864578103,2.3894243339073014,0.3553276191651361,0,0,0,0,1.119889326784,0,Typec,Renault,Mail
2026-01-12 15:00:00,6.724566864578103,3.3888467964988642,0.5039501970528,0,0,0,0,1.119889326784,0,Typec,Renault,Mail
2026-01-12 16:00:00,6.724566864578103,2.507230832356435,0.37284644243235404,0,0,0,0,1.119889326784,0,Typec,Renault,Mail
2026-01-12 17:00:00,6.724566864578103,0.7530770658886365,0.1119889326784,0,0,0,0,1.119889326784,0,Typec,Renault,Mail
2026-01-12 18:00:00,6.724566864578103,0.9481394569077027,0.14099636095553772,0,0,0,0,1.119889326784,0,Typec,Renault,Mail
2026-01-12 19:00:00,6.724566864578103,2.7482295292816827,0.408684988137761,0,0,0,0,1.119889326784,0,Typec,Renault,Mail
2026-01-12 20:00:00,6.724566864578103,0.7530770658886365,0.1119889326784,0,0,0,0,1.119889326784,0,Typec,Renault,Mail
2026-01-12 21:00:00,6.724566864578103,1.9021322341863645,0.2828631601844744,0,0,0,0,1.119889326784,0,Typec,Renault,Mail
2026-01-12 22:00:00,0.0,0.0,0.0,1,1,0,80,1.0,0,Typec,Renault,Mail
2026-01-12 23:00:00,0.0,0.0,0.0,1,1,0,80,1.0,0,Typec,Renault,Mail
2026-01-13 00:00:00,0.0,0.0,0.0,1,1,0,80,1.0,0,Typec,Renault,Mail
2026-01-13 01:00:00,0.0,0.0,0.0,1,1,0,80,1.0,0,Typec,Renault,Mail
2026-01-13 02:00:00,0.0,0.0,0.0,1,1,0,80,1.0,0,Typec,Renault,Mail
2026-01-13 03:00:00,0.0,0.0,0.0,1,1,0,80,1.0,0,Typec,Renault,Mail
2026-01-13 04:00:00,0.0,0.0,0.0,1,1,0,80,1.0,0,Typec,Renault,Mail
2026-01-13 05:00:00,2.63615839880063,0.2963701712529624,0.11242502400000001,0,0,0,0,1.12425024,0,Typec,Renault,Mail
2026-01-13 06:00:00,2.63615839880063,0.4668554743315289,0.17709689772205406,0,0,0,0,1.12425024,0,Typec,Renault,Mail
2026-01-13 07:00:00,2.63615839880063,0.2963701712529624,0.11242502400000001,0,0,0,0,1.12425024,0,Typec,Renault,Mail
2026-01-13 08:00:00,2.63615839880063,1.2294150229682224,0.4663661423105561,0,0,0,0,1.12425024,0,Typec,Renault,Mail
2026-01-13 09:00:00,2.63615839880063,0.2963701712529624,0.11242502400000001,0,0,0,0,1.12425024,0,Typec,Renault,Mail
2026-01-13 10:00:00,2.63615839880063,0.39101280706770375,0.14832674973006266,0,0,0,0,1.12425024,0,Typec,Renault,Mail
2026-01-13 11:00:00,2.63615839880063,0.6219212127428743,0.23591951569595707,0,0,0,0,1.12425024,0,Typec,Renault,Mail
2026-01-13 12:00:00,2.63615839880063,1.1520910405070712,0.4370340723953602,0,0,0,0,1.12425024,0,Typec,Renault,Mail
2026-01-13 13:00:00,2.63615839880063,0.2963701712529624,0.11242502400000001,0,0,0,0,1.12425024,0,Typec,Renault,Mail
2026-01-13 14:00:00,2.63615839880063,1.039583138980904,0.39435533898641373,0,0,0,0,1.12425024,0,Typec,Renault,Mail
2026-01-13 15:00:00,2.63615839880063,0.573170465379593,0.21742641323843356,0,0,0,0,1.12425024,0,Typec,Renault,Mail
2026-01-13 16:00:00,2.63615839880063,0.2963701712529624,0.11242502400000001,0,0,0,0,1.12425024,0,Typec,Renault,Mail
2026-01-13 17:00:00,2.63615839880063,0.7559725099281402,0.28677051814188564,0,0,0,0,1.12425024,0,Typec,Renault,Mail
2026-01-13 18:00:00,2.63615839880063,0.6495593898366949,0.2464037783663623,0,0,0,0,1.12425024,0,Typec,Renault,Mail
2026-01-13 19:00:00,2.63615839880063,0.32621582191776594,0.12374666942099684,0,0,0,0,1.12425024,0,Typec,Renault,Mail
2026-01-13 20:00:00,2.63615839880063,0.5972688330850351,0.22656788505454523,0,0,0,0,1.12425024,0,Typec,Renault,Mail
2026-01-13 21:00:00,2.63615839880063,0.41315393042654774,0.1567257607185213,0,0,0,0,1.12425024,0,Typec,Renault,Mail
2026-01-13 22:00:00,2.63615839880063,0.614953635452069,0.2332764357907529,0,0,0,0,1.12425024,0,Typec,Renault,Mail
2026-01-13 23:00:00,0.0,0.0,0.0,1,1,0,80,1.0,0,Typec,Renault,Mail
2026-01-14 00:00:00,0.0,0.0,0.0,1,1,0,80,1.0,0,Typec,Renault,Mail
2026-01-14 01:00:00,0.0,0.0,0.0,1,1,0,80,1.0,0,Typec,Renault,Mail
2026-01-14 02:00:00,0.0,0.0,0.0,1,1,0,80,1.0,0,Typec,Renault,Mail
2026-01-14 03:00:00,0.0,0.0,0.0,1,1,0,80,1.0,0,Typec,Renault,Mail
2026-01-14 04:00:00,0.0,0.0,0.0,1,1,0,80,1.0,0,Typec,Renault,Mail
2026-01-14 05:00:00,9.916508267657631,1.093270245238585,0.11024750000000001,0,0,0,0,1.102475,0,Typec,Renault,Mail
2026-01-14 06:00:00,9.916508267657631,1.8725678660382823,0.1888333892833631,0,0,0,0,1.102475,0,Typec,Renault,Mail
2026-01-14 07:00:00,9.916508267657631,2.9770328067327414,0.30020978416790484,0,0,0,0,1.102475,0,Typec,Renault,Mail
2026-01-14 08:00:00,9.916508267657631,2.5184069365810955,0.25396105853053114,0,0,0,0,1.102475,0,Typec,Renault,Mail
2026-01-14 09:00:00,9.916508267657631,1.1698157314022366,0.11796649584991044,0,0,0,0,1.102475,0,Typec,Renault,Mail
2026-01-14 10:00:00,9.916508267657631,1.7884951469243664,0.18035533260810008,0,0,0,0,1.102475,0,Typec,Renault,Mail
2026-01-14 11:00:00,9.916508267657631,1.363366730871649,0.1374845554577134,0,0,0,0,1.102475,0,Typec,Renault,Mail
2026-01-14 12:00:00,9.916508267657631,1.2195616608875328,0.12298297222875249,0,0,0,0,1.102475,0,Typec,Renault,Mail
2026-01-14 13:00:00,9.916508267657631,3.366951876755843,0.3395299823161593,0,0,0,0,1.102475,0,Typec,Renault,Mail
2026-01-14 14:00:00,9.916508267657631,2.6318580376347303,0.2654016884368916,0,0,0,0,1.102475,0,Typec,Renault,Mail
2026-01-14 15:00:00,9.916508267657631,1.093270245238585,0.11024750000000001,0,0,0,0,1.102475,0,Typec,Renault,Mail
2026-01-14 16:00:00,9.916508267657631,3.4415642556870947,0.3470540398692193,0,0,0,0,1.102475,0,Typec,Renault,Mail
2026-01-14 17:00:00,9.916508267657631,2.5576662126394747,0.25792004036150706,0,0,0,0,1.102475,0,Typec,Renault,Mail
2026-01-14 18:00:00,9.916508267657631,3.3121242971893112,0.33400106244974315,0,0,0,0,1.102475,0,Typec,Renault,Mail
2026-01-14 19:00:00,9.916508267657631,3.038682733900173,0.30642668284871377,0,0,0,0,1.102475,0,Typec,Renault,Mail
2026-01-14 20:00:00,9.916508267657631,1.093270245238585,0.11024750000000001,0,0,0,0,1.102475,0,Typec,Renault,Mail
2026-01-14 21:00:00,9.916508267657631,1.2631129265980727,0.12737476665225747,0,0,0,0,1.102475,0,Typec,Renault,Mail
2026-01-14 22:00:00,0.0,0.0,0.0,1,1,0,80,1.0,0,Typec,Renault,Mail
2026-01-14 23:00:00,0.0,0.0,0.0,1,1,0,80,1.0,0,Typec,Renault,Mail
2026-01-01 00:00:00,0.0,0.0,0.0,1,1,1,80,1.0,1,Typec,Renault,Mail
2026-01-01 01:00:00,0.0,0.0,0.0,1,1,1,80,1.0,1,Typec,Renault,Mail
2026-01-01 02:00:00,0.0,0.0,0.0,1,1,1,80,1.0,1,Typec,Renault,Mail
2026-01-01 03:00:00,0.0,0.0,0.0,1,1,1,80,1.0,1,Typec,Renault,Mail
2026-01-01 04:00:00,0.0,0.0,0.0,1,1,1,80,1.0,1,Typec,Renault,Mail
2026-01-01 05:00:00,7.047049799732114,1.3783493542370169,0.19559239588308477,0,0,1,0,1.1329772784640002,1,Typec,Renault,Mail
2026-01-01 06:00:00,7.047049799732114,1.958349460715805,0.27789635611632113,0,0,1,0,1.1329772784640002,1,Typec,Renault,Mail
2026-01-01 07:00:00,7.047049799732114,2.024164617820257,0.2872357476311865,0,0,1,0,1.1329772784640002,1,Typec,Renault,Mail
2026-01-01 08:00:00,7.047049799732114,0.7984147303300769,0.11329772784640002,0,0,1,0,1.1329772784640002,1,Typec,Renault,Mail
2026-01-01 09:00:00,7.047049799732114,1.4078608835047957,0.19978018085785545,0,0,1,0,1.1329772784640002,1,Typec,Renault,Mail
2026-01-01 10:00:00,7.047049799732114,1.8552954351920874,0.263272644286211,0,0,1,0,1.1329772784640002,1,Typec,Renault,Mail
2026-01-01 11:00:00,7.047049799732114,0.7984147303300769,0.11329772784640002,0,0,1,0,1.1329772784640002,1,Typec,Renault,Mail
2026-01-01 12:00:00,7.047049799732114,0.8712415901366507,0.12363210348957235,0,0,1,0,1.1329772784640002,1,Typec,Renault,Mail
2026-01-01 13:00:00,7.047049799732114,1.9871913703800455,0.28198911982367236,0,0,1,0,1.1329772784640002,1,Typec,Renault,Mail
2026-01-01 14:00:00,7.047049799732114,0.7984147303300769,0.11329772784640002,0,0,1,0,1.1329772784640002,1,Typec,Renault,Mail
2026-01-01 15:00:00,7.047049799732114,0.9759609361871594,0.13849212988735507,0,0,1,0,1.1329772784640002,1,Typec,Renault,Mail
2026-01-01 16:00:00,7.047049799732114,1.1558588488915456,0.16402024701677068,0,0,1,0,1.1329772784640002,1,Typec,Renault,Mail
2026-01-01 17:00:00,7.047049799732114,2.8151668625875,0.3994816189172547,0,0,1,0,1.1329772784640002,1,Typec,Renault,Mail
2026-01-01 18:00:00,7.047049799732114,2.483852006779391,0.3524669297602824,0,0,1,0,1.1329772784640002,1,Typec,Renault,Mail
2026-01-01 19:00:00,7.047049799732114,0.7984147303300769,0.11329772784640002,0,0,1,0,1.1329772784640002,1,Typec,Renault,Mail
2026-01-01 20:00:00,7.047049799732114,0.7984147303300769,0.11329772784640002,0,0,1,0,1.1329772784640002,1,Typec,Renault,Mail
2026-01-01 21:00:00,7.047049799732114,1.4712962875858424,0.2087818774378141,0,0,1,0,1.1329772784640002,1,Typec,Renault,Mail
2026-01-01 22:00:00,7.047049799732114,2.992950773053965,0.42470975203946176,0,0,1,0,1.1329772784640002,1,Typec,Renault,Mail
2026-01-01 23:00:00,0.0,0.0,0.0,1,1,1,80,1.0,1,Typec,Renault,Mail
2026-01-02 00:00:00,0.0,0.0,0.0,1,1,1,80,1.0,1,Typec,Renault,Mail
2026-01-02 01:00:00,0.0,0.0,0.0,1,1,1,80,1.0,1,Typec,Renault,Mail
2026-01-02 02:00:00,0.0,0.0,0.0,1,1,1,80,1.0,1,Typec,Renault,Mail
2026-01-02 03:00:00,0.0,0.0,0.0,1,1,1,80,1.0,1,Typec,Renault,Mail
2026-01-02 04:00:00,5.911570244939422,1.5736225741866374,0.26619366919199366,0,0,1,0,1.23259004,1,Typec,Renault,Mail
2026-01-02 05:00:00,5.911570244939422,1.893940023409562,0.32037850265432644,0,0,1,0,1.23259004,1,Typec,Renault,Mail
2026-01-02 06:00:00,5.911570244939422,3.2789441721027117,0.5546655180000001,0,0,1,0,1.23259004,1,Typec,Renault,Mail
2026-01-02 07:00:00,5.911570244939422,2.1201552973699305,0.35864503161150485,0,0,1,0,1.23259004,1,Typec,Renault,Mail
2026-01-02 08:00:00,5.911570244939422,1.4194548179044877,0.24011468342435865,0,0,1,0,1.23259004,1,Typec,Renault,Mail
2026-01-02 09:00:00,5.911570244939422,0.7286542604672693,0.123259004,0,0,1,0,1.23259004,1,Typec,Renault,Mail
2026-01-02 10:00:00,5.911570244939422,2.754642396297936,0.4659747380412231,0,0,1,0,1.23259004,1,Typec,Renault,Mail
2026-01-02 11:00:00,5.911570244939422,3.2789441721027117,0.5546655180000001,0,0,1,0,1.23259004,1,Typec,Renault,Mail
2026-01-02 12:00:00,5.911570244939422,0.7286542604672693,0.123259004,0,0,1,0,1.23259004,1,Typec,Renault,Mail
2026-01-02 13:00:00,5.911570244939422,2.6239095395460237,0.4438599950313052,0,0,1,0,1.23259004,1,Typec,Renault,Mail
2026-01-02 14:00:00,5.911570244939422,0.7286542604672693,0.123259004,0,0,1,0,1.23259004,1,Typec,Renault,Mail
2026-01-02 15:00:00,5.911570244939422,1.1848129455015108,0.20042271281742202,0,0,1,0,1.23259004,1,Typec,Renault,Mail
2026-01-02 16:00:00,5.911570244939422,1.5308798359423168,0.2589633164306592,0,0,1,0,1.23259004,1,Typec,Renault,Mail
2026-01-02 17:00:00,5.911570244939422,2.52325659601254,0.4268335639202739,0,0,1,0,1.23259004,1,Typec,Renault,Mail
2026-01-02 18:00:00,5.911570244939422,1.7055053251288175,0.28850292806531547,0,0,1,0,1.23259004,1,Typec,Renault,Mail
2026-01-02 19:00:00,5.911570244939422,1.4326747763251624,0.2423509688566415,0,0,1,0,1.23259004,1,Typec,Renault,Mail
2026-01-02 20:00:00,5.911570244939422,3.2789441721027117,0.5546655180000001,0,0,1,0,1.23259004,1,Typec,Renault,Mail
2026-01-02 21:00:00,5.911570244939422,1.8497824329360057,0.3129088137825149,0,0,1,0,1.23259004,1,Typec,Renault,Mail
2026-01-02 22:00:00,5.911570244939422,2.5645177079834687,0.4338132850876321,0,0,1,0,1.23259004,1,Typec,Renault,Mail
2026-01-02 23:00:00,0.0,0.0,0.0,1,1,1,80,1.0,1,Typec,Renault,Mail
2026-01-03 00:00:00,0.0,0.0,0.0,1,1,1,80,1.0,1,Typec,Renault,Mail
2026-01-03 01:00:00,0.0,0.0,0.0,1,1,1,80,1.0,1,Typec,Renault,Mail
2026-01-03 02:00:00,0.0,0.0,0.0,1,1,1,80,1.0,1,Typec,Renault,Mail
2026-01-03 03:00:00,0.0,0.0,0.0,1,1,1,80,1.0,1,Typec,Renault,Mail
2026-01-03 04:00:00,0.0,0.0,0.0,1,1,1,80,1.0,1,Typec,Renault,Mail
2026-01-03 05:00:00,4.321229469843536,0.6889719974009537,0.15943888243127718,0,0,1,0,1.209049010004,1,Typec,Renault,Mail
2026-01-03 06:00:00,4.321229469843536,0.5224578212514437,0.1209049010004,0,0,1,0,1.209049010004,1,Typec,Renault,Mail
2026-01-03 07:00:00,4.321229469843536,0.7017293764377538,0.16239113921972814,0,0,1,0,1.209049010004,1,Typec,Renault,Mail
2026-01-03 08:00:00,4.321229469843536,0.5224578212514437,0.1209049010004,0,0,1,0,1.209049010004,1,Typec,Renault,Mail
2026-01-03 09:00:00,4.321229469843536,0.9948851377622708,0.2302319616917483,0,0,1,0,1.209049010004,1,Typec,Renault,Mail
2026-01-03 10:00:00,4.321229469843536,0.5224578212514437,0.1209049010004,0,0,1,0,1.209049010004,1,Typec,Renault,Mail
2026-01-03 11:00:00,4.321229469843536,0.5969661203710568,0.13814728528931183,0,0,1,0,1.209049010004,1,Typec,Renault,Mail
2026-01-03 12:00:00,4.321229469843536,0.5224578212514437,0.1209049010004,0,0,1,0,1.209049010004,1,Typec,Renault,Mail
2026-01-03 13:00:00,4.321229469843536,0.5224578212514437,0.1209049010004,0,0,1,0,1.209049010004,1,Typec,Renault,Mail
2026-01-03 14:00:00,4.321229469843536,0.5224578212514437,0.1209049010004,0,0,1,0,1.209049010004,1,Typec,Renault,Mail
2026-01-03 15:00:00,4.321229469843536,1.0354485602721184,0.23961897129004125,0,0,1,0,1.209049010004,1,Typec,Renault,Mail
2026-01-03 16:00:00,4.321229469843536,0.6123116825901086,0.14169848809539828,0,0,1,0,1.209049010004,1,Typec,Renault,Mail
2026-01-03 17:00:00,4.321229469843536,1.6841752129151195,0.38974445228341464,0,0,1,0,1.209049010004,1,Typec,Renault,Mail
2026-01-03 18:00:00,4.321229469843536,2.0108788264745674,0.4653487718039138,0,0,1,0,1.209049010004,1,Typec,Renault,Mail
2026-01-03 19:00:00,4.321229469843536,1.100812511347462,0.25474521060028793,0,0,1,0,1.209049010004,1,Typec,Renault,Mail
2026-01-03 20:00:00,4.321229469843536,0.5224578212514437,0.1209049010004,0,0,1,0,1.209049010004,1,Typec,Renault,Mail
2026-01-03 21:00:00,4.321229469843536,1.6234236308576702,0.3756855872123938,0,0,1,0,1.209049010004,1,Typec,Renault,Mail
2026-01-03 22:00:00,4.321229469843536,0.7485550476459305,0.17322733098759374,0,0,1,0,1.209049010004,1,Typec,Renault,Mail
2026-01-03 23:00:00,0.0,0.0,0.0,1,1,1,80,1.0,1,Typec,Renault,Mail
2026-01-04 00:00:00,0.0,0.0,0.0,1,1,1,80,1.0,1,Typec,Renault,Mail
2026-01-04 01:00:00,0.0,0.0,0.0,1,1,1,80,1.0,1,Typec,Renault,Mail
2026-01-04 02:00:00,0.0,0.0,0.0,1,1,1,80,1.0,1,Typec,Renault,Mail
2026-01-04 03:00:00,0.0,0.0,0.0,1,1,1,80,1.0,1,Typec,Renault,Mail
2026-01-04 04:00:00,0.0,0.0,0.0,1,1,1,80,1.0,1,Typec,Renault,Mail
2026-01-04 05:00:00,4.39229652177339,1.550686981386354,0.3530469706904633,0,0,1,0,1.3050301525,1,Typec,Renault,Mail
2026-01-04 06:00:00,4.39229652177339,2.3518726572008744,0.5354539807461145,0,0,1,0,1.3050301525,1,Typec,Renault,Mail
2026-01-04 07:00:00,4.39229652177339,1.5923747131481716,0.36253807211204636,0,0,1,0,1.3050301525,1,Typec,Renault,Mail
2026-01-04 08:00:00,4.39229652177339,2.388514763103097,0.5437963378070692,0,0,1,0,1.3050301525,1,Typec,Renault,Mail
2026-01-04 09:00:00,4.39229652177339,2.4113434364181368,0.5489937722703104,0,0,1,0,1.3050301525,1,Typec,Renault,Mail
2026-01-04 10:00:00,4.39229652177339,1.2441051286232625,0.28324707188051024,0,0,1,0,1.3050301525,1,Typec,Renault,Mail
2026-01-04 11:00:00,4.39229652177339,1.242355395655057,0.2828487078448556,0,0,1,0,1.3050301525,1,Typec,Renault,Mail
2026-01-04 12:00:00,4.39229652177339,0.5732079399635147,0.13050301525000002,0,0,1,0,1.3050301525,1,Typec,Renault,Mail
2026-01-04 13:00:00,4.39229652177339,1.1427145054508594,0.2601633336424856,0,0,1,0,1.3050301525,1,Typec,Renault,Mail
2026-01-04 14:00:00,4.39229652177339,0.5732079399635147,0.13050301525000002,0,0,1,0,1.3050301525,1,Typec,Renault,Mail
2026-01-04 15:00:00,4.39229652177339,0.8690097057921785,0.19784859730765988,0,0,1,0,1.3050301525,1,Typec,Renault,Mail
2026-01-04 16:00:00,4.39229652177339,1.3478133387282587,0.30685845822268826,0,0,1,0,1.3050301525,1,Typec,Renault,Mail
2026-01-04 17:00:00,4.39229652177339,1.1671392339661375,0.26572414411923745,0,0,1,0,1.3050301525,1,Typec,Renault,Mail
2026-01-04 18:00:00,4.39229652177339,0.7211126906396685,0.16417668685731607,0,0,1,0,1.3050301525,1,Typec,Renault,Mail
2026-01-04 19:00:00,4.39229652177339,0.5732079399635147,0.13050301525000002,0,0,1,0,1.3050301525,1,Typec,Renault,Mail
2026-01-04 20:00:00,4.39229652177339,0.5732079399635147,0.13050301525000002,0,0,1,0,1.3050301525,1,Typec,Renault,Mail
2026-01-04 21:00:00,4.39229652177339,0.642573842289473,0.14629564263344264,0,0,1,0,1.3050301525,1,Typec,Renault,Mail
2026-01-04 22:00:00,4.39229652177339,1.1786901280763746,0.2683539515680236,0,0,1,0,1.3050301525,1,Typec,Renault,Mail
2026-01-04 23:00:00,0.0,0.0,0.0,1,1,1,80,1.0,1,Typec,Renault,Mail
2026-01-05 00:00:00,0.0,0.0,0.0,1,1,1,80,1.0,1,Typec,Renault,Mail
2026-01-05 01:00:00,0.0,0.0,0.0,1,1,1,80,1.0,1,Typec,Renault,Mail
2026-01-05 02:00:00,0.0,0.0,0.0,1,1,1,80,1.0,1,Typec,Renault,Mail
2026-01-05 03:00:00,0.0,0.0,0.0,1,1,1,80,1.0,1,Typec,Renault,Mail
2026-01-05 04:00:00,0.0,0.0,0.0,1,1,1,80,1.0,1,Typec,Renault,Mail
2026-01-05 05:00:00,5.39840408045908,1.8176672695699412,0.33670455980675074,0,0,1,0,1.226197579604,1,Typec,Renault,Mail
2026-01-05 06:00:00,5.39840408045908,1.884929694664209,0.3491642467979008,0,0,1,0,1.226197579604,1,Typec,Renault,Mail
2026-01-05 07:00:00,5.39840408045908,2.196298781293531,0.4068422349567352,0,0,1,0,1.226197579604,1,Typec,Renault,Mail
2026-01-05 08:00:00,5.39840408045908,1.6863337478237985,0.31237634728528746,0,0,1,0,1.226197579604,1,Typec,Renault,Mail
2026-01-05 09:00:00,5.39840408045908,2.9787795077324764,0.5517889108218,0,0,1,0,1.226197579604,1,Typec,Renault,Mail
2026-01-05 10:00:00,5.39840408045908,1.3480252891518323,0.2497081117049683,0,0,1,0,1.226197579604,1,Typec,Renault,Mail
2026-01-05 11:00:00,5.39840408045908,0.6702950321279315,0.12416540557870386,0,0,1,0,1.226197579604,1,Typec,Renault,Mail
2026-01-05 12:00:00,5.39840408045908,0.9945846374465659,0.1842367897295281,0,0,1,0,1.226197579604,1,Typec,Renault,Mail
2026-01-05 13:00:00,5.39840408045908,2.1363201403780336,0.39573179564512356,0,0,1,0,1.226197579604,1,Typec,Renault,Mail
2026-01-05 14:00:00,5.39840408045908,0.7177660579674446,0.1329589351352161,0,0,1,0,1.226197579604,1,Typec,Renault,Mail
2026-01-05 15:00:00,5.39840408045908,1.1395167270111246,0.21108400001694952,0,0,1,0,1.226197579604,1,Typec,Renault,Mail
2026-01-05 16:00:00,5.39840408045908,0.837857383929435,0.15520464408403153,0,0,1,0,1.226197579604,1,Typec,Renault,Mail
2026-01-05 17:00:00,5.39840408045908,0.6619510017183281,0.12261975796040002,0,0,1,0,1.226197579604,1,Typec,Renault,Mail
2026-01-05 18:00:00,5.39840408045908,2.296730986100081,0.42544628965691783,0,0,1,0,1.226197579604,1,Typec,Renault,Mail
2026-01-05 19:00:00,5.39840408045908,1.0776656699799492,0.19962671447304933,0,0,1,0,1.226197579604,1,Typec,Renault,Mail
2026-01-05 20:00:00,5.39840408045908,0.6619510017183281,0.12261975796040002,0,0,1,0,1.226197579604,1,Typec,Renault,Mail
2026-01-05 21:00:00,5.39840408045908,0.6619510017183281,0.12261975796040002,0,0,1,0,1.226197579604,1,Typec,Renault,Mail
2026-01-05 22:00:00,0.0,0.0,0.0,1,1,1,80,1.0,1,Typec,Renault,Mail
2026-01-05 23:00:00,0.0,0.0,0.0,1,1,1,80,1.0,1,Typec,Renault,Mail
2026-01-06 00:00:00,0.0,0.0,0.0,1,1,1,80,1.0,1,Typec,Renault,Mail
2026-01-06 01:00:00,0.0,0.0,0.0,1,1,1,80,1.0,1,Typec,Renault,Mail
2026-01-06 02:00:00,0.0,0.0,0.0,1,1,1,80,1.0,1,Typec,Renault,Mail
2026-01-06 03:00:00,0.0,0.0,0.0,1,1,1,80,1.0,1,Typec,Renault,Mail
2026-01-06 04:00:00,0.0,0.0,0.0,1,1,1,80,1.0,1,Typec,Renault,Mail
2026-01-06 05:00:00,5.492106730186629,0.8637766545577835,0.1572760139219711,0,0,1,0,1.3306301459840002,1,Typec,Renault,Mail
2026-01-06 06:00:00,5.492106730186629,2.1410975956415763,0.38984996119491266,0,0,1,0,1.3306301459840002,1,Typec,Renault,Mail
2026-01-06 07:00:00,5.492106730186629,2.590306296384546,0.4716416529466323,0,0,1,0,1.3306301459840002,1,Typec,Renault,Mail
2026-01-06 08:00:00,5.492106730186629,1.0068168048999573,0.18332069174222776,0,0,1,0,1.3306301459840002,1,Typec,Renault,Mail
2026-01-06 09:00:00,5.492106730186629,0.7307962780147944,0.13306301459840003,0,0,1,0,1.3306301459840002,1,Typec,Renault,Mail
2026-01-06 10:00:00,5.492106730186629,0.7307962780147944,0.13306301459840003,0,0,1,0,1.3306301459840002,1,Typec,Renault,Mail
2026-01-06 11:00:00,5.492106730186629,1.2637011529087354,0.2300940631694157,0,0,1,0,1.3306301459840002,1,Typec,Renault,Mail
2026-01-06 12:00:00,5.492106730186629,0.7307962780147944,0.13306301459840003,0,0,1,0,1.3306301459840002,1,Typec,Renault,Mail
2026-01-06 13:00:00,5.492106730186629,0.7307962780147944,0.13306301459840003,0,0,1,0,1.3306301459840002,1,Typec,Renault,Mail
2026-01-06 14:00:00,5.492106730186629,1.1218624619895823,0.2042681464698083,0,0,1,0,1.3306301459840002,1,Typec,Renault,Mail
2026-01-06 15:00:00,5.492106730186629,0.8257766812853433,0.150356998116328,0,0,1,0,1.3306301459840002,1,Typec,Renault,Mail
2026-01-06 16:00:00,5.492106730186629,2.3423521074269398,0.42649428033736403,0,0,1,0,1.3306301459840002,1,Typec,Renault,Mail
2026-01-06 17:00:00,5.492106730186629,1.2767284078577577,0.23246605912452334,0,0,1,0,1.3306301459840002,1,Typec,Renault,Mail
2026-01-06 18:00:00,5.492106730186629,1.9895043463132638,0.3622479394615949,0,0,1,0,1.3306301459840002,1,Typec,Renault,Mail
2026-01-06 19:00:00,5.492106730186629,1.6931423478633296,0.3082864975214701,0,0,1,0,1.3306301459840002,1,Typec,Renault,Mail
2026-01-06 20:00:00,5.492106730186629,3.145968350662822,0.5728163171650377,0,0,1,0,1.3306301459840002,1,Typec,Renault,Mail
2026-01-06 21:00:00,5.492106730186629,1.379038552299174,0.2510946381867405,0,0,1,0,1.3306301459840002,1,Typec,Renault,Mail
2026-01-06 22:00:00,5.492106730186629,2.0059457687252715,0.36524158529182604,0,0,1,0,1.3306301459840002,1,Typec,Renault,Mail
2026-01-06 23:00:00,0.0,0.0,0.0,1,1,1,80,1.0,1,Typec,Renault,Mail
2026-01-07 00:00:00,0.0,0.0,0.0,1,1,1,80,1.0,1,Typec,Renault,Mail
2026-01-07 01:00:00,0.0,0.0,0.0,1,1,1,80,1.0,1,Typec,Renault,Mail
2026-01-07 02:00:00,0.0,0.0,0.0,1,1,1,80,1.0,1,Typec,Renault,Mail
2026-01-07 03:00:00,0.0,0.0,0.0,1,1,1,80,1.0,1,Typec,Renault,Mail
2026-01-07 04:00:00,0.0,0.0,0.0,1,1,1,80,1.0,1,Typec,Renault,Mail
2026-01-07 05:00:00,9.040394918493476,1.1596623584497365,0.12827563053440003,0,0,1,0,1.282756305344,1,Typec,Renault,Mail
2026-01-07 06:00:00,9.040394918493476,1.1596623584497365,0.12827563053440003,0,0,1,0,1.282756305344,1,Typec,Renault,Mail
2026-01-07 07:00:00,9.040394918493476,4.699786078003756,0.5198651298285258,0,0,1,0,1.282756305344,1,Typec,Renault,Mail
2026-01-07 08:00:00,9.040394918493476,1.1596623584497365,0.12827563053440003,0,0,1,0,1.282756305344,1,Typec,Renault,Mail
2026-01-07 09:00:00,9.040394918493476,1.1596623584497365,0.12827563053440003,0,0,1,0,1.282756305344,1,Typec,Renault,Mail
2026-01-07 10:00:00,9.040394918493476,1.1596623584497365,0.12827563053440003,0,0,1,0,1.282756305344,1,Typec,Renault,Mail
2026-01-07 11:00:00,9.040394918493476,3.2059076975468743,0.35462031542324685,0,0,1,0,1.282756305344,1,Typec,Renault,Mail
2026-01-07 12:00:00,9.040394918493476,3.136162252000339,0.3469054482990396,0,0,1,0,1.282756305344,1,Typec,Renault,Mail
2026-01-07 13:00:00,9.040394918493476,2.2328687392517987,0.2469879645062997,0,0,1,0,1.282756305344,1,Typec,Renault,Mail
2026-01-07 14:00:00,9.040394918493476,3.3327425655156113,0.3686501082710435,0,0,1,0,1.282756305344,1,Typec,Renault,Mail
2026-01-07 15:00:00,9.040394918493476,1.1596623584497365,0.12827563053440003,0,0,1,0,1.282756305344,1,Typec,Renault,Mail
2026-01-07 16:00:00,9.040394918493476,4.474872051745046,0.4949863465135829,0,0,1,0,1.282756305344,1,Typec,Renault,Mail
2026-01-07 17:00:00,9.040394918493476,2.5760120829745903,0.28494464082591936,0,0,1,0,1.282756305344,1,Typec,Renault,Mail
2026-01-07 18:00:00,9.040394918493476,5.105671472705762,0.5647619953262605,0,0,1,0,1.282756305344,1,Typec,Renault,Mail
2026-01-07 19:00:00,9.040394918493476,3.0711447935115843,0.33971356574579503,0,0,1,0,1.282756305344,1,Typec,Renault,Mail
2026-01-07 20:00:00,9.040394918493476,1.7173314792472119,0.18996199775898664,0,0,1,0,1.282756305344,1,Typec,Renault,Mail
2026-01-07 21:00:00,9.040394918493476,1.1596623584497365,0.12827563053440003,0,0,1,0,1.282756305344,1,Typec,Renault,Mail
2026-01-07 22:00:00,0.0,0.0,0.0,1,1,1,80,1.0,1,Typec,Renault,Mail
2026-01-07 23:00:00,0.0,0.0,0.0,1,1,1,80,1.0,1,Typec,Renault,Mail
2026-01-08 00:00:00,0.0,0.0,0.0,1,1,1,80,1.0,1,Typec,Renault,Mail
2026-01-08 01:00:00,0.0,0.0,0.0,1,1,1,80,1.0,1,Typec,Renault,Mail
2026-01-08 02:00:00,0.0,0.0,0.0,1,1,1,80,1.0,1,Typec,Renault,Mail
2026-01-08 03:00:00,0.0,0.0,0.0,1,1,1,80,1.0,1,Typec,Renault,Mail
2026-01-08 04:00:00,0.0,0.0,0.0,1,1,1,80,1.0,1,Typec,Renault,Mail
2026-01-08 05:00:00,6.726038411997916,0.7913757399129646,0.11765852221440001,0,0,1,0,1.176585222144,1,Typec,Renault,Mail
2026-01-08 06:00:00,6.726038411997916,0.7913757399129646,0.11765852221440001,0,0,1,0,1.176585222144,1,Typec,Renault,Mail
2026-01-08 07:00:00,6.726038411997916,0.7913757399129646,0.11765852221440001,0,0,1,0,1.176585222144,1,Typec,Renault,Mail
2026-01-08 08:00:00,6.726038411997916,1.1922708972713794,0.1772619816063799,0,0,1,0,1.176585222144,1,Typec,Renault,Mail
2026-01-08 09:00:00,6.726038411997916,0.9167898107383652,0.13630457552888703,0,0,1,0,1.176585222144,1,Typec,Renault,Mail
2026-01-08 10:00:00,6.726038411997916,2.6841345295083046,0.39906619098700685,0,0,1,0,1.176585222144,1,Typec,Renault,Mail
2026-01-08 11:00:00,6.726038411997916,1.4601788777409366,0.21709344911504933,0,0,1,0,1.176585222144,1,Typec,Renault,Mail
2026-01-08 12:00:00,6.726038411997916,0.7913757399129646,0.11765852221440001,0,0,1,0,1.176585222144,1,Typec,Renault,Mail
2026-01-08 13:00:00,6.726038411997916,1.0656338415853235,0.15843409988329007,0,0,1,0,1.176585222144,1,Typec,Renault,Mail
2026-01-08 14:00:00,6.726038411997916,2.530956557940602,0.3762923139757689,0,0,1,0,1.176585222144,1,Typec,Renault,Mail
2026-01-08 15:00:00,6.726038411997916,1.7654420538990725,0.26247873499352525,0,0,1,0,1.176585222144,1,Typec,Renault,Mail
2026-01-08 16:00:00,6.726038411997916,0.7913757399129646,0.11765852221440001,0,0,1,0,1.176585222144,1,Typec,Renault,Mail
2026-01-08 17:00:00,6.726038411997916,1.957473929159901,0.29102925217735254,0,0,1,0,1.176585222144,1,Typec,Renault,Mail
2026-01-08 18:00:00,6.726038411997916,2.031771379832198,0.30207549457462535,0,0,1,0,1.176585222144,1,Typec,Renault,Mail
2026-01-08 19:00:00,6.726038411997916,2.3780832993671814,0.35356374045160865,0,0,1,0,1.176585222144,1,Typec,Renault,Mail
2026-01-08 20:00:00,6.726038411997916,1.1631696458465037,0.1729353260563663,0,0,1,0,1.176585222144,1,Typec,Renault,Mail
2026-01-08 21:00:00,6.726038411997916,0.7913757399129646,0.11765852221440001,0,0,1,0,1.176585222144,1,Typec,Renault,Mail
2026-01-08 22:00:00,0.0,0.0,0.0,1,1,1,80,1.0,1,Typec,Renault,Mail
2026-01-08 23:00:00,0.0,0.0,0.0,1,1,1,80,1.0,1,Typec,Renault,Mail
2026-01-09 00:00:00,0.0,0.0,0.0,1,1,1,80,1.0,1,Typec,Renault,Mail
2026-01-09 01:00:00,0.0,0.0,0.0,1,1,1,80,1.0,1,Typec,Renault,Mail
2026-01-09 02:00:00,0.0,0.0,0.0,1,1,1,80,1.0,1,Typec,Renault,Mail
2026-01-09 03:00:00,0.0,0.0,0.0,1,1,1,80,1.0,1,Typec,Renault,Mail
2026-01-09 04:00:00,0.0,0.0,0.0,1,1,1,80,1.0,1,Typec,Renault,Mail
2026-01-09 05:00:00,5.255529582654382,1.669451665005213,0.31765622070041355,0,0,1,0,1.137342385344,1,Typec,Renault,Mail
2026-01-09 06:00:00,5.255529582654382,0.6266038978777233,0.1192275465341873,0,0,1,0,1.137342385344,1,Typec,Renault,Mail
2026-01-09 07:00:00,5.255529582654382,0.8924842587162117,0.1698181400523008,0,0,1,0,1.137342385344,1,Typec,Renault,Mail
2026-01-09 08:00:00,5.255529582654382,0.5977336551782092,0.1137342385344,0,0,1,0,1.137342385344,1,Typec,Renault,Mail
2026-01-09 09:00:00,5.255529582654382,0.7743020138457747,0.1473309210172312,0,0,1,0,1.137342385344,1,Typec,Renault,Mail
2026-01-09 10:00:00,5.255529582654382,2.689801448301941,0.5118040734047999,0,0,1,0,1.137342385344,1,Typec,Renault,Mail
2026-01-09 11:00:00,5.255529582654382,2.267647793504442,0.4314784567075224,0,0,1,0,1.137342385344,1,Typec,Renault,Mail
2026-01-09 12:00:00,5.255529582654382,0.5977336551782092,0.1137342385344,0,0,1,0,1.137342385344,1,Typec,Renault,Mail
2026-01-09 13:00:00,5.255529582654382,0.5977336551782092,0.1137342385344,0,0,1,0,1.137342385344,1,Typec,Renault,Mail
2026-01-09 14:00:00,5.255529582654382,2.0092512832450806,0.38231185870906637,0,0,1,0,1.137342385344,1,Typec,Renault,Mail
2026-01-09 15:00:00,5.255529582654382,1.5809382244542158,0.30081425660166106,0,0,1,0,1.137342385344,1,Typec,Renault,Mail
2026-01-09 16:00:00,5.255529582654382,0.5977336551782092,0.1137342385344,0,0,1,0,1.137342385344,1,Typec,Renault,Mail
2026-01-09 17:00:00,5.255529582654382,1.1753114277618832,0.22363330075068763,0,0,1,0,1.137342385344,1,Typec,Renault,Mail
2026-01-09 18:00:00,5.255529582654382,1.6573262424156372,0.31534904643778644,0,0,1,0,1.137342385344,1,Typec,Renault,Mail
2026-01-09 19:00:00,5.255529582654382,0.8594065038318045,0.16352424438219007,0,0,1,0,1.137342385344,1,Typec,Renault,Mail
2026-01-09 20:00:00,5.255529582654382,1.016678088344143,0.19344921807683083,0,0,1,0,1.137342385344,1,Typec,Renault,Mail
2026-01-09 21:00:00,5.255529582654382,1.4848378721562536,0.28252868693896965,0,0,1,0,1.137342385344,1,Typec,Renault,Mail
2026-01-09 22:00:00,5.255529582654382,1.7974552619344988,0.3420122051766033,0,0,1,0,1.137342385344,1,Typec,Renault,Mail
2026-01-09 23:00:00,0.0,0.0,0.0,1,1,1,80,1.0,1,Typec,Renault,Mail
2026-01-10 00:00:00,0.0,0.0,0.0,1,1,1,80,1.0,1,Typec,Renault,Mail
2026-01-10 01:00:00,0.0,0.0,0.0,1,1,1,80,1.0,1,Typec,Renault,Mail
2026-01-10 02:00:00,0.0,0.0,0.0,1,1,1,80,1.0,1,Typec,Renault,Mail
2026-01-10 03:00:00,0.0,0.0,0.0,1,1,1,80,1.0,1,Typec,Renault,Mail
2026-01-10 04:00:00,0.0,0.0,0.0,1,1,1,80,1.0,1,Typec,Renault,Mail
2026-01-10 05:00:00,5.998385458836878,2.1538770364830357,0.3590761299459213,0,0,1,0,1.18961004,1,Typec,Renault,Mail
2026-01-10 06:00:00,5.998385458836878,1.3120775071772237,0.21873844490007868,0,0,1,0,1.18961004,1,Typec,Renault,Mail
2026-01-10 07:00:00,5.998385458836878,0.7135739565622357,0.11896100400000001,0,0,1,0,1.18961004,1,Typec,Renault,Mail
2026-01-10 08:00:00,5.998385458836878,3.2110828045300606,0.535324518,0,0,1,0,1.18961004,1,Typec,Renault,Mail
2026-01-10 09:00:00,5.998385458836878,2.216301436654193,0.36948299702699444,0,0,1,0,1.18961004,1,Typec,Renault,Mail
2026-01-10 10:00:00,5.998385458836878,0.7135739565622357,0.11896100400000001,0,0,1,0,1.18961004,1,Typec,Renault,Mail
2026-01-10 11:00:00,5.998385458836878,2.3699201334332693,0.39509300455873186,0,0,1,0,1.18961004,1,Typec,Renault,Mail
2026-01-10 12:00:00,5.998385458836878,0.7135739565622357,0.11896100400000001,0,0,1,0,1.18961004,1,Typec,Renault,Mail
2026-01-10 13:00:00,5.998385458836878,0.7135739565622357,0.11896100400000001,0,0,1,0,1.18961004,1,Typec,Renault,Mail
2026-01-10 14:00:00,5.998385458836878,3.2110828045300606,0.535324518,0,0,1,0,1.18961004,1,Typec,Renault,Mail
2026-01-10 15:00:00,5.998385458836878,2.7413182944172974,0.4570093591399268,0,0,1,0,1.18961004,1,Typec,Renault,Mail
2026-01-10 16:00:00,5.998385458836878,1.3204683551168828,0.22013729597379517,0,0,1,0,1.18961004,1,Typec,Renault,Mail
2026-01-10 17:00:00,5.998385458836878,0.940635511121821,0.15681478250719416,0,0,1,0,1.18961004,1,Typec,Renault,Mail
2026-01-10 18:00:00,5.998385458836878,1.6517742942103302,0.2753698150186265,0,0,1,0,1.18961004,1,Typec,Renault,Mail
2026-01-10 19:00:00,5.998385458836878,1.181655946841149,0.19699566740918967,0,0,1,0,1.18961004,1,Typec,Renault,Mail
2026-01-10 20:00:00,5.998385458836878,2.755649252482019,0.45939849504375724,0,0,1,0,1.18961004,1,Typec,Renault,Mail
2026-01-10 21:00:00,5.998385458836878,1.6078252275405744,0.26804299899932427,0,0,1,0,1.18961004,1,Typec,Renault,Mail
2026-01-10 22:00:00,5.998385458836878,0.7135739565622357,0.11896100400000001,0,0,1,0,1.18961004,1,Typec,Renault,Mail
2026-01-10 23:00:00,0.0,0.0,0.0,1,1,1,80,1.0,1,Typec,Renault,Mail
2026-01-11 00:00:00,0.0,0.0,0.0,1,1,1,80,1.0,1,Typec,Renault,Mail
2026-01-11 01:00:00,0.0,0.0,0.0,1,1,1,80,1.0,1,Typec,Renault,Mail
2026-01-11 02:00:00,0.0,0.0,0.0,1,1,1,80,1.0,1,Typec,Renault,Mail
2026-01-11 03:00:00,0.0,0.0,0.0,1,1,1,80,1.0,1,Typec,Renault,Mail
2026-01-11 04:00:00,0.0,0.0,0.0,1,1,1,80,1.0,1,Typec,Renault,Mail
2026-01-11 05:00:00,5.65066141176039,1.4558425680483595,0.257641090478081,0,0,1,0,1.122069513044,1,Typec,Renault,Mail
2026-01-11 06:00:00,5.65066141176039,1.1693219782932978,0.20693541748221841,0,0,1,0,1.122069513044,1,Typec,Renault,Mail
2026-01-11 07:00:00,5.65066141176039,0.8706711317849991,0.1540830476894125,0,0,1,0,1.122069513044,1,Typec,Renault,Mail
2026-01-11 08:00:00,5.65066141176039,0.6340434898670503,0.1122069513044,0,0,1,0,1.122069513044,1,Typec,Renault,Mail
2026-01-11 09:00:00,5.65066141176039,0.6340434898670503,0.1122069513044,0,0,1,0,1.122069513044,1,Typec,Renault,Mail
2026-01-11 10:00:00,5.65066141176039,0.6340434898670503,0.1122069513044,0,0,1,0,1.122069513044,1,Typec,Renault,Mail
2026-01-11 11:00:00,5.65066141176039,0.9806317912055942,0.17354283326278636,0,0,1,0,1.122069513044,1,Typec,Renault,Mail
2026-01-11 12:00:00,5.65066141176039,2.0407263791354473,0.36114823211459873,0,0,1,0,1.122069513044,1,Typec,Renault,Mail
2026-01-11 13:00:00,5.65066141176039,1.6317238742954419,0.2887668815015939,0,0,1,0,1.122069513044,1,Typec,Renault,Mail
2026-01-11 14:00:00,5.65066141176039,1.7521243344984396,0.31007420314582046,0,0,1,0,1.122069513044,1,Typec,Renault,Mail
2026-01-11 15:00:00,5.65066141176039,1.4859021113310684,0.26296074088575677,0,0,1,0,1.122069513044,1,Typec,Renault,Mail
2026-01-11 16:00:00,5.65066141176039,2.5115230462629143,0.44446532241974873,0,0,1,0,1.122069513044,1,Typec,Renault,Mail
2026-01-11 17:00:00,5.65066141176039,1.0918045889572223,0.19321713148215067,0,0,1,0,1.122069513044,1,Typec,Renault,Mail
2026-01-11 18:00:00,5.65066141176039,1.5996033531556118,0.283082498948964,0,0,1,0,1.122069513044,1,Typec,Renault,Mail
2026-01-11 19:00:00,5.65066141176039,1.0031359274932294,0.17752540001874142,0,0,1,0,1.122069513044,1,Typec,Renault,Mail
2026-01-11 20:00:00,5.65066141176039,1.887781311514385,0.33408147718521175,0,0,1,0,1.122069513044,1,Typec,Renault,Mail
2026-01-11 21:00:00,5.65066141176039,0.6340434898670503,0.1122069513044,0,0,1,0,1.122069513044,1,Typec,Renault,Mail
2026-01-11 22:00:00,5.65066141176039,1.7053455364101582,0.30179573896622486,0,0,1,0,1.122069513044,1,Typec,Renault,Mail
2026-01-11 23:00:00,0.0,0.0,0.0,1,1,1,80,1.0,1,Typec,Renault,Mail
2026-01-12 00:00:00,0.0,0.0,0.0,1,1,1,80,1.0,1,Typec,Renault,Mail
2026-01-12 01:00:00,0.0,0.0,0.0,1,1,1,80,1.0,1,Typec,Renault,Mail
2026-01-12 02:00:00,0.0,0.0,0.0,1,1,1,80,1.0,1,Typec,Renault,Mail
2026-01-12 03:00:00,0.0,0.0,0.0,1,1,1,80,1.0,1,Typec,Renault,Mail
2026-01-12 04:00:00,0.0,0.0,0.0,1,1,1,80,1.0,1,Typec,Renault,Mail
2026-01-12 05:00:00,6.332851960572193,1.6658709172717483,0.26305224370367747,0,0,1,0,1.119889326784,1,Typec,Renault,Mail
2026-01-12 06:00:00,6.332851960572193,2.9359009527429727,0.4635985447033416,0,0,1,0,1.119889326784,1,Typec,Renault,Mail
2026-01-12 07:00:00,6.332851960572193,0.7092093318747928,0.1119889326784,0,0,1,0,1.119889326784,1,Typec,Renault,Mail
2026-01-12 08:00:00,6.332851960572193,1.2815241935265351,0.2023613060127092,0,0,1,0,1.119889326784,1,Typec,Renault,Mail
2026-01-12 09:00:00,6.332851960572193,2.2541400493495627,0.3559439038499005,0,0,1,0,1.119889326784,1,Typec,Renault,Mail
2026-01-12 10:00:00,6.332851960572193,0.7092093318747928,0.1119889326784,0,0,1,0,1.119889326784,1,Typec,Renault,Mail
2026-01-12 11:00:00,6.332851960572193,2.0256572722203012,0.31986493365578006,0,0,1,0,1.119889326784,1,Typec,Renault,Mail
2026-01-12 12:00:00,6.332851960572193,0.7646574088256979,0.12074455767897166,0,0,1,0,1.119889326784,1,Typec,Renault,Mail
2026-01-12 13:00:00,6.332851960572193,1.4187103499263092,0.22402392456970116,0,0,1,0,1.119889326784,1,Typec,Renault,Mail
2026-01-12 14:00:00,6.332851960572193,2.0391741877049783,0.32199934569775296,0,0,1,0,1.119889326784,1,Typec,Renault,Mail
2026-01-12 15:00:00,6.332851960572193,2.688286138208548,0.424498496877172,0,0,1,0,1.119889326784,1,Typec,Renault,Mail
2026-01-12 16:00:00,6.332851960572193,1.136246617503654,0.17942099777127754,0,0,1,0,1.119889326784,1,Typec,Renault,Mail
2026-01-12 17:00:00,6.332851960572193,0.7092093318747928,0.1119889326784,0,0,1,0,1.119889326784,1,Typec,Renault,Mail
2026-01-12 18:00:00,6.332851960572193,1.3205168339269064,0.2085185066930877,0,0,1,0,1.119889326784,1,Typec,Renault,Mail
2026-01-12 19:00:00,6.332851960572193,1.015520247501685,0.16035749040467534,0,0,1,0,1.119889326784,1,Typec,Renault,Mail
2026-01-12 20:00:00,6.332851960572193,2.5579115153283385,0.4039114653640543,0,0,1,0,1.119889326784,1,Typec,Renault,Mail
2026-01-12 21:00:00,6.332851960572193,0.7092093318747928,0.1119889326784,0,0,1,0,1.119889326784,1,Typec,Renault,Mail
2026-01-12 22:00:00,6.332851960572193,0.8264230528685252,0.13049776909578276,0,0,1,0,1.119889326784,1,Typec,Renault,Mail
2026-01-12 23:00:00,0.0,0.0,0.0,1,1,1,80,1.0,1,Typec,Renault,Mail
2026-01-13 00:00:00,0.0,0.0,0.0,1,1,1,80,1.0,1,Typec,Renault,Mail
2026-01-13 01:00:00,0.0,0.0,0.0,1,1,1,80,1.0,1,Typec,Renault,Mail
2026-01-13 02:00:00,0.0,0.0,0.0,1,1,1,80,1.0,1,Typec,Renault,Mail
2026-01-13 03:00:00,0.0,0.0,0.0,1,1,1,80,1.0,1,Typec,Renault,Mail
2026-01-13 04:00:00,0.0,0.0,0.0,1,1,1,80,1.0,1,Typec,Renault,Mail
2026-01-13 05:00:00,8.605858256043124,2.792590813509611,0.32449881585588797,0,0,1,0,1.12425024,1,Typec,Renault,Mail
2026-01-13 06:00:00,8.605858256043124,2.1842574563836368,0.25381053131450637,0,0,1,0,1.12425024,1,Typec,Renault,Mail
2026-01-13 07:00:00,8.605858256043124,0.9675138209762464,0.11242502400000001,0,0,1,0,1.12425024,1,Typec,Renault,Mail
2026-01-13 08:00:00,8.605858256043124,1.3006585185203636,0.15113640962039174,0,0,1,0,1.12425024,1,Typec,Renault,Mail
2026-01-13 09:00:00,8.605858256043124,2.5742029601086207,0.29912216579920875,0,0,1,0,1.12425024,1,Typec,Renault,Mail
2026-01-13 10:00:00,8.605858256043124,2.9263509330700064,0.3400417304125468,0,0,1,0,1.12425024,1,Typec,Renault,Mail
2026-01-13 11:00:00,8.605858256043124,0.9675138209762464,0.11242502400000001,0,0,1,0,1.12425024,1,Typec,Renault,Mail
2026-01-13 12:00:00,8.605858256043124,0.9675138209762464,0.11242502400000001,0,0,1,0,1.12425024,1,Typec,Renault,Mail
2026-01-13 13:00:00,8.605858256043124,1.0755286387039213,0.1249763366656282,0,0,1,0,1.12425024,1,Typec,Renault,Mail
2026-01-13 14:00:00,8.605858256043124,0.9675138209762464,0.11242502400000001,0,0,1,0,1.12425024,1,Typec,Renault,Mail
2026-01-13 15:00:00,8.605858256043124,1.161277638505696,0.13494036317530964,0,0,1,0,1.12425024,1,Typec,Renault,Mail
2026-01-13 16:00:00,8.605858256043124,1.819190129785868,0.2113897389035444,0,0,1,0,1.12425024,1,Typec,Renault,Mail
2026-01-13 17:00:00,8.605858256043124,1.2200106958697057,0.14176513946334188,0,0,1,0,1.12425024,1,Typec,Renault,Mail
2026-01-13 18:00:00,8.605858256043124,1.3001502760613517,0.15107735188972843,0,0,1,0,1.12425024,1,Typec,Renault,Mail
2026-01-13 19:00:00,8.605858256043124,0.9675138209762464,0.11242502400000001,0,0,1,0,1.12425024,1,Typec,Renault,Mail
2026-01-13 20:00:00,8.605858256043124,0.9675138209762464,0.11242502400000001,0,0,1,0,1.12425024,1,Typec,Renault,Mail
2026-01-13 21:00:00,8.605858256043124,3.182280849054385,0.369780764959701,0,0,1,0,1.12425024,1,Typec,Renault,Mail
2026-01-13 22:00:00,8.605858256043124,1.0132801918795997,0.11774307242023928,0,0,1,0,1.12425024,1,Typec,Renault,Mail
2026-01-13 23:00:00,0.0,0.0,0.0,1,1,1,80,1.0,1,Typec,Renault,Mail
2026-01-14 00:00:00,0.0,0.0,0.0,1,1,1,80,1.0,1,Typec,Renault,Mail
2026-01-14 01:00:00,0.0,0.0,0.0,1,1,1,80,1.0,1,Typec,Renault,Mail
2026-01-14 02:00:00,0.0,0.0,0.0,1,1,1,80,1.0,1,Typec,Renault,Mail
2026-01-14 03:00:00,0.0,0.0,0.0,1,1,1,80,1.0,1,Typec,Renault,Mail
2026-01-14 04:00:00,0.0,0.0,0.0,1,1,1,80,1.0,1,Typec,Renault,Mail
2026-01-14 05:00:00,7.084986692406371,3.490708249650728,0.4926908689034009,0,0,1,0,1.102475,1,Typec,Renault,Mail
2026-01-14 06:00:00,7.084986692406371,2.2505803583826753,0.3176548462391367,0,0,1,0,1.102475,1,Typec,Renault,Mail
2026-01-14 07:00:00,7.084986692406371,1.2707056287291205,0.17935187233182134,0,0,1,0,1.102475,1,Typec,Renault,Mail
2026-01-14 08:00:00,7.084986692406371,1.0119270649626342,0.14282695351385896,0,0,1,0,1.102475,1,Typec,Renault,Mail
2026-01-14 09:00:00,7.084986692406371,0.7811020703710716,0.11024750000000001,0,0,1,0,1.102475,1,Typec,Renault,Mail
2026-01-14 10:00:00,7.084986692406371,2.8941165636922084,0.4084858150536963,0,0,1,0,1.102475,1,Typec,Renault,Mail
2026-01-14 11:00:00,7.084986692406371,2.420512501746725,0.3416396680520247,0,0,1,0,1.102475,1,Typec,Renault,Mail
2026-01-14 12:00:00,7.084986692406371,3.5149593166698216,0.4961137500000001,0,0,1,0,1.102475,1,Typec,Renault,Mail
2026-01-14 13:00:00,7.084986692406371,1.0692046339446448,0.15091131153296442,0,0,1,0,1.102475,1,Typec,Renault,Mail
2026-01-14 14:00:00,7.084986692406371,2.0675556302618237,0.2918220908555569,0,0,1,0,1.102475,1,Typec,Renault,Mail
2026-01-14 15:00:00,7.084986692406371,1.5094383933122129,0.21304745638125422,0,0,1,0,1.102475,1,Typec,Renault,Mail
2026-01-14 16:00:00,7.084986692406371,2.8469890287120743,0.4018340686177228,0,0,1,0,1.102475,1,Typec,Renault,Mail
2026-01-14 17:00:00,7.084986692406371,0.7811020703710716,0.11024750000000001,0,0,1,0,1.102475,1,Typec,Renault,Mail
2026-01-14 18:00:00,7.084986692406371,1.1073258600496236,0.1562918757824127,0,0,1,0,1.102475,1,Typec,Renault,Mail
2026-01-14 19:00:00,7.084986692406371,2.938499812494569,0.41475022326351424,0,0,1,0,1.102475,1,Typec,Renault,Mail
2026-01-14 20:00:00,7.084986692406371,1.9824391439044653,0.279808449891547,0,0,1,0,1.102475,1,Typec,Renault,Mail
2026-01-14 21:00:00,7.084986692406371,1.056005634247028,0.14904835818235848,0,0,1,0,1.102475,1,Typec,Renault,Mail
2026-01-14 22:00:00,7.084986692406371,0.7811020703710716,0.11024750000000001,0,0,1,0,1.102475,1,Typec,Renault,Mail
2026-01-14 23:00:00,0.0,0.0,0.0,1,1,1,80,1.0,1,Typec,Renault,Mail
2026-01-01 00:00:00,0.0,0.0,0.0,1,1,2,80,1.0,2,Typec,Renault,Mail
2026-01-01 01:00:00,0.0,0.0,0.0,1,1,2,80,1.0,2,Typec,Renault,Mail
2026-01-01 02:00:00,0.0,0.0,0.0,1,1,2,80,1.0,2,Typec,Renault,Mail
2026-01-01 03:00:00,0.0,0.0,0.0,1,1,2,80,1.0,2,Typec,Renault,Mail
2026-01-01 04:00:00,0.0,0.0,0.0,1,1,2,80,1.0,2,Typec,Renault,Mail
2026-01-01 05:00:00,7.650283305860934,1.3668592554904595,0.17866779579826791,0,0,2,0,1.1329772784640002,2,Typec,Renault,Mail
2026-01-01 06:00:00,7.650283305860934,2.4062029702674392,0.314524688049661,0,0,2,0,1.1329772784640002,2,Typec,Renault,Mail
2026-01-01 07:00:00,7.650283305860934,1.4423489077888225,0.18853535877342337,0,0,2,0,1.1329772784640002,2,Typec,Renault,Mail
2026-01-01 08:00:00,7.650283305860934,2.5047200662322653,0.3274022629087974,0,0,2,0,1.1329772784640002,2,Typec,Renault,Mail
2026-01-01 09:00:00,7.650283305860934,2.8982140719533858,0.378837483016223,0,0,2,0,1.1329772784640002,2,Typec,Renault,Mail
2026-01-01 10:00:00,7.650283305860934,3.9004187217088027,0.5098397753088001,0,0,2,0,1.1329772784640002,2,Typec,Renault,Mail
2026-01-01 11:00:00,7.650283305860934,1.4323154911406395,0.18722384961133828,0,0,2,0,1.1329772784640002,2,Typec,Renault,Mail
2026-01-01 12:00:00,7.650283305860934,0.8667597159352896,0.11329772784640002,0,0,2,0,1.1329772784640002,2,Typec,Renault,Mail
2026-01-01 13:00:00,7.650283305860934,0.8667597159352896,0.11329772784640002,0,0,2,0,1.1329772784640002,2,Typec,Renault,Mail
2026-01-01 14:00:00,7.650283305860934,1.8720008688768297,0.24469693396095243,0,0,2,0,1.1329772784640002,2,Typec,Renault,Mail
2026-01-01 15:00:00,7.650283305860934,2.6543233403091198,0.3469575222496172,0,0,2,0,1.1329772784640002,2,Typec,Renault,Mail
2026-01-01 16:00:00,7.650283305860934,1.928902455521522,0.2521347744133576,0,0,2,0,1.1329772784640002,2,Typec,Renault,Mail
2026-01-01 17:00:00,7.650283305860934,0.8667597159352896,0.11329772784640002,0,0,2,0,1.1329772784640002,2,Typec,Renault,Mail
2026-01-01 18:00:00,7.650283305860934,3.4396551889863103,0.44961147861689865,0,0,2,0,1.1329772784640002,2,Typec,Renault,Mail
2026-01-01 19:00:00,7.650283305860934,1.603013035604284,0.20953642780473303,0,0,2,0,1.1329772784640002,2,Typec,Renault,Mail
2026-01-01 20:00:00,7.650283305860934,3.728537867048793,0.487372521772146,0,0,2,0,1.1329772784640002,2,Typec,Renault,Mail
2026-01-01 21:00:00,7.650283305860934,1.1910458485298425,0.1556865021740272,0,0,2,0,1.1329772784640002,2,Typec,Renault,Mail
2026-01-01 22:00:00,7.650283305860934,1.9928982705111888,0.2604999306345186,0,0,2,0,1.1329772784640002,2,Typec,Renault,Mail
2026-01-01 23:00:00,0.0,0.0,0.0,1,1,2,80,1.0,2,Typec,Renault,Mail
2026-01-02 00:00:00,0.0,0.0,0.0,1,1,2,80,1.0,2,Typec,Renault,Mail
2026-01-02 01:00:00,0.0,0.0,0.0,1,1,2,80,1.0,2,Typec,Renault,Mail
2026-01-02 02:00:00,0.0,0.0,0.0,1,1,2,80,1.0,2,Typec,Renault,Mail
2026-01-02 03:00:00,0.0,0.0,0.0,1,1,2,80,1.0,2,Typec,Renault,Mail
2026-01-02 04:00:00,0.0,0.0,0.0,1,1,2,80,1.0,2,Typec,Renault,Mail
2026-01-02 05:00:00,7.633272153605534,0.9408695229143532,0.123259004,0,0,2,0,1.23259004,2,Typec,Renault,Mail
2026-01-02 06:00:00,7.633272153605534,4.233912853114589,0.5546655180000001,0,0,2,0,1.23259004,2,Typec,Renault,Mail
2026-01-02 07:00:00,7.633272153605534,1.0751804051167642,0.1408544571031584,0,0,2,0,1.23259004,2,Typec,Renault,Mail
2026-01-02 08:00:00,7.633272153605534,1.7926415739980304,0.234845756567357,0,0,2,0,1.23259004,2,Typec,Renault,Mail
2026-01-02 09:00:00,7.633272153605534,2.0614875156337233,0.2700660312052402,0,0,2,0,1.23259004,2,Typec,Renault,Mail
2026-01-02 10:00:00,7.633272153605534,1.6254466045929368,0.2129423099142569,0,0,2,0,1.23259004,2,Typec,Renault,Mail
2026-01-02 11:00:00,7.633272153605534,1.4671713839627154,0.19220739866712402,0,0,2,0,1.23259004,2,Typec,Renault,Mail
2026-01-02 12:00:00,7.633272153605534,3.3225420180062546,0.435271001890961,0,0,2,0,1.23259004,2,Typec,Renault,Mail
2026-01-02 13:00:00,7.633272153605534,2.217272023508073,0.2904746455896711,0,0,2,0,1.23259004,2,Typec,Renault,Mail
2026-01-02 14:00:00,7.633272153605534,2.9390258089425334,0.38502830107456615,0,0,2,0,1.23259004,2,Typec,Renault,Mail
2026-01-02 15:00:00,7.633272153605534,1.5013310107961741,0.19668249481803535,0,0,2,0,1.23259004,2,Typec,Renault,Mail
2026-01-02 16:00:00,7.633272153605534,0.9408695229143532,0.123259004,0,0,2,0,1.23259004,2,Typec,Renault,Mail
2026-01-02 17:00:00,7.633272153605534,2.781162747133547,0.36434738486559526,0,0,2,0,1.23259004,2,Typec,Renault,Mail
2026-01-02 18:00:00,7.633272153605534,0.9408695229143532,0.123259004,0,0,2,0,1.23259004,2,Typec,Renault,Mail
2026-01-02 19:00:00,7.633272153605534,1.6740992213273176,0.21931606624775798,0,0,2,0,1.23259004,2,Typec,Renault,Mail
2026-01-02 20:00:00,7.633272153605534,3.185944724823609,0.4173760165643701,0,0,2,0,1.23259004,2,Typec,Renault,Mail
2026-01-02 21:00:00,7.633272153605534,2.859456554248845,0.3746042976992765,0,0,2,0,1.23259004,2,Typec,Renault,Mail
2026-01-02 22:00:00,7.633272153605534,1.2063244371587831,0.15803503568112431,0,0,2,0,1.23259004,2,Typec,Renault,Mail
2026-01-02 23:00:00,0.0,0.0,0.0,1,1,2,80,1.0,2,Typec,Renault,Mail
2026-01-03 00:00:00,0.0,0.0,0.0,1,1,2,80,1.0,2,Typec,Renault,Mail
2026-01-03 01:00:00,0.0,0.0,0.0,1,1,2,80,1.0,2,Typec,Renault,Mail
2026-01-03 02:00:00,0.0,0.0,0.0,1,1,2,80,1.0,2,Typec,Renault,Mail
2026-01-03 03:00:00,0.0,0.0,0.0,1,1,2,80,1.0,2,Typec,Renault,Mail
2026-01-03 04:00:00,0.0,0.0,0.0,1,1,2,80,1.0,2,Typec,Renault,Mail
2026-01-03 05:00:00,4.348257514414777,1.3843968711639842,0.3183796880876103,0,0,2,0,1.209049010004,2,Typec,Renault,Mail
2026-01-03 06:00:00,4.348257514414777,1.2879995028302176,0.29621049318270815,0,0,2,0,1.209049010004,2,Typec,Renault,Mail
2026-01-03 07:00:00,4.348257514414777,1.1073701238279754,0.25466985801944025,0,0,2,0,1.209049010004,2,Typec,Renault,Mail
2026-01-03 08:00:00,4.348257514414777,2.0523828633506436,0.472001222684455,0,0,2,0,1.209049010004,2,Typec,Renault,Mail
2026-01-03 09:00:00,4.348257514414777,1.5281614263358259,0.3514422550343129,0,0,2,0,1.209049010004,2,Typec,Renault,Mail
2026-01-03 10:00:00,4.348257514414777,0.5257256443045639,0.1209049010004,0,0,2,0,1.209049010004,2,Typec,Renault,Mail
2026-01-03 11:00:00,4.348257514414777,0.5257256443045639,0.1209049010004,0,0,2,0,1.209049010004,2,Typec,Renault,Mail
2026-01-03 12:00:00,4.348257514414777,0.5257256443045639,0.1209049010004,0,0,2,0,1.209049010004,2,Typec,Renault,Mail
2026-01-03 13:00:00,4.348257514414777,0.7838681974593507,0.18027179734888585,0,0,2,0,1.209049010004,2,Typec,Renault,Mail
2026-01-03 14:00:00,4.348257514414777,1.3031074193667815,0.29968496921971377,0,0,2,0,1.209049010004,2,Typec,Renault,Mail
2026-01-03 15:00:00,4.348257514414777,0.5257256443045639,0.1209049010004,0,0,2,0,1.209049010004,2,Typec,Renault,Mail
2026-01-03 16:00:00,4.348257514414777,2.3657653993705376,0.5440720545018,0,0,2,0,1.209049010004,2,Typec,Renault,Mail
2026-01-03 17:00:00,4.348257514414777,1.398425727802988,0.32160600497259173,0,0,2,0,1.209049010004,2,Typec,Renault,Mail
2026-01-03 18:00:00,4.348257514414777,0.5257256443045639,0.1209049010004,0,0,2,0,1.209049010004,2,Typec,Renault,Mail
2026-01-03 19:00:00,4.348257514414777,1.455207099415465,0.3346644246784723,0,0,2,0,1.209049010004,2,Typec,Renault,Mail
2026-01-03 20:00:00,4.348257514414777,1.1228672121708945,0.25823383469091044,0,0,2,0,1.209049010004,2,Typec,Renault,Mail
2026-01-03 21:00:00,4.348257514414777,1.8602579889968058,0.42781688592037637,0,0,2,0,1.209049010004,2,Typec,Renault,Mail
2026-01-03 22:00:00,4.348257514414777,0.5542098314006327,0.1274556140162786,0,0,2,0,1.209049010004,2,Typec,Renault,Mail
2026-01-03 23:00:00,0.0,0.0,0.0,1,1,2,80,1.0,2,Typec,Renault,Mail
2026-01-04 00:00:00,0.0,0.0,0.0,1,1,2,80,1.0,2,Typec,Renault,Mail
2026-01-04 01:00:00,0.0,0.0,0.0,1,1,2,80,1.0,2,Typec,Renault,Mail
2026-01-04 02:00:00,0.0,0.0,0.0,1,1,2,80,1.0,2,Typec,Renault,Mail
2026-01-04 03:00:00,0.0,0.0,0.0,1,1,2,80,1.0,2,Typec,Renault,Mail
2026-01-04 04:00:00,0.0,0.0,0.0,1,1,2,80,1.0,2,Typec,Renault,Mail
2026-01-04 05:00:00,3.6532352555541827,0.4767582162674252,0.13050301525000002,0,0,2,0,1.3050301525,2,Typec,Renault,Mail
2026-01-04 06:00:00,3.6532352555541827,1.4530929645200594,0.3977551027711273,0,0,2,0,1.3050301525,2,Typec,Renault,Mail
2026-01-04 07:00:00,3.6532352555541827,1.0766927071000734,0.2947230692201187,0,0,2,0,1.3050301525,2,Typec,Renault,Mail
2026-01-04 08:00:00,3.6532352555541827,1.5375994942496514,0.4208870731530272,0,0,2,0,1.3050301525,2,Typec,Renault,Mail
2026-01-04 09:00:00,3.6532352555541827,0.8498209225893768,0.2326214610179716,0,0,2,0,1.3050301525,2,Typec,Renault,Mail
2026-01-04 10:00:00,3.6532352555541827,0.4767582162674252,0.13050301525000002,0,0,2,0,1.3050301525,2,Typec,Renault,Mail
2026-01-04 11:00:00,3.6532352555541827,0.6263892153982449,0.17146150509905334,0,0,2,0,1.3050301525,2,Typec,Renault,Mail
2026-01-04 12:00:00,3.6532352555541827,1.063090753945675,0.290999806905238,0,0,2,0,1.3050301525,2,Typec,Renault,Mail
2026-01-04 13:00:00,3.6532352555541827,0.4767582162674252,0.13050301525000002,0,0,2,0,1.3050301525,2,Typec,Renault,Mail
2026-01-04 14:00:00,3.6532352555541827,0.5897554501392054,0.1614337454021262,0,0,2,0,1.3050301525,2,Typec,Renault,Mail
2026-01-04 15:00:00,3.6532352555541827,1.3411832321696748,0.3671220543847024,0,0,2,0,1.3050301525,2,Typec,Renault,Mail
2026-01-04 16:00:00,3.6532352555541827,0.4767582162674252,0.13050301525000002,0,0,2,0,1.3050301525,2,Typec,Renault,Mail
2026-01-04 17:00:00,3.6532352555541827,1.2242496263467115,0.3351138212315859,0,0,2,0,1.3050301525,2,Typec,Renault,Mail
2026-01-04 18:00:00,3.6532352555541827,1.3316303284913302,0.36450713828702686,0,0,2,0,1.3050301525,2,Typec,Renault,Mail
2026-01-04 19:00:00,3.6532352555541827,1.3149057409405291,0.35992911733275784,0,0,2,0,1.3050301525,2,Typec,Renault,Mail
2026-01-04 20:00:00,3.6532352555541827,0.4861717987510534,0.13307979496034478,0,0,2,0,1.3050301525,2,Typec,Renault,Mail
2026-01-04 21:00:00,3.6532352555541827,0.9312194827659654,0.2549026869677197,0,0,2,0,1.3050301525,2,Typec,Renault,Mail
2026-01-04 22:00:00,3.6532352555541827,1.7881641097916914,0.489474119432375,0,0,2,0,1.3050301525,2,Typec,Renault,Mail
2026-01-04 23:00:00,0.0,0.0,0.0,1,1,2,80,1.0,2,Typec,Renault,Mail
2026-01-05 00:00:00,0.0,0.0,0.0,1,1,2,80,1.0,2,Typec,Renault,Mail
2026-01-05 01:00:00,0.0,0.0,0.0,1,1,2,80,1.0,2,Typec,Renault,Mail
2026-01-05 02:00:00,0.0,0.0,0.0,1,1,2,80,1.0,2,Typec,Renault,Mail
2026-01-05 03:00:00,0.0,0.0,0.0,1,1,2,80,1.0,2,Typec,Renault,Mail
2026-01-05 04:00:00,0.0,0.0,0.0,1,1,2,80,1.0,2,Typec,Renault,Mail
2026-01-05 05:00:00,5.973853594189533,0.7325124818103862,0.12261975796040002,0,0,2,0,1.226197579604,2,Typec,Renault,Mail
2026-01-05 06:00:00,5.973853594189533,1.8083029708666856,0.3027029274077843,0,0,2,0,1.226197579604,2,Typec,Renault,Mail
2026-01-05 07:00:00,5.973853594189533,0.7364106586457275,0.12327229769440569,0,0,2,0,1.226197579604,2,Typec,Renault,Mail
2026-01-05 08:00:00,5.973853594189533,0.7325124818103862,0.12261975796040002,0,0,2,0,1.226197579604,2,Typec,Renault,Mail
2026-01-05 09:00:00,5.973853594189533,0.7325124818103862,0.12261975796040002,0,0,2,0,1.226197579604,2,Typec,Renault,Mail
2026-01-05 10:00:00,5.973853594189533,1.3385971561018561,0.2240759896432417,0,0,2,0,1.226197579604,2,Typec,Renault,Mail
2026-01-05 11:00:00,5.973853594189533,3.296306168146738,0.5517889108218,0,0,2,0,1.226197579604,2,Typec,Renault,Mail
2026-01-05 12:00:00,5.973853594189533,2.2029402469086765,0.36876368196424597,0,0,2,0,1.226197579604,2,Typec,Renault,Mail
2026-01-05 13:00:00,5.973853594189533,2.1289767389624106,0.3563824766367156,0,0,2,0,1.226197579604,2,Typec,Renault,Mail
2026-01-05 14:00:00,5.973853594189533,1.5474493453448408,0.25903703881360046,0,0,2,0,1.226197579604,2,Typec,Renault,Mail
2026-01-05 15:00:00,5.973853594189533,1.7407048836756418,0.2913872689094252,0,0,2,0,1.226197579604,2,Typec,Renault,Mail
2026-01-05 16:00:00,5.973853594189533,1.0216737700545468,0.17102423987227902,0,0,2,0,1.226197579604,2,Typec,Renault,Mail
2026-01-05 17:00:00,5.973853594189533,0.9957995148467633,0.16669298956628723,0,0,2,0,1.226197579604,2,Typec,Renault,Mail
2026-01-05 18:00:00,5.973853594189533,1.265565119019378,0.2118507089377499,0,0,2,0,1.226197579604,2,Typec,Renault,Mail
2026-01-05 19:00:00,5.973853594189533,0.7325124818103862,0.12261975796040002,0,0,2,0,1.226197579604,2,Typec,Renault,Mail
2026-01-05 20:00:00,5.973853594189533,0.7325124818103862,0.12261975796040002,0,0,2,0,1.226197579604,2,Typec,Renault,Mail
2026-01-05 21:00:00,5.973853594189533,2.854233958889022,0.4777877318026662,0,0,2,0,1.226197579604,2,Typec,Renault,Mail
2026-01-05 22:00:00,5.973853594189533,1.72457949659858,0.2886879414446969,0,0,2,0,1.226197579604,2,Typec,Renault,Mail
2026-01-05 23:00:00,0.0,0.0,0.0,1,1,2,80,1.0,2,Typec,Renault,Mail
2026-01-06 00:00:00,0.0,0.0,0.0,1,1,2,80,1.0,2,Typec,Renault,Mail
2026-01-06 01:00:00,0.0,0.0,0.0,1,1,2,80,1.0,2,Typec,Renault,Mail
2026-01-06 02:00:00,0.0,0.0,0.0,1,1,2,80,1.0,2,Typec,Renault,Mail
2026-01-06 03:00:00,0.0,0.0,0.0,1,1,2,80,1.0,2,Typec,Renault,Mail
2026-01-06 04:00:00,8.231228336064765,2.4288319144068584,0.2950752688714804,0,0,2,0,1.3306301459840002,2,Typec,Renault,Mail
2026-01-06 05:00:00,8.231228336064765,1.8889935619491416,0.2294910898866211,0,0,2,0,1.3306301459840002,2,Typec,Renault,Mail
2026-01-06 06:00:00,8.231228336064765,4.282717547018189,0.5203011473091629,0,0,2,0,1.3306301459840002,2,Typec,Renault,Mail
2026-01-06 07:00:00,8.231228336064765,4.181011624717348,0.5079450422239448,0,0,2,0,1.3306301459840002,2,Typec,Renault,Mail
2026-01-06 08:00:00,8.231228336064765,2.182326690749713,0.2651277065402189,0,0,2,0,1.3306301459840002,2,Typec,Renault,Mail
2026-01-06 09:00:00,8.231228336064765,1.0952720562445497,0.13306301459840003,0,0,2,0,1.3306301459840002,2,Typec,Renault,Mail
2026-01-06 10:00:00,8.231228336064765,2.547082867558187,0.3094414057739421,0,0,2,0,1.3306301459840002,2,Typec,Renault,Mail
2026-01-06 11:00:00,8.231228336064765,1.2173680393047401,0.14789627861140672,0,0,2,0,1.3306301459840002,2,Typec,Renault,Mail
2026-01-06 12:00:00,8.231228336064765,2.5879468158468053,0.3144059076222962,0,0,2,0,1.3306301459840002,2,Typec,Renault,Mail
2026-01-06 13:00:00,8.231228336064765,3.5928770586852576,0.43649342625367643,0,0,2,0,1.3306301459840002,2,Typec,Renault,Mail
2026-01-06 14:00:00,8.231228336064765,2.867012967484996,0.34830924989935036,0,0,2,0,1.3306301459840002,2,Typec,Renault,Mail
2026-01-06 15:00:00,8.231228336064765,3.348784272311643,0.40683894743134413,0,0,2,0,1.3306301459840002,2,Typec,Renault,Mail
2026-01-06 16:00:00,8.231228336064765,2.107023505374605,0.25597923169531994,0,0,2,0,1.3306301459840002,2,Typec,Renault,Mail
2026-01-06 17:00:00,8.231228336064765,1.167569563016941,0.14184633390636076,0,0,2,0,1.3306301459840002,2,Typec,Renault,Mail
2026-01-06 18:00:00,8.231228336064765,1.1183736658986216,0.1358695956712216,0,0,2,0,1.3306301459840002,2,Typec,Renault,Mail
2026-01-06 19:00:00,8.231228336064765,3.2741790049761517,0.39777526163749827,0,0,2,0,1.3306301459840002,2,Typec,Renault,Mail
2026-01-06 20:00:00,8.231228336064765,1.2981371980808847,0.15770880664227885,0,0,2,0,1.3306301459840002,2,Typec,Renault,Mail
2026-01-06 21:00:00,8.231228336064765,4.490483684972248,0.5455423542677574,0,0,2,0,1.3306301459840002,2,Typec,Renault,Mail
2026-01-06 22:00:00,8.231228336064765,2.5509138797228177,0.30990682988905804,0,0,2,0,1.3306301459840002,2,Typec,Renault,Mail
2026-01-06 23:00:00,0.0,0.0,0.0,1,1,2,80,1.0,2,Typec,Renault,Mail
2026-01-07 00:00:00,0.0,0.0,0.0,1,1,2,80,1.0,2,Typec,Renault,Mail
2026-01-07 01:00:00,0.0,0.0,0.0,1,1,2,80,1.0,2,Typec,Renault,Mail
2026-01-07 02:00:00,0.0,0.0,0.0,1,1,2,80,1.0,2,Typec,Renault,Mail
2026-01-07 03:00:00,0.0,0.0,0.0,1,1,2,80,1.0,2,Typec,Renault,Mail
2026-01-07 04:00:00,0.0,0.0,0.0,1,1,2,80,1.0,2,Typec,Renault,Mail
2026-01-07 05:00:00,7.66945807722772,1.5855400586778352,0.20673430152589878,0,0,2,0,1.282756305344,2,Typec,Renault,Mail
2026-01-07 06:00:00,7.66945807722772,3.3124002923331366,0.4318949603712379,0,0,2,0,1.282756305344,2,Typec,Renault,Mail
2026-01-07 07:00:00,7.66945807722772,0.9838045707135329,0.12827563053440003,0,0,2,0,1.282756305344,2,Typec,Renault,Mail
2026-01-07 08:00:00,7.66945807722772,0.9838045707135329,0.12827563053440003,0,0,2,0,1.282756305344,2,Typec,Renault,Mail
2026-01-07 09:00:00,7.66945807722772,4.427120568210898,0.5772403374048001,0,0,2,0,1.282756305344,2,Typec,Renault,Mail
2026-01-07 10:00:00,7.66945807722772,0.9838045707135329,0.12827563053440003,0,0,2,0,1.282756305344,2,Typec,Renault,Mail
2026-01-07 11:00:00,7.66945807722772,0.9838045707135329,0.12827563053440003,0,0,2,0,1.282756305344,2,Typec,Renault,Mail
2026-01-07 12:00:00,7.66945807722772,1.5738634416398993,0.2052118188523698,0,0,2,0,1.282756305344,2,Typec,Renault,Mail
2026-01-07 13:00:00,7.66945807722772,3.257120285936766,0.4246871490969956,0,0,2,0,1.282756305344,2,Typec,Renault,Mail
2026-01-07 14:00:00,7.66945807722772,0.9838045707135329,0.12827563053440003,0,0,2,0,1.282756305344,2,Typec,Renault,Mail
2026-01-07 15:00:00,7.66945807722772,1.1248976325837856,0.14667237518695747,0,0,2,0,1.282756305344,2,Typec,Renault,Mail
2026-01-07 16:00:00,7.66945807722772,0.9838045707135329,0.12827563053440003,0,0,2,0,1.282756305344,2,Typec,Renault,Mail
2026-01-07 17:00:00,7.66945807722772,0.9838045707135329,0.12827563053440003,0,0,2,0,1.282756305344,2,Typec,Renault,Mail
2026-01-07 18:00:00,7.66945807722772,1.9037431251117454,0.24822394306637785,0,0,2,0,1.282756305344,2,Typec,Renault,Mail
2026-01-07 19:00:00,7.66945807722772,2.7775380369846827,0.3621557102230983,0,0,2,0,1.282756305344,2,Typec,Renault,Mail
2026-01-07 20:00:00,7.66945807722772,2.0681269576501102,0.26965750863034593,0,0,2,0,1.282756305344,2,Typec,Renault,Mail
2026-01-07 21:00:00,7.66945807722772,1.7817448993196645,0.2323169227054061,0,0,2,0,1.282756305344,2,Typec,Renault,Mail
2026-01-07 22:00:00,7.66945807722772,2.870933790644249,0.37433333121262796,0,0,2,0,1.282756305344,2,Typec,Renault,Mail
2026-01-07 23:00:00,0.0,0.0,0.0,1,1,2,80,1.0,2,Typec,Renault,Mail
2026-01-08 00:00:00,0.0,0.0,0.0,1,1,2,80,1.0,2,Typec,Renault,Mail
2026-01-08 01:00:00,0.0,0.0,0.0,1,1,2,80,1.0,2,Typec,Renault,Mail
2026-01-08 02:00:00,0.0,0.0,0.0,1,1,2,80,1.0,2,Typec,Renault,Mail
2026-01-08 03:00:00,0.0,0.0,0.0,1,1,2,80,1.0,2,Typec,Renault,Mail
2026-01-08 04:00:00,0.0,0.0,0.0,1,1,2,80,1.0,2,Typec,Renault,Mail
2026-01-08 05:00:00,6.045709386761146,1.7944553565546217,0.2968146898499799,0,0,2,0,1.176585222144,2,Typec,Renault,Mail
2026-01-08 06:00:00,6.045709386761146,0.711329232184043,0.11765852221440001,0,0,2,0,1.176585222144,2,Typec,Renault,Mail
2026-01-08 07:00:00,6.045709386761146,0.711329232184043,0.11765852221440001,0,0,2,0,1.176585222144,2,Typec,Renault,Mail
2026-01-08 08:00:00,6.045709386761146,1.77034706787991,0.2928270207225978,0,0,2,0,1.176585222144,2,Typec,Renault,Mail
2026-01-08 09:00:00,6.045709386761146,0.9352789315851006,0.15470127188600366,0,0,2,0,1.176585222144,2,Typec,Renault,Mail
2026-01-08 10:00:00,6.045709386761146,0.9265449685442955,0.15325661709331206,0,0,2,0,1.176585222144,2,Typec,Renault,Mail
2026-01-08 11:00:00,6.045709386761146,1.8324226117369242,0.30309472296990503,0,0,2,0,1.176585222144,2,Typec,Renault,Mail
2026-01-08 12:00:00,6.045709386761146,0.711329232184043,0.11765852221440001,0,0,2,0,1.176585222144,2,Typec,Renault,Mail
2026-01-08 13:00:00,6.045709386761146,1.2415161956160505,0.20535492465693345,0,0,2,0,1.176585222144,2,Typec,Renault,Mail
2026-01-08 14:00:00,6.045709386761146,0.711329232184043,0.11765852221440001,0,0,2,0,1.176585222144,2,Typec,Renault,Mail
2026-01-08 15:00:00,6.045709386761146,1.2292599468223786,0.2033276606901092,0,0,2,0,1.176585222144,2,Typec,Renault,Mail
2026-01-08 16:00:00,6.045709386761146,0.8751527838799613,0.14475601255269813,0,0,2,0,1.176585222144,2,Typec,Renault,Mail
2026-01-08 17:00:00,6.045709386761146,1.578860742463854,0.26115392610852795,0,0,2,0,1.176585222144,2,Typec,Renault,Mail
2026-01-08 18:00:00,6.045709386761146,0.711329232184043,0.11765852221440001,0,0,2,0,1.176585222144,2,Typec,Renault,Mail
2026-01-08 19:00:00,6.045709386761146,1.1966233169024463,0.1979293479641618,0,0,2,0,1.176585222144,2,Typec,Renault,Mail
2026-01-08 20:00:00,6.045709386761146,0.711329232184043,0.11765852221440001,0,0,2,0,1.176585222144,2,Typec,Renault,Mail
2026-01-08 21:00:00,6.045709386761146,1.7067425987601965,0.2823064242051743,0,0,2,0,1.176585222144,2,Typec,Renault,Mail
2026-01-08 22:00:00,6.045709386761146,0.711329232184043,0.11765852221440001,0,0,2,0,1.176585222144,2,Typec,Renault,Mail
2026-01-08 23:00:00,0.0,0.0,0.0,1,1,2,80,1.0,2,Typec,Renault,Mail
2026-01-09 00:00:00,0.0,0.0,0.0,1,1,2,80,1.0,2,Typec,Renault,Mail
2026-01-09 01:00:00,0.0,0.0,0.0,1,1,2,80,1.0,2,Typec,Renault,Mail
2026-01-09 02:00:00,0.0,0.0,0.0,1,1,2,80,1.0,2,Typec,Renault,Mail
2026-01-09 03:00:00,0.0,0.0,0.0,1,1,2,80,1.0,2,Typec,Renault,Mail
2026-01-09 04:00:00,8.613524647435371,2.144820084436333,0.2490060889388575,0,0,2,0,1.137342385344,2,Typec,Renault,Mail
2026-01-09 05:00:00,8.613524647435371,1.7370483636916143,0.20166522240216853,0,0,2,0,1.137342385344,2,Typec,Renault,Mail
2026-01-09 06:00:00,8.613524647435371,0.9796526668733481,0.1137342385344,0,0,2,0,1.137342385344,2,Typec,Renault,Mail
2026-01-09 07:00:00,8.613524647435371,2.0756032941261027,0.24097026235875482,0,0,2,0,1.137342385344,2,Typec,Renault,Mail
2026-01-09 08:00:00,8.613524647435371,3.9504227277623922,0.45863022275539767,0,0,2,0,1.137342385344,2,Typec,Renault,Mail
2026-01-09 09:00:00,8.613524647435371,1.68705292491387,0.19586092731692367,0,0,2,0,1.137342385344,2,Typec,Renault,Mail
2026-01-09 10:00:00,8.613524647435371,2.9210602772937904,0.33912485270051673,0,0,2,0,1.137342385344,2,Typec,Renault,Mail
2026-01-09 11:00:00,8.613524647435371,0.9796526668733481,0.1137342385344,0,0,2,0,1.137342385344,2,Typec,Renault,Mail
2026-01-09 12:00:00,8.613524647435371,1.6885548932957475,0.19603530057797017,0,0,2,0,1.137342385344,2,Typec,Renault,Mail
2026-01-09 13:00:00,8.613524647435371,2.615029554932155,0.3035957592239276,0,0,2,0,1.137342385344,2,Typec,Renault,Mail
2026-01-09 14:00:00,8.613524647435371,0.9796526668733481,0.1137342385344,0,0,2,0,1.137342385344,2,Typec,Renault,Mail
2026-01-09 15:00:00,8.613524647435371,1.8893185348740626,0.21934325519537426,0,0,2,0,1.137342385344,2,Typec,Renault,Mail
2026-01-09 16:00:00,8.613524647435371,1.3092605080801425,0.1520005528131817,0,0,2,0,1.137342385344,2,Typec,Renault,Mail
2026-01-09 17:00:00,8.613524647435371,2.895366599916441,0.3361419068764749,0,0,2,0,1.137342385344,2,Typec,Renault,Mail
2026-01-09 18:00:00,8.613524647435371,4.408437000930066,0.5118040734047999,0,0,2,0,1.137342385344,2,Typec,Renault,Mail
2026-01-09 19:00:00,8.613524647435371,2.1645698425432753,0.2512989665836463,0,0,2,0,1.137342385344,2,Typec,Renault,Mail
2026-01-09 20:00:00,8.613524647435371,0.9796526668733481,0.1137342385344,0,0,2,0,1.137342385344,2,Typec,Renault,Mail
2026-01-09 21:00:00,8.613524647435371,1.3682416937372417,0.15884806159399892,0,0,2,0,1.137342385344,2,Typec,Renault,Mail
2026-01-09 22:00:00,0.0,0.0,0.0,1,1,2,80,1.0,2,Typec,Renault,Mail
2026-01-09 23:00:00,0.0,0.0,0.0,1,1,2,80,1.0,2,Typec,Renault,Mail
2026-01-10 00:00:00,0.0,0.0,0.0,1,1,2,80,1.0,2,Typec,Renault,Mail
2026-01-10 01:00:00,0.0,0.0,0.0,1,1,2,80,1.0,2,Typec,Renault,Mail
2026-01-10 02:00:00,0.0,0.0,0.0,1,1,2,80,1.0,2,Typec,Renault,Mail
2026-01-10 03:00:00,0.0,0.0,0.0,1,1,2,80,1.0,2,Typec,Renault,Mail
2026-01-10 04:00:00,3.8270902521836874,0.7761784211086247,0.20281163232713087,0,0,2,0,1.18961004,2,Typec,Renault,Mail
2026-01-10 05:00:00,3.8270902521836874,0.8172584025609018,0.21354563093843548,0,0,2,0,1.18961004,2,Typec,Renault,Mail
2026-01-10 06:00:00,3.8270902521836874,0.45527449879838466,0.11896100400000001,0,0,2,0,1.18961004,2,Typec,Renault,Mail
2026-01-10 07:00:00,3.8270902521836874,1.8341269558058577,0.47924841980387817,0,0,2,0,1.18961004,2,Typec,Renault,Mail
2026-01-10 08:00:00,3.8270902521836874,1.1366179236098688,0.29699271475537575,0,0,2,0,1.18961004,2,Typec,Renault,Mail
2026-01-10 09:00:00,3.8270902521836874,1.0261953220119806,0.2681398280133182,0,0,2,0,1.18961004,2,Typec,Renault,Mail
2026-01-10 10:00:00,3.8270902521836874,1.430788571038323,0.373858068861045,0,0,2,0,1.18961004,2,Typec,Renault,Mail
2026-01-10 11:00:00,3.8270902521836874,1.0520094748755575,0.27488494013834525,0,0,2,0,1.18961004,2,Typec,Renault,Mail
2026-01-10 12:00:00,3.8270902521836874,0.8683601443943709,0.22689826661362272,0,0,2,0,1.18961004,2,Typec,Renault,Mail
2026-01-10 13:00:00,3.8270902521836874,1.0090470206655275,0.2636590605852001,0,0,2,0,1.18961004,2,Typec,Renault,Mail
2026-01-10 14:00:00,3.8270902521836874,1.0324954945511244,0.26978603234193294,0,0,2,0,1.18961004,2,Typec,Renault,Mail
2026-01-10 15:00:00,3.8270902521836874,1.1718732339159394,0.30620475523076157,0,0,2,0,1.18961004,2,Typec,Renault,Mail
2026-01-10 16:00:00,3.8270902521836874,0.7874854768924114,0.20576611080522142,0,0,2,0,1.18961004,2,Typec,Renault,Mail
2026-01-10 17:00:00,3.8270902521836874,1.8206412630587172,0.475724674122823,0,0,2,0,1.18961004,2,Typec,Renault,Mail
2026-01-10 18:00:00,3.8270902521836874,1.7292572121715386,0.4518464677400401,0,0,2,0,1.18961004,2,Typec,Renault,Mail
2026-01-10 19:00:00,3.8270902521836874,0.45527449879838466,0.11896100400000001,0,0,2,0,1.18961004,2,Typec,Renault,Mail
2026-01-10 20:00:00,3.8270902521836874,1.7789071316689358,0.4648197493262446,0,0,2,0,1.18961004,2,Typec,Renault,Mail
2026-01-10 21:00:00,3.8270902521836874,1.3599908587660425,0.3553589722609885,0,0,2,0,1.18961004,2,Typec,Renault,Mail
2026-01-10 22:00:00,3.8270902521836874,1.4964248635513033,0.3910085116747542,0,0,2,0,1.18961004,2,Typec,Renault,Mail
2026-01-10 23:00:00,0.0,0.0,0.0,1,1,2,80,1.0,2,Typec,Renault,Mail
2026-01-11 00:00:00,0.0,0.0,0.0,1,1,2,80,1.0,2,Typec,Renault,Mail
2026-01-11 01:00:00,0.0,0.0,0.0,1,1,2,80,1.0,2,Typec,Renault,Mail
2026-01-11 02:00:00,0.0,0.0,0.0,1,1,2,80,1.0,2,Typec,Renault,Mail
2026-01-11 03:00:00,0.0,0.0,0.0,1,1,2,80,1.0,2,Typec,Renault,Mail
2026-01-11 04:00:00,0.0,0.0,0.0,1,1,2,80,1.0,2,Typec,Renault,Mail
2026-01-11 05:00:00,7.073465245731593,1.1388847549644645,0.1610080371359303,0,0,2,0,1.122069513044,2,Typec,Renault,Mail
2026-01-11 06:00:00,7.073465245731593,2.801044262202031,0.3959932175947695,0,0,2,0,1.122069513044,2,Typec,Renault,Mail
2026-01-11 07:00:00,7.073465245731593,2.9866748082942265,0.4222364434598026,0,0,2,0,1.122069513044,2,Typec,Renault,Mail
2026-01-11 08:00:00,7.073465245731593,0.7936919703811707,0.1122069513044,0,0,2,0,1.122069513044,2,Typec,Renault,Mail
2026-01-11 09:00:00,7.073465245731593,1.196091117333388,0.16909549644782043,0,0,2,0,1.122069513044,2,Typec,Renault,Mail
2026-01-11 10:00:00,7.073465245731593,1.752757598934236,0.24779334287277638,0,0,2,0,1.122069513044,2,Typec,Renault,Mail
2026-01-11 11:00:00,7.073465245731593,0.7936919703811707,0.1122069513044,0,0,2,0,1.122069513044,2,Typec,Renault,Mail
2026-01-11 12:00:00,7.073465245731593,2.1501329819750525,0.30397166131162195,0,0,2,0,1.122069513044,2,Typec,Renault,Mail
2026-01-11 13:00:00,7.073465245731593,1.3062743468912672,0.18467247685701496,0,0,2,0,1.122069513044,2,Typec,Renault,Mail
2026-01-11 14:00:00,7.073465245731593,2.193452745101177,0.31009592454346085,0,0,2,0,1.122069513044,2,Typec,Renault,Mail
2026-01-11 15:00:00,7.073465245731593,1.8309676700640782,0.2588501684049351,0,0,2,0,1.122069513044,2,Typec,Renault,Mail
2026-01-11 16:00:00,7.073465245731593,3.543738123387864,0.5009903915943172,0,0,2,0,1.122069513044,2,Typec,Renault,Mail
2026-01-11 17:00:00,7.073465245731593,2.909709004208279,0.41135552421977495,0,0,2,0,1.122069513044,2,Typec,Renault,Mail
2026-01-11 18:00:00,7.073465245731593,1.7132304993781846,0.2422052614752034,0,0,2,0,1.122069513044,2,Typec,Renault,Mail
2026-01-11 19:00:00,7.073465245731593,3.201213370797208,0.4525664945804245,0,0,2,0,1.122069513044,2,Typec,Renault,Mail
2026-01-11 20:00:00,7.073465245731593,2.80948418298396,0.3971863980924078,0,0,2,0,1.122069513044,2,Typec,Renault,Mail
2026-01-11 21:00:00,7.073465245731593,1.5092193061805355,0.21336350059700337,0,0,2,0,1.122069513044,2,Typec,Renault,Mail
2026-01-11 22:00:00,0.0,0.0,0.0,1,1,2,80,1.0,2,Typec,Renault,Mail
2026-01-11 23:00:00,0.0,0.0,0.0,1,1,2,80,1.0,2,Typec,Renault,Mail
2026-01-12 00:00:00,0.0,0.0,0.0,1,1,2,80,1.0,2,Typec,Renault,Mail
2026-01-12 01:00:00,0.0,0.0,0.0,1,1,2,80,1.0,2,Typec,Renault,Mail
2026-01-12 02:00:00,0.0,0.0,0.0,1,1,2,80,1.0,2,Typec,Renault,Mail
2026-01-12 03:00:00,0.0,0.0,0.0,1,1,2,80,1.0,2,Typec,Renault,Mail
2026-01-12 04:00:00,0.0,0.0,0.0,1,1,2,80,1.0,2,Typec,Renault,Mail
2026-01-12 05:00:00,4.32742086625227,0.9090105872640935,0.2100582807540361,0,0,2,0,1.119889326784,2,Typec,Renault,Mail
2026-01-12 06:00:00,4.32742086625227,0.4846232440618289,0.1119889326784,0,0,2,0,1.119889326784,2,Typec,Renault,Mail
2026-01-12 07:00:00,4.32742086625227,1.7777380894563795,0.410807763885461,0,0,2,0,1.119889326784,2,Typec,Renault,Mail
2026-01-12 08:00:00,4.32742086625227,1.1228108109652728,0.2594642041225065,0,0,2,0,1.119889326784,2,Typec,Renault,Mail
2026-01-12 09:00:00,4.32742086625227,1.7649869209306568,0.40786116614980655,0,0,2,0,1.119889326784,2,Typec,Renault,Mail
2026-01-12 10:00:00,4.32742086625227,1.016090820697123,0.2348028657487851,0,0,2,0,1.119889326784,2,Typec,Renault,Mail
2026-01-12 11:00:00,4.32742086625227,1.7486098198682707,0.4040766715123415,0,0,2,0,1.119889326784,2,Typec,Renault,Mail
2026-01-12 12:00:00,4.32742086625227,1.158064456788071,0.2676107761598432,0,0,2,0,1.119889326784,2,Typec,Renault,Mail
2026-01-12 13:00:00,4.32742086625227,0.5569540726081568,0.12870346791355716,0,0,2,0,1.119889326784,2,Typec,Renault,Mail
2026-01-12 14:00:00,4.32742086625227,1.9159088114396163,0.4427368796922391,0,0,2,0,1.119889326784,2,Typec,Renault,Mail
2026-01-12 15:00:00,4.32742086625227,1.280389719109686,0.29587825143029317,0,0,2,0,1.119889326784,2,Typec,Renault,Mail
2026-01-12 16:00:00,4.32742086625227,1.707599278471539,0.3945997699896457,0,0,2,0,1.119889326784,2,Typec,Renault,Mail
2026-01-12 17:00:00,4.32742086625227,0.9592924598417495,0.22167764344874952,0,0,2,0,1.119889326784,2,Typec,Renault,Mail
2026-01-12 18:00:00,4.32742086625227,0.6421656190166534,0.14839453773138458,0,0,2,0,1.119889326784,2,Typec,Renault,Mail
2026-01-12 19:00:00,4.32742086625227,0.4846232440618289,0.1119889326784,0,0,2,0,1.119889326784,2,Typec,Renault,Mail
2026-01-12 20:00:00,4.32742086625227,1.0903675851905366,0.25196707667004464,0,0,2,0,1.119889326784,2,Typec,Renault,Mail
2026-01-12 21:00:00,4.32742086625227,0.5846218008532025,0.13509705178260367,0,0,2,0,1.119889326784,2,Typec,Renault,Mail
2026-01-12 22:00:00,0.0,0.0,0.0,1,1,2,80,1.0,2,Typec,Renault,Mail
2026-01-12 23:00:00,0.0,0.0,0.0,1,1,2,80,1.0,2,Typec,Renault,Mail
2026-01-13 00:00:00,0.0,0.0,0.0,1,1,2,80,1.0,2,Typec,Renault,Mail
2026-01-13 01:00:00,0.0,0.0,0.0,1,1,2,80,1.0,2,Typec,Renault,Mail
2026-01-13 02:00:00,0.0,0.0,0.0,1,1,2,80,1.0,2,Typec,Renault,Mail
2026-01-13 03:00:00,0.0,0.0,0.0,1,1,2,80,1.0,2,Typec,Renault,Mail
2026-01-13 04:00:00,0.0,0.0,0.0,1,1,2,80,1.0,2,Typec,Renault,Mail
2026-01-13 05:00:00,6.618799138213047,1.945495961068452,0.29393488462828615,0,0,2,0,1.12425024,2,Typec,Renault,Mail
2026-01-13 06:00:00,6.618799138213047,0.7441186519647812,0.11242502400000001,0,0,2,0,1.12425024,2,Typec,Renault,Mail
2026-01-13 07:00:00,6.618799138213047,2.0270256382172946,0.30625278028372893,0,0,2,0,1.12425024,2,Typec,Renault,Mail
2026-01-13 08:00:00,6.618799138213047,1.719186125720566,0.25974290650323534,0,0,2,0,1.12425024,2,Typec,Renault,Mail
2026-01-13 09:00:00,6.618799138213047,2.404313049276001,0.36325517651607125,0,0,2,0,1.12425024,2,Typec,Renault,Mail
2026-01-13 10:00:00,6.618799138213047,0.7441186519647812,0.11242502400000001,0,0,2,0,1.12425024,2,Typec,Renault,Mail
2026-01-13 11:00:00,6.618799138213047,1.2248049082150942,0.18504941495259952,0,0,2,0,1.12425024,2,Typec,Renault,Mail
2026-01-13 12:00:00,6.618799138213047,0.7441186519647812,0.11242502400000001,0,0,2,0,1.12425024,2,Typec,Renault,Mail
2026-01-13 13:00:00,6.618799138213047,1.3300499426217398,0.20095034081678276,0,0,2,0,1.12425024,2,Typec,Renault,Mail
2026-01-13 14:00:00,6.618799138213047,0.8326939011173026,0.12580739855207548,0,0,2,0,1.12425024,2,Typec,Renault,Mail
2026-01-13 15:00:00,6.618799138213047,2.331992649681045,0.35232866279586783,0,0,2,0,1.12425024,2,Typec,Renault,Mail
2026-01-13 16:00:00,6.618799138213047,0.7441186519647812,0.11242502400000001,0,0,2,0,1.12425024,2,Typec,Renault,Mail
2026-01-13 17:00:00,6.618799138213047,0.7441186519647812,0.11242502400000001,0,0,2,0,1.12425024,2,Typec,Renault,Mail
2026-01-13 18:00:00,6.618799138213047,2.2033161361065723,0.3328875963897927,0,0,2,0,1.12425024,2,Typec,Renault,Mail
2026-01-13 19:00:00,6.618799138213047,2.114356868788143,0.3194472025266777,0,0,2,0,1.12425024,2,Typec,Renault,Mail
2026-01-13 20:00:00,6.618799138213047,0.7441186519647812,0.11242502400000001,0,0,2,0,1.12425024,2,Typec,Renault,Mail
2026-01-13 21:00:00,6.618799138213047,0.7441186519647812,0.11242502400000001,0,0,2,0,1.12425024,2,Typec,Renault,Mail
2026-01-13 22:00:00,6.618799138213047,0.9418316549360257,0.14229645518300207,0,0,2,0,1.12425024,2,Typec,Renault,Mail
2026-01-13 23:00:00,0.0,0.0,0.0,1,1,2,80,1.0,2,Typec,Renault,Mail
2026-01-14 00:00:00,0.0,0.0,0.0,1,1,2,80,1.0,2,Typec,Renault,Mail
2026-01-14 01:00:00,0.0,0.0,0.0,1,1,2,80,1.0,2,Typec,Renault,Mail
2026-01-14 02:00:00,0.0,0.0,0.0,1,1,2,80,1.0,2,Typec,Renault,Mail
2026-01-14 03:00:00,0.0,0.0,0.0,1,1,2,80,1.0,2,Typec,Renault,Mail
2026-01-14 04:00:00,0.0,0.0,0.0,1,1,2,80,1.0,2,Typec,Renault,Mail
2026-01-14 05:00:00,3.931558010737914,0.6951164925205455,0.1768043331987054,0,0,2,0,1.102475,2,Typec,Renault,Mail
2026-01-14 06:00:00,3.931558010737914,0.43344444178882824,0.11024750000000001,0,0,2,0,1.102475,2,Typec,Renault,Mail
2026-01-14 07:00:00,3.931558010737914,0.9016161170736489,0.22932794444623356,0,0,2,0,1.102475,2,Typec,Renault,Mail
2026-01-14 08:00:00,3.931558010737914,0.5372428146886199,0.13664883316519721,0,0,2,0,1.102475,2,Typec,Renault,Mail
2026-01-14 09:00:00,3.931558010737914,0.43344444178882824,0.11024750000000001,0,0,2,0,1.102475,2,Typec,Renault,Mail
2026-01-14 10:00:00,3.931558010737914,0.5266111163965398,0.13394463847621063,0,0,2,0,1.102475,2,Typec,Renault,Mail
2026-01-14 11:00:00,3.931558010737914,0.43344444178882824,0.11024750000000001,0,0,2,0,1.102475,2,Typec,Renault,Mail
2026-01-14 12:00:00,3.931558010737914,0.43344444178882824,0.11024750000000001,0,0,2,0,1.102475,2,Typec,Renault,Mail
2026-01-14 13:00:00,3.931558010737914,0.43344444178882824,0.11024750000000001,0,0,2,0,1.102475,2,Typec,Renault,Mail
2026-01-14 14:00:00,3.931558010737914,1.3697167167289168,0.3483903106574878,0,0,2,0,1.102475,2,Typec,Renault,Mail
2026-01-14 15:00:00,3.931558010737914,0.43344444178882824,0.11024750000000001,0,0,2,0,1.102475,2,Typec,Renault,Mail
2026-01-14 16:00:00,3.931558010737914,0.8744465871265384,0.2224173176990497,0,0,2,0,1.102475,2,Typec,Renault,Mail
2026-01-14 17:00:00,3.931558010737914,1.151705513624241,0.2929387053373473,0,0,2,0,1.102475,2,Typec,Renault,Mail
2026-01-14 18:00:00,3.931558010737914,0.5756040515042995,0.14640609395364468,0,0,2,0,1.102475,2,Typec,Renault,Mail
2026-01-14 19:00:00,3.931558010737914,0.6445558774697121,0.16394413505009825,0,0,2,0,1.102475,2,Typec,Renault,Mail
2026-01-14 20:00:00,3.931558010737914,0.8052105288935625,0.2048069815310782,0,0,2,0,1.102475,2,Typec,Renault,Mail
2026-01-14 21:00:00,3.931558010737914,0.43344444178882824,0.11024750000000001,0,0,2,0,1.102475,2,Typec,Renault,Mail
2026-01-14 22:00:00,3.931558010737914,0.7731126695367962,0.19664282389456356,0,0,2,0,1.102475,2,Typec,Renault,Mail
2026-01-14 23:00:00,0.0,0.0,0.0,1,1,2,80,1.0,2,Typec,Renault,Mail
2026-01-01 00:00:00,0.0,0.0,0.0,1,1,3,80,1.0,3,Typec,Renault,Mail
2026-01-01 01:00:00,0.0,0.0,0.0,1,1,3,80,1.0,3,Typec,Renault,Mail
2026-01-01 02:00:00,0.0,0.0,0.0,1,1,3,80,1.0,3,Typec,Renault,Mail
2026-01-01 03:00:00,0.0,0.0,0.0,1,1,3,80,1.0,3,Typec,Renault,Mail
2026-01-01 04:00:00,0.0,0.0,0.0,1,1,3,80,1.0,3,Typec,Renault,Mail
2026-01-01 05:00:00,5.941854921784315,1.7328702760513508,0.2916379310605882,0,0,3,0,1.1329772784640002,3,Typec,Renault,Mail
2026-01-01 06:00:00,5.941854921784315,1.6414759648743178,0.2762564866496924,0,0,3,0,1.1329772784640002,3,Typec,Renault,Mail
2026-01-01 07:00:00,5.941854921784315,2.4254216278389533,0.4081926704313758,0,0,3,0,1.1329772784640002,3,Typec,Renault,Mail
2026-01-01 08:00:00,5.941854921784315,2.3942703369636855,0.40294998253587383,0,0,3,0,1.1329772784640002,3,Typec,Renault,Mail
2026-01-01 09:00:00,5.941854921784315,1.6824507905895307,0.28315245200976696,0,0,3,0,1.1329772784640002,3,Typec,Renault,Mail
2026-01-01 10:00:00,5.941854921784315,0.6731986618311119,0.11329772784640002,0,0,3,0,1.1329772784640002,3,Typec,Renault,Mail
2026-01-01 11:00:00,5.941854921784315,0.6731986618311119,0.11329772784640002,0,0,3,0,1.1329772784640002,3,Typec,Renault,Mail
2026-01-01 12:00:00,5.941854921784315,2.0095680535014266,0.33820550652185255,0,0,3,0,1.1329772784640002,3,Typec,Renault,Mail
2026-01-01 13:00:00,5.941854921784315,2.238513180481221,0.3767364248955787,0,0,3,0,1.1329772784640002,3,Typec,Renault,Mail
2026-01-01 14:00:00,5.941854921784315,1.9323511751457825,0.3252100902129575,0,0,3,0,1.1329772784640002,3,Typec,Renault,Mail
2026-01-01 15:00:00,5.941854921784315,0.7886966468077631,0.13273576302178053,0,0,3,0,1.1329772784640002,3,Typec,Renault,Mail
2026-01-01 16:00:00,5.941854921784315,1.7192070637948609,0.28933844505220435,0,0,3,0,1.1329772784640002,3,Typec,Renault,Mail
2026-01-01 17:00:00,5.941854921784315,2.909839166922289,0.4897189859439511,0,0,3,0,1.1329772784640002,3,Typec,Renault,Mail
2026-01-01 18:00:00,5.941854921784315,1.2206695392139895,0.2054357696851049,0,0,3,0,1.1329772784640002,3,Typec,Renault,Mail
2026-01-01 19:00:00,5.941854921784315,1.25330017388044,0.21092742760943728,0,0,3,0,1.1329772784640002,3,Typec,Renault,Mail
2026-01-01 20:00:00,5.941854921784315,3.029393978240003,0.5098397753088001,0,0,3,0,1.1329772784640002,3,Typec,Renault,Mail
2026-01-01 21:00:00,5.941854921784315,3.029393978240003,0.5098397753088001,0,0,3,0,1.1329772784640002,3,Typec,Renault,Mail
2026-01-01 22:00:00,5.941854921784315,1.793426986438863,0.3018294808686282,0,0,3,0,1.1329772784640002,3,Typec,Renault,Mail
2026-01-01 23:00:00,0.0,0.0,0.0,1,1,3,80,1.0,3,Typec,Renault,Mail
2026-01-02 00:00:00,0.0,0.0,0.0,1,1,3,80,1.0,3,Typec,Renault,Mail
2026-01-02 01:00:00,0.0,0.0,0.0,1,1,3,80,1.0,3,Typec,Renault,Mail
2026-01-02 02:00:00,0.0,0.0,0.0,1,1,3,80,1.0,3,Typec,Renault,Mail
2026-01-02 03:00:00,0.0,0.0,0.0,1,1,3,80,1.0,3,Typec,Renault,Mail
2026-01-02 04:00:00,8.39530302386509,2.235255424712269,0.2662507140430991,0,0,3,0,1.23259004,3,Typec,Renault,Mail
2026-01-02 05:00:00,8.39530302386509,1.0347966889997993,0.123259004,0,0,3,0,1.23259004,3,Typec,Renault,Mail
2026-01-02 06:00:00,8.39530302386509,1.0347966889997993,0.123259004,0,0,3,0,1.23259004,3,Typec,Renault,Mail
2026-01-02 07:00:00,8.39530302386509,2.911590906257541,0.3468118896936589,0,0,3,0,1.23259004,3,Typec,Renault,Mail
2026-01-02 08:00:00,8.39530302386509,2.769022185085139,0.3298299271883002,0,0,3,0,1.23259004,3,Typec,Renault,Mail
2026-01-02 09:00:00,8.39530302386509,3.6513689692455986,0.43492997916405823,0,0,3,0,1.23259004,3,Typec,Renault,Mail
2026-01-02 10:00:00,8.39530302386509,1.0347966889997993,0.123259004,0,0,3,0,1.23259004,3,Typec,Renault,Mail
2026-01-02 11:00:00,8.39530302386509,1.0347966889997993,0.123259004,0,0,3,0,1.23259004,3,Typec,Renault,Mail
2026-01-02 12:00:00,8.39530302386509,2.8844125618477863,0.34357456230565453,0,0,3,0,1.23259004,3,Typec,Renault,Mail
2026-01-02 13:00:00,8.39530302386509,2.3185328488039914,0.276170239741575,0,0,3,0,1.23259004,3,Typec,Renault,Mail
2026-01-02 14:00:00,8.39530302386509,2.246865115873383,0.2676335933898137,0,0,3,0,1.23259004,3,Typec,Renault,Mail
2026-01-02 15:00:00,8.39530302386509,4.148160890071115,0.49410496301077594,0,0,3,0,1.23259004,3,Typec,Renault,Mail
2026-01-02 16:00:00,8.39530302386509,1.6580319621895705,0.19749518956925435,0,0,3,0,1.23259004,3,Typec,Renault,Mail
2026-01-02 17:00:00,8.39530302386509,1.246779522121741,0.14850917454409404,0,0,3,0,1.23259004,3,Typec,Renault,Mail
2026-01-02 18:00:00,8.39530302386509,2.07415197233851,0.24706100142453188,0,0,3,0,1.23259004,3,Typec,Renault,Mail
2026-01-02 19:00:00,8.39530302386509,1.0347966889997993,0.123259004,0,0,3,0,1.23259004,3,Typec,Renault,Mail
2026-01-02 20:00:00,8.39530302386509,1.9462637819251343,0.23182769893981736,0,0,3,0,1.23259004,3,Typec,Renault,Mail
2026-01-02 21:00:00,8.39530302386509,1.0347966889997993,0.123259004,0,0,3,0,1.23259004,3,Typec,Renault,Mail
2026-01-02 22:00:00,8.39530302386509,1.0347966889997993,0.123259004,0,0,3,0,1.23259004,3,Typec,Renault,Mail
2026-01-02 23:00:00,0.0,0.0,0.0,1,1,3,80,1.0,3,Typec,Renault,Mail
2026-01-03 00:00:00,0.0,0.0,0.0,1,1,3,80,1.0,3,Typec,Renault,Mail
2026-01-03 01:00:00,0.0,0.0,0.0,1,1,3,80,1.0,3,Typec,Renault,Mail
2026-01-03 02:00:00,0.0,0.0,0.0,1,1,3,80,1.0,3,Typec,Renault,Mail
2026-01-03 03:00:00,0.0,0.0,0.0,1,1,3,80,1.0,3,Typec,Renault,Mail
2026-01-03 04:00:00,4.320267074601937,0.6276800540639262,0.14528732673818773,0,0,3,0,1.209049010004,3,Typec,Renault,Mail
2026-01-03 05:00:00,4.320267074601937,0.5223414629500349,0.1209049010004,0,0,3,0,1.209049010004,3,Typec,Renault,Mail
2026-01-03 06:00:00,4.320267074601937,0.8907808521284493,0.20618652429271966,0,0,3,0,1.209049010004,3,Typec,Renault,Mail
2026-01-03 07:00:00,4.320267074601937,0.5223414629500349,0.1209049010004,0,0,3,0,1.209049010004,3,Typec,Renault,Mail
2026-01-03 08:00:00,4.320267074601937,2.350536583275157,0.5440720545018,0,0,3,0,1.209049010004,3,Typec,Renault,Mail
2026-01-03 09:00:00,4.320267074601937,1.7256497336394083,0.3994312628920995,0,0,3,0,1.209049010004,3,Typec,Renault,Mail
2026-01-03 10:00:00,4.320267074601937,2.085421780060891,0.4827066808718159,0,0,3,0,1.209049010004,3,Typec,Renault,Mail
2026-01-03 11:00:00,4.320267074601937,0.5223414629500349,0.1209049010004,0,0,3,0,1.209049010004,3,Typec,Renault,Mail
2026-01-03 12:00:00,4.320267074601937,1.3710667793390352,0.31735694938845027,0,0,3,0,1.209049010004,3,Typec,Renault,Mail
2026-01-03 13:00:00,4.320267074601937,1.3781110156273297,0.31898745883767077,0,0,3,0,1.209049010004,3,Typec,Renault,Mail
2026-01-03 14:00:00,4.320267074601937,0.5223414629500349,0.1209049010004,0,0,3,0,1.209049010004,3,Typec,Renault,Mail
2026-01-03 15:00:00,4.320267074601937,0.5223414629500349,0.1209049010004,0,0,3,0,1.209049010004,3,Typec,Renault,Mail
2026-01-03 16:00:00,4.320267074601937,0.5223414629500349,0.1209049010004,0,0,3,0,1.209049010004,3,Typec,Renault,Mail
2026-01-03 17:00:00,4.320267074601937,0.5588977116235648,0.1293664724825052,0,0,3,0,1.209049010004,3,Typec,Renault,Mail
2026-01-03 18:00:00,4.320267074601937,1.7425261300806587,0.4033375946419267,0,0,3,0,1.209049010004,3,Typec,Renault,Mail
2026-01-03 19:00:00,4.320267074601937,1.2499089353332906,0.2893128859281125,0,0,3,0,1.209049010004,3,Typec,Renault,Mail
2026-01-03 20:00:00,4.320267074601937,0.8545089628838796,0.19779077268333295,0,0,3,0,1.209049010004,3,Typec,Renault,Mail
2026-01-03 21:00:00,4.320267074601937,0.6283715000888862,0.14544737379384892,0,0,3,0,1.209049010004,3,Typec,Renault,Mail
2026-01-03 22:00:00,4.320267074601937,0.5223414629500349,0.1209049010004,0,0,3,0,1.209049010004,3,Typec,Renault,Mail
2026-01-03 23:00:00,0.0,0.0,0.0,1,1,3,80,1.0,3,Typec,Renault,Mail
2026-01-04 00:00:00,0.0,0.0,0.0,1,1,3,80,1.0,3,Typec,Renault,Mail
2026-01-04 01:00:00,0.0,0.0,0.0,1,1,3,80,1.0,3,Typec,Renault,Mail
2026-01-04 02:00:00,0.0,0.0,0.0,1,1,3,80,1.0,3,Typec,Renault,Mail
2026-01-04 03:00:00,0.0,0.0,0.0,1,1,3,80,1.0,3,Typec,Renault,Mail
2026-01-04 04:00:00,0.0,0.0,0.0,1,1,3,80,1.0,3,Typec,Renault,Mail
2026-01-04 05:00:00,4.270465505441867,2.235287079390622,0.5234293724049964,0,0,3,0,1.3050301525,3,Typec,Renault,Mail
2026-01-04 06:00:00,4.270465505441867,1.3950669119636128,0.3266779488526192,0,0,3,0,1.3050301525,3,Typec,Renault,Mail
2026-01-04 07:00:00,4.270465505441867,0.7389410644553388,0.17303524955621444,0,0,3,0,1.3050301525,3,Typec,Renault,Mail
2026-01-04 08:00:00,4.270465505441867,1.6527413217864064,0.38701666590686973,0,0,3,0,1.3050301525,3,Typec,Renault,Mail
2026-01-04 09:00:00,4.270465505441867,0.557308624981279,0.13050301525000002,0,0,3,0,1.3050301525,3,Typec,Renault,Mail
2026-01-04 10:00:00,4.270465505441867,1.156080253092519,0.2707152772032282,0,0,3,0,1.3050301525,3,Typec,Renault,Mail
2026-01-04 11:00:00,4.270465505441867,0.557308624981279,0.13050301525000002,0,0,3,0,1.3050301525,3,Typec,Renault,Mail
2026-01-04 12:00:00,4.270465505441867,0.557308624981279,0.13050301525000002,0,0,3,0,1.3050301525,3,Typec,Renault,Mail
2026-01-04 13:00:00,4.270465505441867,2.3700173887544382,0.5549786986300014,0,0,3,0,1.3050301525,3,Typec,Renault,Mail
2026-01-04 14:00:00,4.270465505441867,0.5590601577810882,0.13091316557145263,0,0,3,0,1.3050301525,3,Typec,Renault,Mail
2026-01-04 15:00:00,4.270465505441867,1.3342954374084646,0.312447304798076,0,0,3,0,1.3050301525,3,Typec,Renault,Mail
2026-01-04 16:00:00,4.270465505441867,0.6744791571883318,0.15794042975615682,0,0,3,0,1.3050301525,3,Typec,Renault,Mail
2026-01-04 17:00:00,4.270465505441867,2.037361742818265,0.47708188726077955,0,0,3,0,1.3050301525,3,Typec,Renault,Mail
2026-01-04 18:00:00,4.270465505441867,1.1295453075268327,0.264501681628724,0,0,3,0,1.3050301525,3,Typec,Renault,Mail
2026-01-04 19:00:00,4.270465505441867,1.1198815508231477,0.26223875345581865,0,0,3,0,1.3050301525,3,Typec,Renault,Mail
2026-01-04 20:00:00,4.270465505441867,1.42163177151704,0.3328985492812084,0,0,3,0,1.3050301525,3,Typec,Renault,Mail
2026-01-04 21:00:00,4.270465505441867,0.557308624981279,0.13050301525000002,0,0,3,0,1.3050301525,3,Typec,Renault,Mail
2026-01-04 22:00:00,4.270465505441867,2.166257241280358,0.5072648961851793,0,0,3,0,1.3050301525,3,Typec,Renault,Mail
2026-01-04 23:00:00,0.0,0.0,0.0,1,1,3,80,1.0,3,Typec,Renault,Mail
2026-01-05 00:00:00,0.0,0.0,0.0,1,1,3,80,1.0,3,Typec,Renault,Mail
2026-01-05 01:00:00,0.0,0.0,0.0,1,1,3,80,1.0,3,Typec,Renault,Mail
2026-01-05 02:00:00,0.0,0.0,0.0,1,1,3,80,1.0,3,Typec,Renault,Mail
2026-01-05 03:00:00,0.0,0.0,0.0,1,1,3,80,1.0,3,Typec,Renault,Mail
2026-01-05 04:00:00,0.0,0.0,0.0,1,1,3,80,1.0,3,Typec,Renault,Mail
2026-01-05 05:00:00,7.875570579931657,0.965700558311267,0.12261975796040002,0,0,3,0,1.226197579604,3,Typec,Renault,Mail
2026-01-05 06:00:00,7.875570579931657,0.965700558311267,0.12261975796040002,0,0,3,0,1.226197579604,3,Typec,Renault,Mail
2026-01-05 07:00:00,7.875570579931657,1.130292088563801,0.14351875551010673,0,0,3,0,1.226197579604,3,Typec,Renault,Mail
2026-01-05 08:00:00,7.875570579931657,0.965700558311267,0.12261975796040002,0,0,3,0,1.226197579604,3,Typec,Renault,Mail
2026-01-05 09:00:00,7.875570579931657,0.965700558311267,0.12261975796040002,0,0,3,0,1.226197579604,3,Typec,Renault,Mail
2026-01-05 10:00:00,7.875570579931657,1.6282441506923142,0.20674618228187397,0,0,3,0,1.226197579604,3,Typec,Renault,Mail
2026-01-05 11:00:00,7.875570579931657,4.345652512400702,0.5517889108218,0,0,3,0,1.226197579604,3,Typec,Renault,Mail
2026-01-05 12:00:00,7.875570579931657,1.975179076417442,0.25079821917291256,0,0,3,0,1.226197579604,3,Typec,Renault,Mail
2026-01-05 13:00:00,7.875570579931657,2.022873705200882,0.2568542411841906,0,0,3,0,1.226197579604,3,Typec,Renault,Mail
2026-01-05 14:00:00,7.875570579931657,2.9729784740846683,0.3774937249194797,0,0,3,0,1.226197579604,3,Typec,Renault,Mail
2026-01-05 15:00:00,7.875570579931657,1.7857667195902747,0.22674759897914232,0,0,3,0,1.226197579604,3,Typec,Renault,Mail
2026-01-05 16:00:00,7.875570579931657,1.7067467576030537,0.21671404506895608,0,0,3,0,1.226197579604,3,Typec,Renault,Mail
2026-01-05 17:00:00,7.875570579931657,2.217717699221202,0.2815945431144174,0,0,3,0,1.226197579604,3,Typec,Renault,Mail
2026-01-05 18:00:00,7.875570579931657,2.6025958615025244,0.3304644196998751,0,0,3,0,1.226197579604,3,Typec,Renault,Mail
2026-01-05 19:00:00,7.875570579931657,3.610908386641369,0.4584948290404,0,0,3,0,1.226197579604,3,Typec,Renault,Mail
2026-01-05 20:00:00,7.875570579931657,2.9865787727100717,0.37922062184553346,0,0,3,0,1.226197579604,3,Typec,Renault,Mail
2026-01-05 21:00:00,7.875570579931657,1.478073352534705,0.187678256138177,0,0,3,0,1.226197579604,3,Typec,Renault,Mail
2026-01-05 22:00:00,7.875570579931657,3.5573028672078277,0.45168827211992274,0,0,3,0,1.226197579604,3,Typec,Renault,Mail
2026-01-05 23:00:00,0.0,0.0,0.0,1,1,3,80,1.0,3,Typec,Renault,Mail
2026-01-06 00:00:00,0.0,0.0,0.0,1,1,3,80,1.0,3,Typec,Renault,Mail
2026-01-06 01:00:00,0.0,0.0,0.0,1,1,3,80,1.0,3,Typec,Renault,Mail
2026-01-06 02:00:00,0.0,0.0,0.0,1,1,3,80,1.0,3,Typec,Renault,Mail
2026-01-06 03:00:00,0.0,0.0,0.0,1,1,3,80,1.0,3,Typec,Renault,Mail
2026-01-06 04:00:00,0.0,0.0,0.0,1,1,3,80,1.0,3,Typec,Renault,Mail
2026-01-06 05:00:00,7.094646434237302,0.9440350420494049,0.13306301459840003,0,0,3,0,1.3306301459840002,3,Typec,Renault,Mail
2026-01-06 06:00:00,7.094646434237302,1.3626368157834678,0.19206550015060136,0,0,3,0,1.3306301459840002,3,Typec,Renault,Mail
2026-01-06 07:00:00,7.094646434237302,1.3401291962307456,0.1888930207661312,0,0,3,0,1.3306301459840002,3,Typec,Renault,Mail
2026-01-06 08:00:00,7.094646434237302,2.6677464949929526,0.3760224726800983,0,0,3,0,1.3306301459840002,3,Typec,Renault,Mail
2026-01-06 09:00:00,7.094646434237302,3.7900273859183775,0.5342094804934163,0,0,3,0,1.3306301459840002,3,Typec,Renault,Mail
2026-01-06 10:00:00,7.094646434237302,1.9460783443334055,0.2743023718478813,0,0,3,0,1.3306301459840002,3,Typec,Renault,Mail
2026-01-06 11:00:00,7.094646434237302,0.9440350420494049,0.13306301459840003,0,0,3,0,1.3306301459840002,3,Typec,Renault,Mail
2026-01-06 12:00:00,7.094646434237302,2.9033748145915723,0.4092346026689199,0,0,3,0,1.3306301459840002,3,Typec,Renault,Mail
2026-01-06 13:00:00,7.094646434237302,0.9440350420494049,0.13306301459840003,0,0,3,0,1.3306301459840002,3,Typec,Renault,Mail
2026-01-06 14:00:00,7.094646434237302,2.283907956261258,0.32191991206772314,0,0,3,0,1.3306301459840002,3,Typec,Renault,Mail
2026-01-06 15:00:00,7.094646434237302,1.1288155279903465,0.1591080737361224,0,0,3,0,1.3306301459840002,3,Typec,Renault,Mail
2026-01-06 16:00:00,7.094646434237302,1.3431481182257974,0.18931854189999395,0,0,3,0,1.3306301459840002,3,Typec,Renault,Mail
2026-01-06 17:00:00,7.094646434237302,0.9440350420494049,0.13306301459840003,0,0,3,0,1.3306301459840002,3,Typec,Renault,Mail
2026-01-06 18:00:00,7.094646434237302,0.9440350420494049,0.13306301459840003,0,0,3,0,1.3306301459840002,3,Typec,Renault,Mail
2026-01-06 19:00:00,7.094646434237302,3.426896408006062,0.48302567855510964,0,0,3,0,1.3306301459840002,3,Typec,Renault,Mail
2026-01-06 20:00:00,7.094646434237302,0.9440350420494049,0.13306301459840003,0,0,3,0,1.3306301459840002,3,Typec,Renault,Mail
2026-01-06 21:00:00,7.094646434237302,0.9440350420494049,0.13306301459840003,0,0,3,0,1.3306301459840002,3,Typec,Renault,Mail
2026-01-06 22:00:00,0.0,0.0,0.0,1,1,3,80,1.0,3,Typec,Renault,Mail
2026-01-06 23:00:00,0.0,0.0,0.0,1,1,3,80,1.0,3,Typec,Renault,Mail
2026-01-07 00:00:00,0.0,0.0,0.0,1,1,3,80,1.0,3,Typec,Renault,Mail
2026-01-07 01:00:00,0.0,0.0,0.0,1,1,3,80,1.0,3,Typec,Renault,Mail
2026-01-07 02:00:00,0.0,0.0,0.0,1,1,3,80,1.0,3,Typec,Renault,Mail
2026-01-07 03:00:00,0.0,0.0,0.0,1,1,3,80,1.0,3,Typec,Renault,Mail
2026-01-07 04:00:00,0.0,0.0,0.0,1,1,3,80,1.0,3,Typec,Renault,Mail
2026-01-07 05:00:00,8.387523679309446,2.21569455477979,0.2641655200623184,0,0,3,0,1.282756305344,3,Typec,Renault,Mail
2026-01-07 06:00:00,8.387523679309446,1.07591488858563,0.12827563053440003,0,0,3,0,1.282756305344,3,Typec,Renault,Mail
2026-01-07 07:00:00,8.387523679309446,4.841616998635335,0.5772403374048001,0,0,3,0,1.282756305344,3,Typec,Renault,Mail
2026-01-07 08:00:00,8.387523679309446,1.9228137054553682,0.22924688847062372,0,0,3,0,1.282756305344,3,Typec,Renault,Mail
2026-01-07 09:00:00,8.387523679309446,1.3708762988850207,0.16344231638555404,0,0,3,0,1.282756305344,3,Typec,Renault,Mail
2026-01-07 10:00:00,8.387523679309446,3.5307389682649104,0.42095129662341535,0,0,3,0,1.282756305344,3,Typec,Renault,Mail
2026-01-07 11:00:00,8.387523679309446,1.9579081768618634,0.23343101631911697,0,0,3,0,1.282756305344,3,Typec,Renault,Mail
2026-01-07 12:00:00,8.387523679309446,4.495856524541761,0.5360171483786392,0,0,3,0,1.282756305344,3,Typec,Renault,Mail
2026-01-07 13:00:00,8.387523679309446,1.07591488858563,0.12827563053440003,0,0,3,0,1.282756305344,3,Typec,Renault,Mail
2026-01-07 14:00:00,8.387523679309446,2.665705440140224,0.3178179331661445,0,0,3,0,1.282756305344,3,Typec,Renault,Mail
2026-01-07 15:00:00,8.387523679309446,2.2272284194238976,0.2655406416220416,0,0,3,0,1.282756305344,3,Typec,Renault,Mail
2026-01-07 16:00:00,8.387523679309446,1.07591488858563,0.12827563053440003,0,0,3,0,1.282756305344,3,Typec,Renault,Mail
2026-01-07 17:00:00,8.387523679309446,1.07591488858563,0.12827563053440003,0,0,3,0,1.282756305344,3,Typec,Renault,Mail
2026-01-07 18:00:00,8.387523679309446,1.7522899522183402,0.20891624503438758,0,0,3,0,1.282756305344,3,Typec,Renault,Mail
2026-01-07 19:00:00,8.387523679309446,2.8057492046080337,0.33451460906504815,0,0,3,0,1.282756305344,3,Typec,Renault,Mail
2026-01-07 20:00:00,8.387523679309446,1.07591488858563,0.12827563053440003,0,0,3,0,1.282756305344,3,Typec,Renault,Mail
2026-01-07 21:00:00,8.387523679309446,2.48221391091989,0.2959412105199867,0,0,3,0,1.282756305344,3,Typec,Renault,Mail
2026-01-07 22:00:00,8.387523679309446,1.07591488858563,0.12827563053440003,0,0,3,0,1.282756305344,3,Typec,Renault,Mail
2026-01-07 23:00:00,0.0,0.0,0.0,1,1,3,80,1.0,3,Typec,Renault,Mail
2026-01-08 00:00:00,0.0,0.0,0.0,1,1,3,80,1.0,3,Typec,Renault,Mail
2026-01-08 01:00:00,0.0,0.0,0.0,1,1,3,80,1.0,3,Typec,Renault,Mail
2026-01-08 02:00:00,0.0,0.0,0.0,1,1,3,80,1.0,3,Typec,Renault,Mail
2026-01-08 03:00:00,0.0,0.0,0.0,1,1,3,80,1.0,3,Typec,Renault,Mail
2026-01-08 04:00:00,0.0,0.0,0.0,1,1,3,80,1.0,3,Typec,Renault,Mail
2026-01-08 05:00:00,6.208972010766969,1.3492956316938998,0.21731385313931006,0,0,3,0,1.176585222144,3,Typec,Renault,Mail
2026-01-08 06:00:00,6.208972010766969,0.8870226240659823,0.14286143060844816,0,0,3,0,1.176585222144,3,Typec,Renault,Mail
2026-01-08 07:00:00,6.208972010766969,2.0844074542680318,0.3357089467714565,0,0,3,0,1.176585222144,3,Typec,Renault,Mail
2026-01-08 08:00:00,6.208972010766969,0.7305384712574133,0.11765852221440001,0,0,3,0,1.176585222144,3,Typec,Renault,Mail
2026-01-08 09:00:00,6.208972010766969,1.1002862605682369,0.1772090868923603,0,0,3,0,1.176585222144,3,Typec,Renault,Mail
2026-01-08 10:00:00,6.208972010766969,2.253569504563139,0.3629537225574906,0,0,3,0,1.176585222144,3,Typec,Renault,Mail
2026-01-08 11:00:00,6.208972010766969,2.1091199218876393,0.33968906901661294,0,0,3,0,1.176585222144,3,Typec,Renault,Mail
2026-01-08 12:00:00,6.208972010766969,1.6004581130696016,0.257765393416857,0,0,3,0,1.176585222144,3,Typec,Renault,Mail
2026-01-08 13:00:00,6.208972010766969,0.7305384712574133,0.11765852221440001,0,0,3,0,1.176585222144,3,Typec,Renault,Mail
2026-01-08 14:00:00,6.208972010766969,1.6975735506502236,0.2734065393927471,0,0,3,0,1.176585222144,3,Typec,Renault,Mail
2026-01-08 15:00:00,6.208972010766969,0.7305384712574133,0.11765852221440001,0,0,3,0,1.176585222144,3,Typec,Renault,Mail
2026-01-08 16:00:00,6.208972010766969,2.2978242950007726,0.37008127770847077,0,0,3,0,1.176585222144,3,Typec,Renault,Mail
2026-01-08 17:00:00,6.208972010766969,0.7305384712574133,0.11765852221440001,0,0,3,0,1.176585222144,3,Typec,Renault,Mail
2026-01-08 18:00:00,6.208972010766969,0.7305384712574133,0.11765852221440001,0,0,3,0,1.176585222144,3,Typec,Renault,Mail
2026-01-08 19:00:00,6.208972010766969,1.155460359372086,0.18609527589565614,0,0,3,0,1.176585222144,3,Typec,Renault,Mail
2026-01-08 20:00:00,6.208972010766969,1.3041518390802067,0.2100431177365076,0,0,3,0,1.176585222144,3,Typec,Renault,Mail
2026-01-08 21:00:00,6.208972010766969,1.998443275296857,0.32186379191778597,0,0,3,0,1.176585222144,3,Typec,Renault,Mail
2026-01-08 22:00:00,6.208972010766969,1.0094842503021093,0.16258476420115345,0,0,3,0,1.176585222144,3,Typec,Renault,Mail
2026-01-08 23:00:00,0.0,0.0,0.0,1,1,3,80,1.0,3,Typec,Renault,Mail
2026-01-09 00:00:00,0.0,0.0,0.0,1,1,3,80,1.0,3,Typec,Renault,Mail
2026-01-09 01:00:00,0.0,0.0,0.0,1,1,3,80,1.0,3,Typec,Renault,Mail
2026-01-09 02:00:00,0.0,0.0,0.0,1,1,3,80,1.0,3,Typec,Renault,Mail
2026-01-09 03:00:00,0.0,0.0,0.0,1,1,3,80,1.0,3,Typec,Renault,Mail
2026-01-09 04:00:00,0.0,0.0,0.0,1,1,3,80,1.0,3,Typec,Renault,Mail
2026-01-09 05:00:00,4.975136628515605,1.2802750843551798,0.25733465831212077,0,0,3,0,1.137342385344,3,Typec,Renault,Mail
2026-01-09 06:00:00,4.975136628515605,0.5658433760488244,0.1137342385344,0,0,3,0,1.137342385344,3,Typec,Renault,Mail
2026-01-09 07:00:00,4.975136628515605,0.9981424389171716,0.20062613621426917,0,0,3,0,1.137342385344,3,Typec,Renault,Mail
2026-01-09 08:00:00,4.975136628515605,1.5961219797181976,0.32081972795879193,0,0,3,0,1.137342385344,3,Typec,Renault,Mail
2026-01-09 09:00:00,4.975136628515605,0.9327916375374744,0.1874906574808549,0,0,3,0,1.137342385344,3,Typec,Renault,Mail
2026-01-09 10:00:00,4.975136628515605,2.060946176764962,0.4142491615109416,0,0,3,0,1.137342385344,3,Typec,Renault,Mail
2026-01-09 11:00:00,4.975136628515605,1.3263282866301205,0.26659132917639033,0,0,3,0,1.137342385344,3,Typec,Renault,Mail
2026-01-09 12:00:00,4.975136628515605,0.5658433760488244,0.1137342385344,0,0,3,0,1.137342385344,3,Typec,Renault,Mail
2026-01-09 13:00:00,4.975136628515605,0.5658433760488244,0.1137342385344,0,0,3,0,1.137342385344,3,Typec,Renault,Mail
2026-01-09 14:00:00,4.975136628515605,1.8198506451380894,0.36578907897873447,0,0,3,0,1.137342385344,3,Typec,Renault,Mail
2026-01-09 15:00:00,4.975136628515605,1.5357148537711833,0.30867792554058626,0,0,3,0,1.137342385344,3,Typec,Renault,Mail
2026-01-09 16:00:00,4.975136628515605,0.8123852753738352,0.16328903827837601,0,0,3,0,1.137342385344,3,Typec,Renault,Mail
2026-01-09 17:00:00,4.975136628515605,0.5658433760488244,0.1137342385344,0,0,3,0,1.137342385344,3,Typec,Renault,Mail
2026-01-09 18:00:00,4.975136628515605,2.2587486545415323,0.4540073616461582,0,0,3,0,1.137342385344,3,Typec,Renault,Mail
2026-01-09 19:00:00,4.975136628515605,1.9562164243159794,0.3931985331023244,0,0,3,0,1.137342385344,3,Typec,Renault,Mail
2026-01-09 20:00:00,4.975136628515605,1.2003100304234922,0.24126172204875102,0,0,3,0,1.137342385344,3,Typec,Renault,Mail
2026-01-09 21:00:00,4.975136628515605,0.7775953609939815,0.1562962827065087,0,0,3,0,1.137342385344,3,Typec,Renault,Mail
2026-01-09 22:00:00,4.975136628515605,0.5658433760488244,0.1137342385344,0,0,3,0,1.137342385344,3,Typec,Renault,Mail
2026-01-09 23:00:00,0.0,0.0,0.0,1,1,3,80,1.0,3,Typec,Renault,Mail
2026-01-10 00:00:00,0.0,0.0,0.0,1,1,3,80,1.0,3,Typec,Renault,Mail
2026-01-10 01:00:00,0.0,0.0,0.0,1,1,3,80,1.0,3,Typec,Renault,Mail
2026-01-10 02:00:00,0.0,0.0,0.0,1,1,3,80,1.0,3,Typec,Renault,Mail
2026-01-10 03:00:00,0.0,0.0,0.0,1,1,3,80,1.0,3,Typec,Renault,Mail
2026-01-10 04:00:00,0.0,0.0,0.0,1,1,3,80,1.0,3,Typec,Renault,Mail
2026-01-10 05:00:00,3.7354177331434832,1.333581343918975,0.35700996225573955,0,0,3,0,1.18961004,3,Typec,Renault,Mail
2026-01-10 06:00:00,3.7354177331434832,1.0224839301526554,0.273726796625822,0,0,3,0,1.18961004,3,Typec,Renault,Mail
2026-01-10 07:00:00,3.7354177331434832,1.5185060109863844,0.4065157151000911,0,0,3,0,1.18961004,3,Typec,Renault,Mail
2026-01-10 08:00:00,3.7354177331434832,0.6199133227410287,0.16595555491442993,0,0,3,0,1.18961004,3,Typec,Renault,Mail
2026-01-10 09:00:00,3.7354177331434832,0.4443690438941529,0.11896100400000001,0,0,3,0,1.18961004,3,Typec,Renault,Mail
2026-01-10 10:00:00,3.7354177331434832,1.5814051908657516,0.423354308364046,0,0,3,0,1.18961004,3,Typec,Renault,Mail
2026-01-10 11:00:00,3.7354177331434832,0.7948510711283123,0.21278773296913642,0,0,3,0,1.18961004,3,Typec,Renault,Mail
2026-01-10 12:00:00,3.7354177331434832,1.7798764805750327,0.4764865960726714,0,0,3,0,1.18961004,3,Typec,Renault,Mail
2026-01-10 13:00:00,3.7354177331434832,1.4743187346185882,0.39468644203760794,0,0,3,0,1.18961004,3,Typec,Renault,Mail
2026-01-10 14:00:00,3.7354177331434832,1.768328780599851,0.4733951881498783,0,0,3,0,1.18961004,3,Typec,Renault,Mail
2026-01-10 15:00:00,3.7354177331434832,0.7728249497650597,0.20689117120903658,0,0,3,0,1.18961004,3,Typec,Renault,Mail
2026-01-10 16:00:00,3.7354177331434832,1.045915514369232,0.2799996115800034,0,0,3,0,1.18961004,3,Typec,Renault,Mail
2026-01-10 17:00:00,3.7354177331434832,0.5473011815044655,0.1465167273390579,0,0,3,0,1.18961004,3,Typec,Renault,Mail
2026-01-10 18:00:00,3.7354177331434832,0.4443690438941529,0.11896100400000001,0,0,3,0,1.18961004,3,Typec,Renault,Mail
2026-01-10 19:00:00,3.7354177331434832,0.4443690438941529,0.11896100400000001,0,0,3,0,1.18961004,3,Typec,Renault,Mail
2026-01-10 20:00:00,3.7354177331434832,0.4443690438941529,0.11896100400000001,0,0,3,0,1.18961004,3,Typec,Renault,Mail
2026-01-10 21:00:00,3.7354177331434832,0.4443690438941529,0.11896100400000001,0,0,3,0,1.18961004,3,Typec,Renault,Mail
2026-01-10 22:00:00,3.7354177331434832,1.3408504595396018,0.35895596030466714,0,0,3,0,1.18961004,3,Typec,Renault,Mail
2026-01-10 23:00:00,0.0,0.0,0.0,1,1,3,80,1.0,3,Typec,Renault,Mail
2026-01-11 00:00:00,0.0,0.0,0.0,1,1,3,80,1.0,3,Typec,Renault,Mail
2026-01-11 01:00:00,0.0,0.0,0.0,1,1,3,80,1.0,3,Typec,Renault,Mail
2026-01-11 02:00:00,0.0,0.0,0.0,1,1,3,80,1.0,3,Typec,Renault,Mail
2026-01-11 03:00:00,0.0,0.0,0.0,1,1,3,80,1.0,3,Typec,Renault,Mail
2026-01-11 04:00:00,0.0,0.0,0.0,1,1,3,80,1.0,3,Typec,Renault,Mail
2026-01-11 05:00:00,5.033975368543797,0.797878612487779,0.1584987120663217,0,0,3,0,1.122069513044,3,Typec,Renault,Mail
2026-01-11 06:00:00,5.033975368543797,1.8877159896358455,0.3749950787267985,0,0,3,0,1.122069513044,3,Typec,Renault,Mail
2026-01-11 07:00:00,5.033975368543797,2.0384354423953046,0.40493552176139735,0,0,3,0,1.122069513044,3,Typec,Renault,Mail
2026-01-11 08:00:00,5.033975368543797,1.0189745971694417,0.2024194642541935,0,0,3,0,1.122069513044,3,Typec,Renault,Mail
2026-01-11 09:00:00,5.033975368543797,1.1810467512943659,0.23461512320351566,0,0,3,0,1.122069513044,3,Typec,Renault,Mail
2026-01-11 10:00:00,5.033975368543797,1.0843384704602077,0.21540400798065082,0,0,3,0,1.122069513044,3,Typec,Renault,Mail
2026-01-11 11:00:00,5.033975368543797,1.7812412091057854,0.3538438468007549,0,0,3,0,1.122069513044,3,Typec,Renault,Mail
2026-01-11 12:00:00,5.033975368543797,1.3471322701806128,0.2676080376949291,0,0,3,0,1.122069513044,3,Typec,Renault,Mail
2026-01-11 13:00:00,5.033975368543797,1.5431728746039093,0.30655153464732,0,0,3,0,1.122069513044,3,Typec,Renault,Mail
2026-01-11 14:00:00,5.033975368543797,0.5648470290457428,0.1122069513044,0,0,3,0,1.122069513044,3,Typec,Renault,Mail
2026-01-11 15:00:00,5.033975368543797,0.5648470290457428,0.1122069513044,0,0,3,0,1.122069513044,3,Typec,Renault,Mail
2026-01-11 16:00:00,5.033975368543797,1.328541697252572,0.26391501745406554,0,0,3,0,1.122069513044,3,Typec,Renault,Mail
2026-01-11 17:00:00,5.033975368543797,1.306425351340709,0.259521601854525,0,0,3,0,1.122069513044,3,Typec,Renault,Mail
2026-01-11 18:00:00,5.033975368543797,0.5648470290457428,0.1122069513044,0,0,3,0,1.122069513044,3,Typec,Renault,Mail
2026-01-11 19:00:00,5.033975368543797,1.8102477993674906,0.359606010525862,0,0,3,0,1.122069513044,3,Typec,Renault,Mail
2026-01-11 20:00:00,5.033975368543797,0.8590394035881678,0.17064831285351845,0,0,3,0,1.122069513044,3,Typec,Renault,Mail
2026-01-11 21:00:00,5.033975368543797,0.5648470290457428,0.1122069513044,0,0,3,0,1.122069513044,3,Typec,Renault,Mail
2026-01-11 22:00:00,5.033975368543797,0.5648470290457428,0.1122069513044,0,0,3,0,1.122069513044,3,Typec,Renault,Mail
2026-01-11 23:00:00,0.0,0.0,0.0,1,1,3,80,1.0,3,Typec,Renault,Mail
2026-01-12 00:00:00,0.0,0.0,0.0,1,1,3,80,1.0,3,Typec,Renault,Mail
2026-01-12 01:00:00,0.0,0.0,0.0,1,1,3,80,1.0,3,Typec,Renault,Mail
2026-01-12 02:00:00,0.0,0.0,0.0,1,1,3,80,1.0,3,Typec,Renault,Mail
2026-01-12 03:00:00,0.0,0.0,0.0,1,1,3,80,1.0,3,Typec,Renault,Mail
2026-01-12 04:00:00,6.763378775748501,1.9499240606994173,0.28830620394813233,0,0,3,0,1.119889326784,3,Typec,Renault,Mail
2026-01-12 05:00:00,6.763378775748501,1.6282730490672581,0.2407484636090129,0,0,3,0,1.119889326784,3,Typec,Renault,Mail
2026-01-12 06:00:00,6.763378775748501,2.6442949466152523,0.39097247607910424,0,0,3,0,1.119889326784,3,Typec,Renault,Mail
2026-01-12 07:00:00,6.763378775748501,1.8059487992053869,0.26701872822515743,0,0,3,0,1.119889326784,3,Typec,Renault,Mail
2026-01-12 08:00:00,6.763378775748501,0.7574235703958184,0.1119889326784,0,0,3,0,1.119889326784,3,Typec,Renault,Mail
2026-01-12 09:00:00,6.763378775748501,0.7574235703958184,0.1119889326784,0,0,3,0,1.119889326784,3,Typec,Renault,Mail
2026-01-12 10:00:00,6.763378775748501,1.778440325110512,0.2629514602209593,0,0,3,0,1.119889326784,3,Typec,Renault,Mail
2026-01-12 11:00:00,6.763378775748501,1.2538681954914885,0.18539079904669734,0,0,3,0,1.119889326784,3,Typec,Renault,Mail
2026-01-12 12:00:00,6.763378775748501,3.262605223893071,0.48239279982245253,0,0,3,0,1.119889326784,3,Typec,Renault,Mail
2026-01-12 13:00:00,6.763378775748501,1.2166857725677613,0.1798931884357033,0,0,3,0,1.119889326784,3,Typec,Renault,Mail
2026-01-12 14:00:00,6.763378775748501,0.7574235703958184,0.1119889326784,0,0,3,0,1.119889326784,3,Typec,Renault,Mail
2026-01-12 15:00:00,6.763378775748501,0.8976895263761764,0.13272796868852424,0,0,3,0,1.119889326784,3,Typec,Renault,Mail
2026-01-12 16:00:00,6.763378775748501,1.4654297763830457,0.21667125633088133,0,0,3,0,1.119889326784,3,Typec,Renault,Mail
2026-01-12 17:00:00,6.763378775748501,0.7574235703958184,0.1119889326784,0,0,3,0,1.119889326784,3,Typec,Renault,Mail
2026-01-12 18:00:00,6.763378775748501,1.8582542444279582,0.2747523547093229,0,0,3,0,1.119889326784,3,Typec,Renault,Mail
2026-01-12 19:00:00,6.763378775748501,1.9827083787987037,0.2931535323599081,0,0,3,0,1.119889326784,3,Typec,Renault,Mail
2026-01-12 20:00:00,6.763378775748501,1.4172484578019753,0.2095474029761299,0,0,3,0,1.119889326784,3,Typec,Renault,Mail
2026-01-12 21:00:00,6.763378775748501,0.7574235703958184,0.1119889326784,0,0,3,0,1.119889326784,3,Typec,Renault,Mail
2026-01-12 22:00:00,6.763378775748501,1.87429254112357,0.27712369856383545,0,0,3,0,1.119889326784,3,Typec,Renault,Mail
2026-01-12 23:00:00,0.0,0.0,0.0,1,1,3,80,1.0,3,Typec,Renault,Mail
2026-01-13 00:00:00,0.0,0.0,0.0,1,1,3,80,1.0,3,Typec,Renault,Mail
2026-01-13 01:00:00,0.0,0.0,0.0,1,1,3,80,1.0,3,Typec,Renault,Mail
2026-01-13 02:00:00,0.0,0.0,0.0,1,1,3,80,1.0,3,Typec,Renault,Mail
2026-01-13 03:00:00,0.0,0.0,0.0,1,1,3,80,1.0,3,Typec,Renault,Mail
2026-01-13 04:00:00,0.0,0.0,0.0,1,1,3,80,1.0,3,Typec,Renault,Mail
2026-01-13 05:00:00,6.297400200306767,0.8219506005256274,0.13052221144935136,0,0,3,0,1.12425024,3,Typec,Renault,Mail
2026-01-13 06:00:00,6.297400200306767,1.2079360636119127,0.19181503877633033,0,0,3,0,1.12425024,3,Typec,Renault,Mail
2026-01-13 07:00:00,6.297400200306767,1.308593718648497,0.20779904040158526,0,0,3,0,1.12425024,3,Typec,Renault,Mail
2026-01-13 08:00:00,6.297400200306767,1.5569369528793102,0.24723487524319426,0,0,3,0,1.12425024,3,Typec,Renault,Mail
2026-01-13 09:00:00,6.297400200306767,3.1859341589569192,0.505912608,0,0,3,0,1.12425024,3,Typec,Renault,Mail
2026-01-13 10:00:00,6.297400200306767,0.8997996436513661,0.14288430384455061,0,0,3,0,1.12425024,3,Typec,Renault,Mail
2026-01-13 11:00:00,6.297400200306767,1.054289232580487,0.16741658447070412,0,0,3,0,1.12425024,3,Typec,Renault,Mail
2026-01-13 12:00:00,6.297400200306767,0.7079853686570932,0.11242502400000001,0,0,3,0,1.12425024,3,Typec,Renault,Mail
2026-01-13 13:00:00,6.297400200306767,0.7079853686570932,0.11242502400000001,0,0,3,0,1.12425024,3,Typec,Renault,Mail
2026-01-13 14:00:00,6.297400200306767,1.9526104269748181,0.31006611694770486,0,0,3,0,1.12425024,3,Typec,Renault,Mail
2026-01-13 15:00:00,6.297400200306767,1.390416409542587,0.22079213092965813,0,0,3,0,1.12425024,3,Typec,Renault,Mail
2026-01-13 16:00:00,6.297400200306767,2.424716996647913,0.38503460468175377,0,0,3,0,1.12425024,3,Typec,Renault,Mail
2026-01-13 17:00:00,6.297400200306767,1.859129683384299,0.2952217779161843,0,0,3,0,1.12425024,3,Typec,Renault,Mail
2026-01-13 18:00:00,6.297400200306767,1.6782671058391812,0.2665015804073286,0,0,3,0,1.12425024,3,Typec,Renault,Mail
2026-01-13 19:00:00,6.297400200306767,1.3797921974947824,0.21910505186371482,0,0,3,0,1.12425024,3,Typec,Renault,Mail
2026-01-13 20:00:00,6.297400200306767,2.0079878772809336,0.3188598172914464,0,0,3,0,1.12425024,3,Typec,Renault,Mail
2026-01-13 21:00:00,6.297400200306767,1.9572848834889391,0.31080840048780656,0,0,3,0,1.12425024,3,Typec,Renault,Mail
2026-01-13 22:00:00,6.297400200306767,0.9540081193757495,0.15149237606485239,0,0,3,0,1.12425024,3,Typec,Renault,Mail
2026-01-13 23:00:00,0.0,0.0,0.0,1,1,3,80,1.0,3,Typec,Renault,Mail
2026-01-14 00:00:00,0.0,0.0,0.0,1,1,3,80,1.0,3,Typec,Renault,Mail
2026-01-14 01:00:00,0.0,0.0,0.0,1,1,3,80,1.0,3,Typec,Renault,Mail
2026-01-14 02:00:00,0.0,0.0,0.0,1,1,3,80,1.0,3,Typec,Renault,Mail
2026-01-14 03:00:00,0.0,0.0,0.0,1,1,3,80,1.0,3,Typec,Renault,Mail
2026-01-14 04:00:00,0.0,0.0,0.0,1,1,3,80,1.0,3,Typec,Renault,Mail
2026-01-14 05:00:00,6.418288432603022,0.7076002539734019,0.11024750000000001,0,0,3,0,1.102475,3,Typec,Renault,Mail
2026-01-14 06:00:00,6.418288432603022,2.2469122316031953,0.35007965989648276,0,0,3,0,1.102475,3,Typec,Renault,Mail
2026-01-14 07:00:00,6.418288432603022,0.7076002539734019,0.11024750000000001,0,0,3,0,1.102475,3,Typec,Renault,Mail
2026-01-14 08:00:00,6.418288432603022,2.0161247620984417,0.31412186960266847,0,0,3,0,1.102475,3,Typec,Renault,Mail
2026-01-14 09:00:00,6.418288432603022,1.4874112704140696,0.2317457817661258,0,0,3,0,1.102475,3,Typec,Renault,Mail
2026-01-14 10:00:00,6.418288432603022,2.690865906208919,0.4192497633076304,0,0,3,0,1.102475,3,Typec,Renault,Mail
2026-01-14 11:00:00,6.418288432603022,2.6103735690413683,0.40670867263949007,0,0,3,0,1.102475,3,Typec,Renault,Mail
2026-01-14 12:00:00,6.418288432603022,1.403647878286203,0.2186950451083008,0,0,3,0,1.102475,3,Typec,Renault,Mail
2026-01-14 13:00:00,6.418288432603022,2.2966328743978393,0.35782637357517594,0,0,3,0,1.102475,3,Typec,Renault,Mail
2026-01-14 14:00:00,6.418288432603022,1.4067584183187227,0.21917968210540412,0,0,3,0,1.102475,3,Typec,Renault,Mail
2026-01-14 15:00:00,6.418288432603022,2.3362923529102027,0.3640055097933154,0,0,3,0,1.102475,3,Typec,Renault,Mail
2026-01-14 16:00:00,6.418288432603022,0.9259768739860836,0.1442716206523834,0,0,3,0,1.102475,3,Typec,Renault,Mail
2026-01-14 17:00:00,6.418288432603022,1.3073339255052632,0.20368887114271622,0,0,3,0,1.102475,3,Typec,Renault,Mail
2026-01-14 18:00:00,6.418288432603022,2.2819302243229593,0.3555356304542848,0,0,3,0,1.102475,3,Typec,Renault,Mail
2026-01-14 19:00:00,6.418288432603022,0.7076002539734019,0.11024750000000001,0,0,3,0,1.102475,3,Typec,Renault,Mail
2026-01-14 20:00:00,6.418288432603022,2.3913000913857094,0.3725759782372208,0,0,3,0,1.102475,3,Typec,Renault,Mail
2026-01-14 21:00:00,6.418288432603022,1.6283035440529168,0.2536974710861563,0,0,3,0,1.102475,3,Typec,Renault,Mail
2026-01-14 22:00:00,6.418288432603022,2.136834250200047,0.33292898451642583,0,0,3,0,1.102475,3,Typec,Renault,Mail
2026-01-14 23:00:00,0.0,0.0,0.0,1,1,3,80,1.0,3,Typec,Renault,Mail
2026-01-01 00:00:00,0.0,0.0,0.0,1,1,4,100,1.0,4,Typec,Toyota,Mail
2026-01-01 01:00:00,0.0,0.0,0.0,1,1,4,100,1.0,4,Typec,Toyota,Mail
2026-01-01 02:00:00,0.0,0.0,0.0,1,1,4,100,1.0,4,Typec,Toyota,Mail
2026-01-01 03:00:00,0.0,0.0,0.0,1,1,4,100,1.0,4,Typec,Toyota,Mail
2026-01-01 04:00:00,0.0,0.0,0.0,1,1,4,100,1.0,4,Typec,Toyota,Mail
2026-01-01 05:00:00,8.247753498837037,0.9344517312554321,0.11329772784640002,0,0,4,0,1.1329772784640002,4,Typec,Toyota,Mail
2026-01-01 06:00:00,8.247753498837037,4.0390588680689365,0.4897162443856328,0,0,4,0,1.1329772784640002,4,Typec,Toyota,Mail
2026-01-01 07:00:00,8.247753498837037,2.6889069218124853,0.3260168871671093,0,0,4,0,1.1329772784640002,4,Typec,Toyota,Mail
2026-01-01 08:00:00,8.247753498837037,3.0356311425514,0.3680555126895384,0,0,4,0,1.1329772784640002,4,Typec,Toyota,Mail
2026-01-01 09:00:00,8.247753498837037,1.4635687587844064,0.17745059415158018,0,0,4,0,1.1329772784640002,4,Typec,Toyota,Mail
2026-01-01 10:00:00,8.247753498837037,3.2571993201153595,0.39491957665498084,0,0,4,0,1.1329772784640002,4,Typec,Toyota,Mail
2026-01-01 11:00:00,8.247753498837037,2.633194938358068,0.3192620801202846,0,0,4,0,1.1329772784640002,4,Typec,Toyota,Mail
2026-01-01 12:00:00,8.247753498837037,3.202399542876167,0.3882753701753716,0,0,4,0,1.1329772784640002,4,Typec,Toyota,Mail
2026-01-01 13:00:00,8.247753498837037,3.573181204395103,0.43323084339255946,0,0,4,0,1.1329772784640002,4,Typec,Toyota,Mail
2026-01-01 14:00:00,8.247753498837037,1.9356365318350324,0.23468651580190458,0,0,4,0,1.1329772784640002,4,Typec,Toyota,Mail
2026-01-01 15:00:00,8.247753498837037,0.9344517312554321,0.11329772784640002,0,0,4,0,1.1329772784640002,4,Typec,Toyota,Mail
2026-01-01 16:00:00,8.247753498837037,4.205032790649445,0.5098397753088001,0,0,4,0,1.1329772784640002,4,Typec,Toyota,Mail
2026-01-01 17:00:00,8.247753498837037,2.6526249874517536,0.3216178790777129,0,0,4,0,1.1329772784640002,4,Typec,Toyota,Mail
2026-01-01 18:00:00,8.247753498837037,4.205032790649445,0.5098397753088001,0,0,4,0,1.1329772784640002,4,Typec,Toyota,Mail
2026-01-01 19:00:00,8.247753498837037,3.6074609860239386,0.43738710020038835,0,0,4,0,1.1329772784640002,4,Typec,Toyota,Mail
2026-01-01 20:00:00,8.247753498837037,2.223854625284453,0.26963155792641286,0,0,4,0,1.1329772784640002,4,Typec,Toyota,Mail
2026-01-01 21:00:00,8.247753498837037,2.5899734171515094,0.3140216808754899,0,0,4,0,1.1329772784640002,4,Typec,Toyota,Mail
2026-01-01 22:00:00,0.0,0.0,0.0,1,1,4,100,1.0,4,Typec,Toyota,Mail
2026-01-01 23:00:00,0.0,0.0,0.0,1,1,4,100,1.0,4,Typec,Toyota,Mail
2026-01-02 00:00:00,0.0,0.0,0.0,1,1,4,100,1.0,4,Typec,Toyota,Mail
2026-01-02 01:00:00,0.0,0.0,0.0,1,1,4,100,1.0,4,Typec,Toyota,Mail
2026-01-02 02:00:00,0.0,0.0,0.0,1,1,4,100,1.0,4,Typec,Toyota,Mail
2026-01-02 03:00:00,0.0,0.0,0.0,1,1,4,100,1.0,4,Typec,Toyota,Mail
2026-01-02 04:00:00,0.0,0.0,0.0,1,1,4,100,1.0,4,Typec,Toyota,Mail
2026-01-02 05:00:00,7.448052142565743,3.739222543154552,0.5020403283409943,0,0,4,0,1.23259004,4,Typec,Toyota,Mail
2026-01-02 06:00:00,7.448052142565743,2.4775642404664824,0.3326459311834246,0,0,4,0,1.23259004,4,Typec,Toyota,Mail
2026-01-02 07:00:00,7.448052142565743,2.400560338173166,0.3223071337610438,0,0,4,0,1.23259004,4,Typec,Toyota,Mail
2026-01-02 08:00:00,7.448052142565743,3.6019791962475436,0.48361358477368493,0,0,4,0,1.23259004,4,Typec,Toyota,Mail
2026-01-02 09:00:00,7.448052142565743,1.1497926664612304,0.15437494857080095,0,0,4,0,1.23259004,4,Typec,Toyota,Mail
2026-01-02 10:00:00,7.448052142565743,1.7492395264726068,0.2348586574032791,0,0,4,0,1.23259004,4,Typec,Toyota,Mail
2026-01-02 11:00:00,7.448052142565743,0.9180394888327196,0.123259004,0,0,4,0,1.23259004,4,Typec,Toyota,Mail
2026-01-02 12:00:00,7.448052142565743,1.7090644122435006,0.2294646143085074,0,0,4,0,1.23259004,4,Typec,Toyota,Mail
2026-01-02 13:00:00,7.448052142565743,3.420818177363109,0.4592903099876376,0,0,4,0,1.23259004,4,Typec,Toyota,Mail
2026-01-02 14:00:00,7.448052142565743,3.3822831251742262,0.45411646702154806,0,0,4,0,1.23259004,4,Typec,Toyota,Mail
2026-01-02 15:00:00,7.448052142565743,2.9149087737135764,0.39136524797602096,0,0,4,0,1.23259004,4,Typec,Toyota,Mail
2026-01-02 16:00:00,7.448052142565743,3.905369712534181,0.5243477942662252,0,0,4,0,1.23259004,4,Typec,Toyota,Mail
2026-01-02 17:00:00,7.448052142565743,2.400205772858202,0.32225952865461105,0,0,4,0,1.23259004,4,Typec,Toyota,Mail
2026-01-02 18:00:00,7.448052142565743,1.1758222229587711,0.15786976251668908,0,0,4,0,1.23259004,4,Typec,Toyota,Mail
2026-01-02 19:00:00,7.448052142565743,1.588578965908209,0.21328784163975617,0,0,4,0,1.23259004,4,Typec,Toyota,Mail
2026-01-02 20:00:00,7.448052142565743,3.0097696611117626,0.4041015830046192,0,0,4,0,1.23259004,4,Typec,Toyota,Mail
2026-01-02 21:00:00,7.448052142565743,1.2980648411046285,0.1742824588574194,0,0,4,0,1.23259004,4,Typec,Toyota,Mail
2026-01-02 22:00:00,0.0,0.0,0.0,1,1,4,100,1.0,4,Typec,Toyota,Mail
2026-01-02 23:00:00,0.0,0.0,0.0,1,1,4,100,1.0,4,Typec,Toyota,Mail
2026-01-03 00:00:00,0.0,0.0,0.0,1,1,4,100,1.0,4,Typec,Toyota,Mail
2026-01-03 01:00:00,0.0,0.0,0.0,1,1,4,100,1.0,4,Typec,Toyota,Mail
2026-01-03 02:00:00,0.0,0.0,0.0,1,1,4,100,1.0,4,Typec,Toyota,Mail
2026-01-03 03:00:00,0.0,0.0,0.0,1,1,4,100,1.0,4,Typec,Toyota,Mail
2026-01-03 04:00:00,0.0,0.0,0.0,1,1,4,100,1.0,4,Typec,Toyota,Mail
2026-01-03 05:00:00,2.6881595440695714,1.272964160513004,0.47354486950796065,0,0,4,0,1.209049010004,4,Typec,Toyota,Mail
2026-01-03 06:00:00,2.6881595440695714,0.5983691779396602,0.22259436916969463,0,0,4,0,1.209049010004,4,Typec,Toyota,Mail
2026-01-03 07:00:00,2.6881595440695714,0.4179689641119059,0.15548517759446223,0,0,4,0,1.209049010004,4,Typec,Toyota,Mail
2026-01-03 08:00:00,2.6881595440695714,1.4625524859705537,0.5440720545018,0,0,4,0,1.209049010004,4,Typec,Toyota,Mail
2026-01-03 09:00:00,2.6881595440695714,0.5654299411386613,0.21034091610599268,0,0,4,0,1.209049010004,4,Typec,Toyota,Mail
2026-01-03 10:00:00,2.6881595440695714,0.5318176010129526,0.19783706744125779,0,0,4,0,1.209049010004,4,Typec,Toyota,Mail
2026-01-03 11:00:00,2.6881595440695714,1.1580772552244516,0.43080674202516,0,0,4,0,1.209049010004,4,Typec,Toyota,Mail
2026-01-03 12:00:00,2.6881595440695714,0.8474129043952388,0.31523906617251995,0,0,4,0,1.209049010004,4,Typec,Toyota,Mail
2026-01-03 13:00:00,2.6881595440695714,1.0089906833284865,0.37534627941055465,0,0,4,0,1.209049010004,4,Typec,Toyota,Mail
2026-01-03 14:00:00,2.6881595440695714,0.8096740299465981,0.30120013960214675,0,0,4,0,1.209049010004,4,Typec,Toyota,Mail
2026-01-03 15:00:00,2.6881595440695714,0.47049689020380897,0.17502565695618258,0,0,4,0,1.209049010004,4,Typec,Toyota,Mail
2026-01-03 16:00:00,2.6881595440695714,0.9628679162420564,0.35818853027762726,0,0,4,0,1.209049010004,4,Typec,Toyota,Mail
2026-01-03 17:00:00,2.6881595440695714,1.4625524859705537,0.5440720545018,0,0,4,0,1.209049010004,4,Typec,Toyota,Mail
2026-01-03 18:00:00,2.6881595440695714,0.5314229195214976,0.19769024524377113,0,0,4,0,1.209049010004,4,Typec,Toyota,Mail
2026-01-03 19:00:00,2.6881595440695714,1.4625524859705537,0.5440720545018,0,0,4,0,1.209049010004,4,Typec,Toyota,Mail
2026-01-03 20:00:00,2.6881595440695714,0.7057138136287596,0.2625267593159252,0,0,4,0,1.209049010004,4,Typec,Toyota,Mail
2026-01-03 21:00:00,2.6881595440695714,0.5771395132220198,0.2146968971745983,0,0,4,0,1.209049010004,4,Typec,Toyota,Mail
2026-01-03 22:00:00,2.6881595440695714,0.68407596023139,0.25447744042594134,0,0,4,0,1.209049010004,4,Typec,Toyota,Mail
2026-01-03 23:00:00,0.0,0.0,0.0,1,1,4,100,1.0,4,Typec,Toyota,Mail
2026-01-04 00:00:00,0.0,0.0,0.0,1,1,4,100,1.0,4,Typec,Toyota,Mail
2026-01-04 01:00:00,0.0,0.0,0.0,1,1,4,100,1.0,4,Typec,Toyota,Mail
2026-01-04 02:00:00,0.0,0.0,0.0,1,1,4,100,1.0,4,Typec,Toyota,Mail
2026-01-04 03:00:00,0.0,0.0,0.0,1,1,4,100,1.0,4,Typec,Toyota,Mail
2026-01-04 04:00:00,0.0,0.0,0.0,1,1,4,100,1.0,4,Typec,Toyota,Mail
2026-01-04 05:00:00,5.103080632126083,2.996853343003485,0.5872635686250001,0,0,4,0,1.3050301525,4,Typec,Toyota,Mail
2026-01-04 06:00:00,5.103080632126083,1.0316061419745723,0.20215360413475905,0,0,4,0,1.3050301525,4,Typec,Toyota,Mail
2026-01-04 07:00:00,5.103080632126083,1.2477953583263366,0.24451805649923092,0,0,4,0,1.3050301525,4,Typec,Toyota,Mail
2026-01-04 08:00:00,5.103080632126083,0.6659674095563299,0.13050301525000002,0,0,4,0,1.3050301525,4,Typec,Toyota,Mail
2026-01-04 09:00:00,5.103080632126083,1.8888383931566217,0.3701368897182563,0,0,4,0,1.3050301525,4,Typec,Toyota,Mail
2026-01-04 10:00:00,5.103080632126083,2.996853343003485,0.5872635686250001,0,0,4,0,1.3050301525,4,Typec,Toyota,Mail
2026-01-04 11:00:00,5.103080632126083,1.3800352236293918,0.27043178877901275,0,0,4,0,1.3050301525,4,Typec,Toyota,Mail
2026-01-04 12:00:00,5.103080632126083,1.8646444558307993,0.36539584424593685,0,0,4,0,1.3050301525,4,Typec,Toyota,Mail
2026-01-04 13:00:00,5.103080632126083,2.2058738337925194,0.4322631745039646,0,0,4,0,1.3050301525,4,Typec,Toyota,Mail
2026-01-04 14:00:00,5.103080632126083,1.5976552251413865,0.3130766178930156,0,0,4,0,1.3050301525,4,Typec,Toyota,Mail
2026-01-04 15:00:00,5.103080632126083,2.3406874243366134,0.45868125414303296,0,0,4,0,1.3050301525,4,Typec,Toyota,Mail
2026-01-04 16:00:00,5.103080632126083,1.006506285710868,0.19723503473068382,0,0,4,0,1.3050301525,4,Typec,Toyota,Mail
2026-01-04 17:00:00,5.103080632126083,2.6279168096303063,0.5149667424587496,0,0,4,0,1.3050301525,4,Typec,Toyota,Mail
2026-01-04 18:00:00,5.103080632126083,2.733401741185899,0.5356375762471715,0,0,4,0,1.3050301525,4,Typec,Toyota,Mail
2026-01-04 19:00:00,5.103080632126083,0.6876871685666326,0.13475922058478693,0,0,4,0,1.3050301525,4,Typec,Toyota,Mail
2026-01-04 20:00:00,5.103080632126083,2.2242104610068285,0.435856421120307,0,0,4,0,1.3050301525,4,Typec,Toyota,Mail
2026-01-04 21:00:00,5.103080632126083,0.6659674095563299,0.13050301525000002,0,0,4,0,1.3050301525,4,Typec,Toyota,Mail
2026-01-04 22:00:00,5.103080632126083,1.2050316781433956,0.23613808305461684,0,0,4,0,1.3050301525,4,Typec,Toyota,Mail
2026-01-04 23:00:00,0.0,0.0,0.0,1,1,4,100,1.0,4,Typec,Toyota,Mail
2026-01-05 00:00:00,0.0,0.0,0.0,1,1,4,100,1.0,4,Typec,Toyota,Mail
2026-01-05 01:00:00,0.0,0.0,0.0,1,1,4,100,1.0,4,Typec,Toyota,Mail
2026-01-05 02:00:00,0.0,0.0,0.0,1,1,4,100,1.0,4,Typec,Toyota,Mail
2026-01-05 03:00:00,0.0,0.0,0.0,1,1,4,100,1.0,4,Typec,Toyota,Mail
2026-01-05 04:00:00,0.0,0.0,0.0,1,1,4,100,1.0,4,Typec,Toyota,Mail
2026-01-05 05:00:00,5.814671461369354,2.9167331512316115,0.5016161567526846,0,0,4,0,1.226197579604,4,Typec,Toyota,Mail
2026-01-05 06:00:00,5.814671461369354,2.32725662007314,0.4002387126314222,0,0,4,0,1.226197579604,4,Typec,Toyota,Mail
2026-01-05 07:00:00,5.814671461369354,3.2084712324556004,0.5517889108218,0,0,4,0,1.226197579604,4,Typec,Toyota,Mail
2026-01-05 08:00:00,5.814671461369354,0.7129936072123556,0.12261975796040002,0,0,4,0,1.226197579604,4,Typec,Toyota,Mail
2026-01-05 09:00:00,5.814671461369354,2.5269176670638105,0.4345761723343733,0,0,4,0,1.226197579604,4,Typec,Toyota,Mail
2026-01-05 10:00:00,5.814671461369354,1.060293448269316,0.18234795470621776,0,0,4,0,1.226197579604,4,Typec,Toyota,Mail
2026-01-05 11:00:00,5.814671461369354,2.357601452926738,0.405457379422005,0,0,4,0,1.226197579604,4,Typec,Toyota,Mail
2026-01-05 12:00:00,5.814671461369354,2.8482293338064273,0.48983495503212315,0,0,4,0,1.226197579604,4,Typec,Toyota,Mail
2026-01-05 13:00:00,5.814671461369354,3.2084712324556004,0.5517889108218,0,0,4,0,1.226197579604,4,Typec,Toyota,Mail
2026-01-05 14:00:00,5.814671461369354,2.768935870942688,0.4761981634454381,0,0,4,0,1.226197579604,4,Typec,Toyota,Mail
2026-01-05 15:00:00,5.814671461369354,2.484006532363345,0.4271963685078713,0,0,4,0,1.226197579604,4,Typec,Toyota,Mail
2026-01-05 16:00:00,5.814671461369354,2.663649294134425,0.4580911082992016,0,0,4,0,1.226197579604,4,Typec,Toyota,Mail
2026-01-05 17:00:00,5.814671461369354,2.4457066091461757,0.4206095951240919,0,0,4,0,1.226197579604,4,Typec,Toyota,Mail
2026-01-05 18:00:00,5.814671461369354,0.7129936072123556,0.12261975796040002,0,0,4,0,1.226197579604,4,Typec,Toyota,Mail
2026-01-05 19:00:00,5.814671461369354,2.4570222282588263,0.4225556412915886,0,0,4,0,1.226197579604,4,Typec,Toyota,Mail
2026-01-05 20:00:00,5.814671461369354,1.7831632706298997,0.30666621192213755,0,0,4,0,1.226197579604,4,Typec,Toyota,Mail
2026-01-05 21:00:00,5.814671461369354,3.2084712324556004,0.5517889108218,0,0,4,0,1.226197579604,4,Typec,Toyota,Mail
2026-01-05 22:00:00,5.814671461369354,2.963074910907748,0.5095859552157647,0,0,4,0,1.226197579604,4,Typec,Toyota,Mail
2026-01-05 23:00:00,0.0,0.0,0.0,1,1,4,100,1.0,4,Typec,Toyota,Mail
2026-01-06 00:00:00,0.0,0.0,0.0,1,1,4,100,1.0,4,Typec,Toyota,Mail
2026-01-06 01:00:00,0.0,0.0,0.0,1,1,4,100,1.0,4,Typec,Toyota,Mail
2026-01-06 02:00:00,0.0,0.0,0.0,1,1,4,100,1.0,4,Typec,Toyota,Mail
2026-01-06 03:00:00,0.0,0.0,0.0,1,1,4,100,1.0,4,Typec,Toyota,Mail
2026-01-06 04:00:00,0.0,0.0,0.0,1,1,4,100,1.0,4,Typec,Toyota,Mail
2026-01-06 05:00:00,6.372576233620531,0.8479542044036659,0.13306301459840003,0,0,4,0,1.3306301459840002,4,Typec,Toyota,Mail
2026-01-06 06:00:00,6.372576233620531,3.0304030676647997,0.47553814290631075,0,0,4,0,1.3306301459840002,4,Typec,Toyota,Mail
2026-01-06 07:00:00,6.372576233620531,0.8479542044036659,0.13306301459840003,0,0,4,0,1.3306301459840002,4,Typec,Toyota,Mail
2026-01-06 08:00:00,6.372576233620531,2.0633460146892815,0.32378522265507786,0,0,4,0,1.3306301459840002,4,Typec,Toyota,Mail
2026-01-06 09:00:00,6.372576233620531,3.529670089959381,0.5538843256731077,0,0,4,0,1.3306301459840002,4,Typec,Toyota,Mail
2026-01-06 10:00:00,6.372576233620531,3.4948598779987052,0.548421823431546,0,0,4,0,1.3306301459840002,4,Typec,Toyota,Mail
2026-01-06 11:00:00,6.372576233620531,1.565992419167625,0.2457392994226949,0,0,4,0,1.3306301459840002,4,Typec,Toyota,Mail
2026-01-06 12:00:00,6.372576233620531,2.888919521151326,0.45333620426695287,0,0,4,0,1.3306301459840002,4,Typec,Toyota,Mail
2026-01-06 13:00:00,6.372576233620531,3.8157939198164965,0.5987835656928001,0,0,4,0,1.3306301459840002,4,Typec,Toyota,Mail
2026-01-06 14:00:00,6.372576233620531,3.8157939198164965,0.5987835656928001,0,0,4,0,1.3306301459840002,4,Typec,Toyota,Mail
2026-01-06 15:00:00,6.372576233620531,3.8157939198164965,0.5987835656928001,0,0,4,0,1.3306301459840002,4,Typec,Toyota,Mail
2026-01-06 16:00:00,6.372576233620531,1.2994611594954288,0.20391457267152216,0,0,4,0,1.3306301459840002,4,Typec,Toyota,Mail
2026-01-06 17:00:00,6.372576233620531,0.8479542044036659,0.13306301459840003,0,0,4,0,1.3306301459840002,4,Typec,Toyota,Mail
2026-01-06 18:00:00,6.372576233620531,1.732428353828385,0.271856826865156,0,0,4,0,1.3306301459840002,4,Typec,Toyota,Mail
2026-01-06 19:00:00,6.372576233620531,1.62720646819252,0.2553451553247304,0,0,4,0,1.3306301459840002,4,Typec,Toyota,Mail
2026-01-06 20:00:00,6.372576233620531,1.8184348658026845,0.2853531757233376,0,0,4,0,1.3306301459840002,4,Typec,Toyota,Mail
2026-01-06 21:00:00,6.372576233620531,2.379064809116953,0.37332857574389583,0,0,4,0,1.3306301459840002,4,Typec,Toyota,Mail
2026-01-06 22:00:00,6.372576233620531,2.9430930054313653,0.4618372378041007,0,0,4,0,1.3306301459840002,4,Typec,Toyota,Mail
2026-01-06 23:00:00,0.0,0.0,0.0,1,1,4,100,1.0,4,Typec,Toyota,Mail
2026-01-07 00:00:00,0.0,0.0,0.0,1,1,4,100,1.0,4,Typec,Toyota,Mail
2026-01-07 01:00:00,0.0,0.0,0.0,1,1,4,100,1.0,4,Typec,Toyota,Mail
2026-01-07 02:00:00,0.0,0.0,0.0,1,1,4,100,1.0,4,Typec,Toyota,Mail
2026-01-07 03:00:00,0.0,0.0,0.0,1,1,4,100,1.0,4,Typec,Toyota,Mail
2026-01-07 04:00:00,0.0,0.0,0.0,1,1,4,100,1.0,4,Typec,Toyota,Mail
2026-01-07 05:00:00,5.1552656582632315,2.933181939834206,0.5689681452463444,0,0,4,0,1.282756305344,4,Typec,Toyota,Mail
2026-01-07 06:00:00,5.1552656582632315,1.340801492991545,0.2600838796430232,0,0,4,0,1.282756305344,4,Typec,Toyota,Mail
2026-01-07 07:00:00,5.1552656582632315,1.2098255103535953,0.2346776268288715,0,0,4,0,1.282756305344,4,Typec,Toyota,Mail
2026-01-07 08:00:00,5.1552656582632315,0.7970169173632901,0.15460249193671985,0,0,4,0,1.282756305344,4,Typec,Toyota,Mail
2026-01-07 09:00:00,5.1552656582632315,1.9258276428144279,0.37356516045445154,0,0,4,0,1.282756305344,4,Typec,Toyota,Mail
2026-01-07 10:00:00,5.1552656582632315,2.5865997042383078,0.5017393623725906,0,0,4,0,1.282756305344,4,Typec,Toyota,Mail
2026-01-07 11:00:00,5.1552656582632315,2.9758272879872463,0.5772403374048001,0,0,4,0,1.282756305344,4,Typec,Toyota,Mail
2026-01-07 12:00:00,5.1552656582632315,2.4610664309588235,0.4773888668596639,0,0,4,0,1.282756305344,4,Typec,Toyota,Mail
2026-01-07 13:00:00,5.1552656582632315,0.6612949528860548,0.12827563053440003,0,0,4,0,1.282756305344,4,Typec,Toyota,Mail
2026-01-07 14:00:00,5.1552656582632315,1.06252324804993,0.20610446065894608,0,0,4,0,1.282756305344,4,Typec,Toyota,Mail
2026-01-07 15:00:00,5.1552656582632315,1.3108414318988455,0.2542723341129345,0,0,4,0,1.282756305344,4,Typec,Toyota,Mail
2026-01-07 16:00:00,5.1552656582632315,2.541665881177057,0.49302326003376606,0,0,4,0,1.282756305344,4,Typec,Toyota,Mail
2026-01-07 17:00:00,5.1552656582632315,2.2988261135982917,0.4459180701800629,0,0,4,0,1.282756305344,4,Typec,Toyota,Mail
2026-01-07 18:00:00,5.1552656582632315,2.299639716460237,0.44607588995422737,0,0,4,0,1.282756305344,4,Typec,Toyota,Mail
2026-01-07 19:00:00,5.1552656582632315,0.6612949528860548,0.12827563053440003,0,0,4,0,1.282756305344,4,Typec,Toyota,Mail
2026-01-07 20:00:00,5.1552656582632315,0.9364369010214961,0.18164668187768512,0,0,4,0,1.282756305344,4,Typec,Toyota,Mail
2026-01-07 21:00:00,5.1552656582632315,2.3653003076301955,0.45881249666327506,0,0,4,0,1.282756305344,4,Typec,Toyota,Mail
2026-01-07 22:00:00,5.1552656582632315,2.273638111854444,0.4410321916602092,0,0,4,0,1.282756305344,4,Typec,Toyota,Mail
2026-01-07 23:00:00,0.0,0.0,0.0,1,1,4,100,1.0,4,Typec,Toyota,Mail
2026-01-08 00:00:00,0.0,0.0,0.0,1,1,4,100,1.0,4,Typec,Toyota,Mail
2026-01-08 01:00:00,0.0,0.0,0.0,1,1,4,100,1.0,4,Typec,Toyota,Mail
2026-01-08 02:00:00,0.0,0.0,0.0,1,1,4,100,1.0,4,Typec,Toyota,Mail
2026-01-08 03:00:00,0.0,0.0,0.0,1,1,4,100,1.0,4,Typec,Toyota,Mail
2026-01-08 04:00:00,0.0,0.0,0.0,1,1,4,100,1.0,4,Typec,Toyota,Mail
2026-01-08 05:00:00,4.764317963574565,2.3256450245609632,0.48813808027541505,0,0,4,0,1.176585222144,4,Typec,Toyota,Mail
2026-01-08 06:00:00,4.764317963574565,1.118631045519867,0.23479353268869194,0,0,4,0,1.176585222144,4,Typec,Toyota,Mail
2026-01-08 07:00:00,4.764317963574565,1.4421720078912108,0.3027027202880431,0,0,4,0,1.176585222144,4,Typec,Toyota,Mail
2026-01-08 08:00:00,4.764317963574565,1.4815854953937635,0.3109753603183449,0,0,4,0,1.176585222144,4,Typec,Toyota,Mail
2026-01-08 09:00:00,4.764317963574565,1.7506523476956386,0.3674507791209976,0,0,4,0,1.176585222144,4,Typec,Toyota,Mail
2026-01-08 10:00:00,4.764317963574565,2.386040308091466,0.50081466567384,0,0,4,0,1.176585222144,4,Typec,Toyota,Mail
2026-01-08 11:00:00,4.764317963574565,0.560562610953703,0.11765852221440001,0,0,4,0,1.176585222144,4,Typec,Toyota,Mail
2026-01-08 12:00:00,4.764317963574565,1.9554067895904832,0.41042743253923875,0,0,4,0,1.176585222144,4,Typec,Toyota,Mail
2026-01-08 13:00:00,4.764317963574565,0.560562610953703,0.11765852221440001,0,0,4,0,1.176585222144,4,Typec,Toyota,Mail
2026-01-08 14:00:00,4.764317963574565,1.2970473565585268,0.2722419801690524,0,0,4,0,1.176585222144,4,Typec,Toyota,Mail
2026-01-08 15:00:00,4.764317963574565,0.560562610953703,0.11765852221440001,0,0,4,0,1.176585222144,4,Typec,Toyota,Mail
2026-01-08 16:00:00,4.764317963574565,1.4001351888781837,0.2938794596798263,0,0,4,0,1.176585222144,4,Typec,Toyota,Mail
2026-01-08 17:00:00,4.764317963574565,1.5352196413485737,0.3222328259965109,0,0,4,0,1.176585222144,4,Typec,Toyota,Mail
2026-01-08 18:00:00,4.764317963574565,2.1610987396724184,0.45360086295562707,0,0,4,0,1.176585222144,4,Typec,Toyota,Mail
2026-01-08 19:00:00,4.764317963574565,1.7245073529222914,0.361963111216958,0,0,4,0,1.176585222144,4,Typec,Toyota,Mail
2026-01-08 20:00:00,4.764317963574565,0.8749702605188879,0.1836506856193151,0,0,4,0,1.176585222144,4,Typec,Toyota,Mail
2026-01-08 21:00:00,4.764317963574565,0.560562610953703,0.11765852221440001,0,0,4,0,1.176585222144,4,Typec,Toyota,Mail
2026-01-08 22:00:00,4.764317963574565,1.4682048798675498,0.308166854331021,0,0,4,0,1.176585222144,4,Typec,Toyota,Mail
2026-01-08 23:00:00,0.0,0.0,0.0,1,1,4,100,1.0,4,Typec,Toyota,Mail
2026-01-09 00:00:00,0.0,0.0,0.0,1,1,4,100,1.0,4,Typec,Toyota,Mail
2026-01-09 01:00:00,0.0,0.0,0.0,1,1,4,100,1.0,4,Typec,Toyota,Mail
2026-01-09 02:00:00,0.0,0.0,0.0,1,1,4,100,1.0,4,Typec,Toyota,Mail
2026-01-09 03:00:00,0.0,0.0,0.0,1,1,4,100,1.0,4,Typec,Toyota,Mail
2026-01-09 04:00:00,2.214997367244315,0.4648188652351665,0.20985075292141278,0,0,4,0,1.137342385344,4,Typec,Toyota,Mail
2026-01-09 05:00:00,2.214997367244315,0.6889274044669709,0.3110285432637184,0,0,4,0,1.137342385344,4,Typec,Toyota,Mail
2026-01-09 06:00:00,2.214997367244315,0.7422982212468635,0.3351237487791505,0,0,4,0,1.137342385344,4,Typec,Toyota,Mail
2026-01-09 07:00:00,2.214997367244315,0.628542760374444,0.2837668205251259,0,0,4,0,1.137342385344,4,Typec,Toyota,Mail
2026-01-09 08:00:00,2.214997367244315,0.9205430093084971,0.4155955320406306,0,0,4,0,1.137342385344,4,Typec,Toyota,Mail
2026-01-09 09:00:00,2.214997367244315,0.8355445348407069,0.3772214573239924,0,0,4,0,1.137342385344,4,Typec,Toyota,Mail
2026-01-09 10:00:00,2.214997367244315,0.5689026301358063,0.2568412218221189,0,0,4,0,1.137342385344,4,Typec,Toyota,Mail
2026-01-09 11:00:00,2.214997367244315,0.6881922189699894,0.3106966306809527,0,0,4,0,1.137342385344,4,Typec,Toyota,Mail
2026-01-09 12:00:00,2.214997367244315,0.8202198390014874,0.37030285052750445,0,0,4,0,1.137342385344,4,Typec,Toyota,Mail
2026-01-09 13:00:00,2.214997367244315,0.64631536692638,0.2917905801985052,0,0,4,0,1.137342385344,4,Typec,Toyota,Mail
2026-01-09 14:00:00,2.214997367244315,0.46182032044423516,0.2084970064857401,0,0,4,0,1.137342385344,4,Typec,Toyota,Mail
2026-01-09 15:00:00,2.214997367244315,0.5139966266196434,0.23205292892023083,0,0,4,0,1.137342385344,4,Typec,Toyota,Mail
2026-01-09 16:00:00,2.214997367244315,0.772492742765055,0.3487556031392108,0,0,4,0,1.137342385344,4,Typec,Toyota,Mail
2026-01-09 17:00:00,2.214997367244315,1.0222793381010697,0.4615262091136888,0,0,4,0,1.137342385344,4,Typec,Toyota,Mail
2026-01-09 18:00:00,2.214997367244315,0.2519210389192329,0.1137342385344,0,0,4,0,1.137342385344,4,Typec,Toyota,Mail
2026-01-09 19:00:00,2.214997367244315,0.445972468717028,0.20134221164870447,0,0,4,0,1.137342385344,4,Typec,Toyota,Mail
2026-01-09 20:00:00,2.214997367244315,0.2519210389192329,0.1137342385344,0,0,4,0,1.137342385344,4,Typec,Toyota,Mail
2026-01-09 21:00:00,2.214997367244315,0.3943594817837967,0.17804060971612828,0,0,4,0,1.137342385344,4,Typec,Toyota,Mail
2026-01-09 22:00:00,2.214997367244315,0.5144451988484513,0.2322554448398619,0,0,4,0,1.137342385344,4,Typec,Toyota,Mail
2026-01-09 23:00:00,0.0,0.0,0.0,1,1,4,100,1.0,4,Typec,Toyota,Mail
2026-01-10 00:00:00,0.0,0.0,0.0,1,1,4,100,1.0,4,Typec,Toyota,Mail
2026-01-10 01:00:00,0.0,0.0,0.0,1,1,4,100,1.0,4,Typec,Toyota,Mail
2026-01-10 02:00:00,0.0,0.0,0.0,1,1,4,100,1.0,4,Typec,Toyota,Mail
2026-01-10 03:00:00,0.0,0.0,0.0,1,1,4,100,1.0,4,Typec,Toyota,Mail
2026-01-10 04:00:00,0.0,0.0,0.0,1,1,4,100,1.0,4,Typec,Toyota,Mail
2026-01-10 05:00:00,4.289746651742382,1.5509003290654921,0.3615365789575376,0,0,4,0,1.18961004,4,Typec,Toyota,Mail
2026-01-10 06:00:00,4.289746651742382,1.7712256451139246,0.4128974946328123,0,0,4,0,1.18961004,4,Typec,Toyota,Mail
2026-01-10 07:00:00,4.289746651742382,1.6234920781701683,0.37845873194183827,0,0,4,0,1.18961004,4,Typec,Toyota,Mail
2026-01-10 08:00:00,4.289746651742382,1.737257151633183,0.4049789632512575,0,0,4,0,1.18961004,4,Typec,Toyota,Mail
2026-01-10 09:00:00,4.289746651742382,2.2964065586861047,0.535324518,0,0,4,0,1.18961004,4,Typec,Toyota,Mail
2026-01-10 10:00:00,4.289746651742382,0.5103125685969121,0.11896100400000001,0,0,4,0,1.18961004,4,Typec,Toyota,Mail
2026-01-10 11:00:00,4.289746651742382,2.2382546745914875,0.5217684997043748,0,0,4,0,1.18961004,4,Typec,Toyota,Mail
2026-01-10 12:00:00,4.289746651742382,1.0782888208169794,0.2513642199310318,0,0,4,0,1.18961004,4,Typec,Toyota,Mail
2026-01-10 13:00:00,4.289746651742382,1.2967260661086875,0.3022849998803523,0,0,4,0,1.18961004,4,Typec,Toyota,Mail
2026-01-10 14:00:00,4.289746651742382,0.5843962256255301,0.1362309416077436,0,0,4,0,1.18961004,4,Typec,Toyota,Mail
2026-01-10 15:00:00,4.289746651742382,1.8093585422312217,0.42178680680275327,0,0,4,0,1.18961004,4,Typec,Toyota,Mail
2026-01-10 16:00:00,4.289746651742382,0.5103125685969121,0.11896100400000001,0,0,4,0,1.18961004,4,Typec,Toyota,Mail
2026-01-10 17:00:00,4.289746651742382,2.2512244049438817,0.5247919254227971,0,0,4,0,1.18961004,4,Typec,Toyota,Mail
2026-01-10 18:00:00,4.289746651742382,0.8272188754664932,0.19283630074762076,0,0,4,0,1.18961004,4,Typec,Toyota,Mail
2026-01-10 19:00:00,4.289746651742382,1.5138485608251329,0.35289929306436957,0,0,4,0,1.18961004,4,Typec,Toyota,Mail
2026-01-10 20:00:00,4.289746651742382,0.5103125685969121,0.11896100400000001,0,0,4,0,1.18961004,4,Typec,Toyota,Mail
2026-01-10 21:00:00,4.289746651742382,1.1928227015510253,0.27806367097845563,0,0,4,0,1.18961004,4,Typec,Toyota,Mail
2026-01-10 22:00:00,0.0,0.0,0.0,1,1,4,100,1.0,4,Typec,Toyota,Mail
2026-01-10 23:00:00,0.0,0.0,0.0,1,1,4,100,1.0,4,Typec,Toyota,Mail
2026-01-11 00:00:00,0.0,0.0,0.0,1,1,4,100,1.0,4,Typec,Toyota,Mail
2026-01-11 01:00:00,0.0,0.0,0.0,1,1,4,100,1.0,4,Typec,Toyota,Mail
2026-01-11 02:00:00,0.0,0.0,0.0,1,1,4,100,1.0,4,Typec,Toyota,Mail
2026-01-11 03:00:00,0.0,0.0,0.0,1,1,4,100,1.0,4,Typec,Toyota,Mail
2026-01-11 04:00:00,0.0,0.0,0.0,1,1,4,100,1.0,4,Typec,Toyota,Mail
2026-01-11 05:00:00,4.238105092874059,1.6677764736457932,0.39351937648974045,0,0,4,0,1.122069513044,4,Typec,Toyota,Mail
2026-01-11 06:00:00,4.238105092874059,1.915928720960007,0.4520720177943312,0,0,4,0,1.122069513044,4,Typec,Toyota,Mail
2026-01-11 07:00:00,4.238105092874059,1.33222917432282,0.3143454787288847,0,0,4,0,1.122069513044,4,Typec,Toyota,Mail
2026-01-11 08:00:00,4.238105092874059,0.47554485177904915,0.1122069513044,0,0,4,0,1.122069513044,4,Typec,Toyota,Mail
2026-01-11 09:00:00,4.238105092874059,1.1612987841045082,0.2740136826850079,0,0,4,0,1.122069513044,4,Typec,Toyota,Mail
2026-01-11 10:00:00,4.238105092874059,1.5452411185837056,0.3646066071324826,0,0,4,0,1.122069513044,4,Typec,Toyota,Mail
2026-01-11 11:00:00,4.238105092874059,1.6541186721579417,0.3902967566658915,0,0,4,0,1.122069513044,4,Typec,Toyota,Mail
2026-01-11 12:00:00,4.238105092874059,1.4999534144695115,0.3539207692115824,0,0,4,0,1.122069513044,4,Typec,Toyota,Mail
2026-01-11 13:00:00,4.238105092874059,1.5644375016846759,0.3691360802532051,0,0,4,0,1.122069513044,4,Typec,Toyota,Mail
2026-01-11 14:00:00,4.238105092874059,0.47554485177904915,0.1122069513044,0,0,4,0,1.122069513044,4,Typec,Toyota,Mail
2026-01-11 15:00:00,4.238105092874059,1.844310884523685,0.43517346646847094,0,0,4,0,1.122069513044,4,Typec,Toyota,Mail
2026-01-11 16:00:00,4.238105092874059,1.7685278512754352,0.4172921181801354,0,0,4,0,1.122069513044,4,Typec,Toyota,Mail
2026-01-11 17:00:00,4.238105092874059,1.210151199002652,0.2855406301833802,0,0,4,0,1.122069513044,4,Typec,Toyota,Mail
2026-01-11 18:00:00,4.238105092874059,0.7478197875066165,0.1764514496735815,0,0,4,0,1.122069513044,4,Typec,Toyota,Mail
2026-01-11 19:00:00,4.238105092874059,0.47554485177904915,0.1122069513044,0,0,4,0,1.122069513044,4,Typec,Toyota,Mail
2026-01-11 20:00:00,4.238105092874059,0.47554485177904915,0.1122069513044,0,0,4,0,1.122069513044,4,Typec,Toyota,Mail
2026-01-11 21:00:00,4.238105092874059,0.8328833350690388,0.1965225771464344,0,0,4,0,1.122069513044,4,Typec,Toyota,Mail
2026-01-11 22:00:00,4.238105092874059,2.010450719162655,0.4743749093298849,0,0,4,0,1.122069513044,4,Typec,Toyota,Mail
2026-01-11 23:00:00,0.0,0.0,0.0,1,1,4,100,1.0,4,Typec,Toyota,Mail
2026-01-12 00:00:00,0.0,0.0,0.0,1,1,4,100,1.0,4,Typec,Toyota,Mail
2026-01-12 01:00:00,0.0,0.0,0.0,1,1,4,100,1.0,4,Typec,Toyota,Mail
2026-01-12 02:00:00,0.0,0.0,0.0,1,1,4,100,1.0,4,Typec,Toyota,Mail
2026-01-12 03:00:00,0.0,0.0,0.0,1,1,4,100,1.0,4,Typec,Toyota,Mail
2026-01-12 04:00:00,0.0,0.0,0.0,1,1,4,100,1.0,4,Typec,Toyota,Mail
2026-01-12 05:00:00,7.523360105273304,1.9794265762904077,0.2631040583718676,0,0,4,0,1.119889326784,4,Typec,Toyota,Mail
2026-01-12 06:00:00,7.523360105273304,2.46263464783479,0.3273317524849927,0,0,4,0,1.119889326784,4,Typec,Toyota,Mail
2026-01-12 07:00:00,7.523360105273304,3.791398807551656,0.5039501970528,0,0,4,0,1.119889326784,4,Typec,Toyota,Mail
2026-01-12 08:00:00,7.523360105273304,1.9326966128215095,0.2568927428406406,0,0,4,0,1.119889326784,4,Typec,Toyota,Mail
2026-01-12 09:00:00,7.523360105273304,3.000580101649556,0.39883510288792073,0,0,4,0,1.119889326784,4,Typec,Toyota,Mail
2026-01-12 10:00:00,7.523360105273304,3.2275391887449203,0.4290023531483838,0,0,4,0,1.119889326784,4,Typec,Toyota,Mail
2026-01-12 11:00:00,7.523360105273304,1.361012626012271,0.18090488916758146,0,0,4,0,1.119889326784,4,Typec,Toyota,Mail
2026-01-12 12:00:00,7.523360105273304,2.3754926832499343,0.31574890075843826,0,0,4,0,1.119889326784,4,Typec,Toyota,Mail
2026-01-12 13:00:00,7.523360105273304,2.2433002716110684,0.29817797370069865,0,0,4,0,1.119889326784,4,Typec,Toyota,Mail
2026-01-12 14:00:00,7.523360105273304,1.5586695823913685,0.20717731978545859,0,0,4,0,1.119889326784,4,Typec,Toyota,Mail
2026-01-12 15:00:00,7.523360105273304,1.5733717916096217,0.20913152761447742,0,0,4,0,1.119889326784,4,Typec,Toyota,Mail
2026-01-12 16:00:00,7.523360105273304,2.0554012987669883,0.2732025677364969,0,0,4,0,1.119889326784,4,Typec,Toyota,Mail
2026-01-12 17:00:00,7.523360105273304,1.5222471013989947,0.20233606794017678,0,0,4,0,1.119889326784,4,Typec,Toyota,Mail
2026-01-12 18:00:00,7.523360105273304,2.7152080991467398,0.36090364692813054,0,0,4,0,1.119889326784,4,Typec,Toyota,Mail
2026-01-12 19:00:00,7.523360105273304,0.8425330683448125,0.1119889326784,0,0,4,0,1.119889326784,4,Typec,Toyota,Mail
2026-01-12 20:00:00,7.523360105273304,1.753705212987783,0.23310132553120363,0,0,4,0,1.119889326784,4,Typec,Toyota,Mail
2026-01-12 21:00:00,7.523360105273304,1.982890492316428,0.2635644797763399,0,0,4,0,1.119889326784,4,Typec,Toyota,Mail
2026-01-12 22:00:00,7.523360105273304,3.4065293859464916,0.45279361060475803,0,0,4,0,1.119889326784,4,Typec,Toyota,Mail
2026-01-12 23:00:00,0.0,0.0,0.0,1,1,4,100,1.0,4,Typec,Toyota,Mail
2026-01-13 00:00:00,0.0,0.0,0.0,1,1,4,100,1.0,4,Typec,Toyota,Mail
2026-01-13 01:00:00,0.0,0.0,0.0,1,1,4,100,1.0,4,Typec,Toyota,Mail
2026-01-13 02:00:00,0.0,0.0,0.0,1,1,4,100,1.0,4,Typec,Toyota,Mail
2026-01-13 03:00:00,0.0,0.0,0.0,1,1,4,100,1.0,4,Typec,Toyota,Mail
2026-01-13 04:00:00,0.0,0.0,0.0,1,1,4,100,1.0,4,Typec,Toyota,Mail
2026-01-13 05:00:00,7.553354300175007,2.8639972957262883,0.3791689336828713,0,0,4,0,1.12425024,4,Typec,Toyota,Mail
2026-01-13 06:00:00,7.553354300175007,3.2620068624172607,0.43186202219346204,0,0,4,0,1.12425024,4,Typec,Toyota,Mail
2026-01-13 07:00:00,7.553354300175007,1.59628859214561,0.211335061048126,0,0,4,0,1.12425024,4,Typec,Toyota,Mail
2026-01-13 08:00:00,7.553354300175007,3.821337173149553,0.505912608,0,0,4,0,1.12425024,4,Typec,Toyota,Mail
2026-01-13 09:00:00,7.553354300175007,1.5912443254401056,0.21066724294969685,0,0,4,0,1.12425024,4,Typec,Toyota,Mail
2026-01-13 10:00:00,7.553354300175007,2.9538514290242137,0.3910648582916036,0,0,4,0,1.12425024,4,Typec,Toyota,Mail
2026-01-13 11:00:00,7.553354300175007,3.1293524148665846,0.41429969924674115,0,0,4,0,1.12425024,4,Typec,Toyota,Mail
2026-01-13 12:00:00,7.553354300175007,2.811305136169998,0.3721929389840566,0,0,4,0,1.12425024,4,Typec,Toyota,Mail
2026-01-13 13:00:00,7.553354300175007,1.7481405327239372,0.23143896913235404,0,0,4,0,1.12425024,4,Typec,Toyota,Mail
2026-01-13 14:00:00,7.553354300175007,2.2010101349140605,0.2913950607166758,0,0,4,0,1.12425024,4,Typec,Toyota,Mail
2026-01-13 15:00:00,7.553354300175007,2.7151137234328715,0.3594580123654419,0,0,4,0,1.12425024,4,Typec,Toyota,Mail
2026-01-13 16:00:00,7.553354300175007,1.6707380709853954,0.2211915401541121,0,0,4,0,1.12425024,4,Typec,Toyota,Mail
2026-01-13 17:00:00,7.553354300175007,3.653352502264262,0.4836728633502093,0,0,4,0,1.12425024,4,Typec,Toyota,Mail
2026-01-13 18:00:00,7.553354300175007,2.4955957936550757,0.3303957016285141,0,0,4,0,1.12425024,4,Typec,Toyota,Mail
2026-01-13 19:00:00,7.553354300175007,2.143290387218407,0.28375345602002916,0,0,4,0,1.12425024,4,Typec,Toyota,Mail
2026-01-13 20:00:00,7.553354300175007,2.899074162678632,0.38381281315129917,0,0,4,0,1.12425024,4,Typec,Toyota,Mail
2026-01-13 21:00:00,7.553354300175007,2.4104207734864618,0.3191192518839761,0,0,4,0,1.12425024,4,Typec,Toyota,Mail
2026-01-13 22:00:00,7.553354300175007,1.7978330653029886,0.23801783867881504,0,0,4,0,1.12425024,4,Typec,Toyota,Mail
2026-01-13 23:00:00,0.0,0.0,0.0,1,1,4,100,1.0,4,Typec,Toyota,Mail
2026-01-14 00:00:00,0.0,0.0,0.0,1,1,4,100,1.0,4,Typec,Toyota,Mail
2026-01-14 01:00:00,0.0,0.0,0.0,1,1,4,100,1.0,4,Typec,Toyota,Mail
2026-01-14 02:00:00,0.0,0.0,0.0,1,1,4,100,1.0,4,Typec,Toyota,Mail
2026-01-14 03:00:00,0.0,0.0,0.0,1,1,4,100,1.0,4,Typec,Toyota,Mail
2026-01-14 04:00:00,0.0,0.0,0.0,1,1,4,100,1.0,4,Typec,Toyota,Mail
2026-01-14 05:00:00,7.254334059160616,3.3160507188932105,0.4571130432993741,0,0,4,0,1.102475,4,Typec,Toyota,Mail
2026-01-14 06:00:00,7.254334059160616,1.43937048362831,0.19841524692548507,0,0,4,0,1.102475,4,Typec,Toyota,Mail
2026-01-14 07:00:00,7.254334059160616,0.9784842009773888,0.13488270501436037,0,0,4,0,1.102475,4,Typec,Toyota,Mail
2026-01-14 08:00:00,7.254334059160616,0.7997721941873102,0.11024750000000001,0,0,4,0,1.102475,4,Typec,Toyota,Mail
2026-01-14 09:00:00,7.254334059160616,2.644798086844488,0.3645817886625574,0,0,4,0,1.102475,4,Typec,Toyota,Mail
2026-01-14 10:00:00,7.254334059160616,0.8524124822241284,0.11750389150437873,0,0,4,0,1.102475,4,Typec,Toyota,Mail
2026-01-14 11:00:00,7.254334059160616,2.3370570142244578,0.3221601038999952,0,0,4,0,1.102475,4,Typec,Toyota,Mail
2026-01-14 12:00:00,7.254334059160616,2.0658626633283363,0.28477633459953633,0,0,4,0,1.102475,4,Typec,Toyota,Mail
2026-01-14 13:00:00,7.254334059160616,1.0665495498856672,0.14702239257080413,0,0,4,0,1.102475,4,Typec,Toyota,Mail
2026-01-14 14:00:00,7.254334059160616,3.0243144545921763,0.4168975994113667,0,0,4,0,1.102475,4,Typec,Toyota,Mail
2026-01-14 15:00:00,7.254334059160616,0.7997721941873102,0.11024750000000001,0,0,4,0,1.102475,4,Typec,Toyota,Mail
2026-01-14 16:00:00,7.254334059160616,3.5989748738428955,0.4961137500000001,0,0,4,0,1.102475,4,Typec,Toyota,Mail
2026-01-14 17:00:00,7.254334059160616,2.733870352164742,0.37686027826530405,0,0,4,0,1.102475,4,Typec,Toyota,Mail
2026-01-14 18:00:00,7.254334059160616,1.5835398270350922,0.21828879317122601,0,0,4,0,1.102475,4,Typec,Toyota,Mail
2026-01-14 19:00:00,7.254334059160616,0.7997721941873102,0.11024750000000001,0,0,4,0,1.102475,4,Typec,Toyota,Mail
2026-01-14 20:00:00,7.254334059160616,1.9074517552890116,0.2629396082029505,0,0,4,0,1.102475,4,Typec,Toyota,Mail
2026-01-14 21:00:00,7.254334059160616,1.8377357806305554,0.2533293567188159,0,0,4,0,1.102475,4,Typec,Toyota,Mail
2026-01-14 22:00:00,7.254334059160616,2.3503639650685995,0.32399444882202677,0,0,4,0,1.102475,4,Typec,Toyota,Mail
2026-01-14 23:00:00,0.0,0.0,0.0,1,1,4,100,1.0,4,Typec,Toyota,Mail
2026-01-01 00:00:00,0.0,0.0,0.0,1,1,5,100,1.0,5,Typec,Toyota,Mail
2026-01-01 01:00:00,0.0,0.0,0.0,1,1,5,100,1.0,5,Typec,Toyota,Mail
2026-01-01 02:00:00,0.0,0.0,0.0,1,1,5,100,1.0,5,Typec,Toyota,Mail
2026-01-01 03:00:00,0.0,0.0,0.0,1,1,5,100,1.0,5,Typec,Toyota,Mail
2026-01-01 04:00:00,0.0,0.0,0.0,1,1,5,100,1.0,5,Typec,Toyota,Mail
2026-01-01 05:00:00,8.710866907995223,0.9869214282482549,0.11329772784640002,0,0,5,0,1.1329772784640002,5,Typec,Toyota,Mail
2026-01-01 06:00:00,8.710866907995223,3.1651527310151244,0.36335680070028453,0,0,5,0,1.1329772784640002,5,Typec,Toyota,Mail
2026-01-01 07:00:00,8.710866907995223,1.4582830840116525,0.16740963895030642,0,0,5,0,1.1329772784640002,5,Typec,Toyota,Mail
2026-01-01 08:00:00,8.710866907995223,1.8216527841797387,0.20912416679305987,0,0,5,0,1.1329772784640002,5,Typec,Toyota,Mail
2026-01-01 09:00:00,8.710866907995223,3.2009047691585426,0.36746110381052993,0,0,5,0,1.1329772784640002,5,Typec,Toyota,Mail
2026-01-01 10:00:00,8.710866907995223,3.9475741741380737,0.45317810682135595,0,0,5,0,1.1329772784640002,5,Typec,Toyota,Mail
2026-01-01 11:00:00,8.710866907995223,3.662586540497826,0.420461772540244,0,0,5,0,1.1329772784640002,5,Typec,Toyota,Mail
2026-01-01 12:00:00,8.710866907995223,3.5744344123503495,0.4103419843402238,0,0,5,0,1.1329772784640002,5,Typec,Toyota,Mail
2026-01-01 13:00:00,8.710866907995223,1.441518810825297,0.16548511486293133,0,0,5,0,1.1329772784640002,5,Typec,Toyota,Mail
2026-01-01 14:00:00,8.710866907995223,2.351879690452521,0.2699937578306771,0,0,5,0,1.1329772784640002,5,Typec,Toyota,Mail
2026-01-01 15:00:00,8.710866907995223,1.990435680020669,0.22850029750698614,0,0,5,0,1.1329772784640002,5,Typec,Toyota,Mail
2026-01-01 16:00:00,8.710866907995223,3.874132973089662,0.44474712035076663,0,0,5,0,1.1329772784640002,5,Typec,Toyota,Mail
2026-01-01 17:00:00,8.710866907995223,1.5269789233208737,0.17529586199042305,0,0,5,0,1.1329772784640002,5,Typec,Toyota,Mail
2026-01-01 18:00:00,8.710866907995223,3.3965782897898853,0.3899242550327975,0,0,5,0,1.1329772784640002,5,Typec,Toyota,Mail
2026-01-01 19:00:00,8.710866907995223,0.9869214282482549,0.11329772784640002,0,0,5,0,1.1329772784640002,5,Typec,Toyota,Mail
2026-01-01 20:00:00,8.710866907995223,2.66073440151438,0.30545001199274885,0,0,5,0,1.1329772784640002,5,Typec,Toyota,Mail
2026-01-01 21:00:00,8.710866907995223,4.197834488558048,0.4819077748398483,0,0,5,0,1.1329772784640002,5,Typec,Toyota,Mail
2026-01-01 22:00:00,8.710866907995223,1.0878204995443779,0.12488085411406386,0,0,5,0,1.1329772784640002,5,Typec,Toyota,Mail
2026-01-01 23:00:00,0.0,0.0,0.0,1,1,5,100,1.0,5,Typec,Toyota,Mail
2026-01-02 00:00:00,0.0,0.0,0.0,1,1,5,100,1.0,5,Typec,Toyota,Mail
2026-01-02 01:00:00,0.0,0.0,0.0,1,1,5,100,1.0,5,Typec,Toyota,Mail
2026-01-02 02:00:00,0.0,0.0,0.0,1,1,5,100,1.0,5,Typec,Toyota,Mail
2026-01-02 03:00:00,0.0,0.0,0.0,1,1,5,100,1.0,5,Typec,Toyota,Mail
2026-01-02 04:00:00,0.0,0.0,0.0,1,1,5,100,1.0,5,Typec,Toyota,Mail
2026-01-02 05:00:00,5.752415304787446,0.8318396114818554,0.1446070159067891,0,0,5,0,1.23259004,5,Typec,Toyota,Mail
2026-01-02 06:00:00,5.752415304787446,0.709036981062457,0.123259004,0,0,5,0,1.23259004,5,Typec,Toyota,Mail
2026-01-02 07:00:00,5.752415304787446,2.2372676435382277,0.38892665515236047,0,0,5,0,1.23259004,5,Typec,Toyota,Mail
2026-01-02 08:00:00,5.752415304787446,1.4193370597009778,0.2467375849097222,0,0,5,0,1.23259004,5,Typec,Toyota,Mail
2026-01-02 09:00:00,5.752415304787446,2.4255123105607517,0.4216511121062695,0,0,5,0,1.23259004,5,Typec,Toyota,Mail
2026-01-02 10:00:00,5.752415304787446,2.365593666526099,0.4112348537417551,0,0,5,0,1.23259004,5,Typec,Toyota,Mail
2026-01-02 11:00:00,5.752415304787446,2.681417975780719,0.46613775843846145,0,0,5,0,1.23259004,5,Typec,Toyota,Mail
2026-01-02 12:00:00,5.752415304787446,1.2389418797626879,0.21537768295894402,0,0,5,0,1.23259004,5,Typec,Toyota,Mail
2026-01-02 13:00:00,5.752415304787446,1.6767505495955803,0.2914863515157025,0,0,5,0,1.23259004,5,Typec,Toyota,Mail
2026-01-02 14:00:00,5.752415304787446,2.542717453552559,0.44202605667855444,0,0,5,0,1.23259004,5,Typec,Toyota,Mail
2026-01-02 15:00:00,5.752415304787446,2.2755545880339034,0.3955824584049198,0,0,5,0,1.23259004,5,Typec,Toyota,Mail
2026-01-02 16:00:00,5.752415304787446,1.5807052749595638,0.27478983891236475,0,0,5,0,1.23259004,5,Typec,Toyota,Mail
2026-01-02 17:00:00,5.752415304787446,2.7525713041025948,0.47850705456050224,0,0,5,0,1.23259004,5,Typec,Toyota,Mail
2026-01-02 18:00:00,5.752415304787446,1.1890071031460092,0.2066970203205701,0,0,5,0,1.23259004,5,Typec,Toyota,Mail
2026-01-02 19:00:00,5.752415304787446,2.441927337665742,0.42450470077037883,0,0,5,0,1.23259004,5,Typec,Toyota,Mail
2026-01-02 20:00:00,5.752415304787446,2.7602284649748414,0.47983817557081493,0,0,5,0,1.23259004,5,Typec,Toyota,Mail
2026-01-02 21:00:00,5.752415304787446,0.709036981062457,0.123259004,0,0,5,0,1.23259004,5,Typec,Toyota,Mail
2026-01-02 22:00:00,5.752415304787446,2.0202323399072566,0.35119723331274755,0,0,5,0,1.23259004,5,Typec,Toyota,Mail
2026-01-02 23:00:00,0.0,0.0,0.0,1,1,5,100,1.0,5,Typec,Toyota,Mail
2026-01-03 00:00:00,0.0,0.0,0.0,1,1,5,100,1.0,5,Typec,Toyota,Mail
2026-01-03 01:00:00,0.0,0.0,0.0,1,1,5,100,1.0,5,Typec,Toyota,Mail
2026-01-03 02:00:00,0.0,0.0,0.0,1,1,5,100,1.0,5,Typec,Toyota,Mail
2026-01-03 03:00:00,0.0,0.0,0.0,1,1,5,100,1.0,5,Typec,Toyota,Mail
2026-01-03 04:00:00,0.0,0.0,0.0,1,1,5,100,1.0,5,Typec,Toyota,Mail
2026-01-03 05:00:00,2.499430509284016,1.1069565416398175,0.4428835038734143,0,0,5,0,1.209049010004,5,Typec,Toyota,Mail
2026-01-03 06:00:00,2.499430509284016,0.859311974215714,0.3438031067572555,0,0,5,0,1.209049010004,5,Typec,Toyota,Mail
2026-01-03 07:00:00,2.499430509284016,0.6210663572364561,0.24848314643257116,0,0,5,0,1.209049010004,5,Typec,Toyota,Mail
2026-01-03 08:00:00,2.499430509284016,0.3509579810307457,0.1404151784685067,0,0,5,0,1.209049010004,5,Typec,Toyota,Mail
2026-01-03 09:00:00,2.499430509284016,0.617976136120759,0.2472467763457779,0,0,5,0,1.209049010004,5,Typec,Toyota,Mail
2026-01-03 10:00:00,2.499430509284016,0.3021933982823633,0.1209049010004,0,0,5,0,1.209049010004,5,Typec,Toyota,Mail
2026-01-03 11:00:00,2.499430509284016,0.5095251600775312,0.20385650178507633,0,0,5,0,1.209049010004,5,Typec,Toyota,Mail
2026-01-03 12:00:00,2.499430509284016,0.5060695982083359,0.2024739620999921,0,0,5,0,1.209049010004,5,Typec,Toyota,Mail
2026-01-03 13:00:00,2.499430509284016,0.8273033984838031,0.3309967592260813,0,0,5,0,1.209049010004,5,Typec,Toyota,Mail
2026-01-03 14:00:00,2.499430509284016,1.3082429271248428,0.5234164031628151,0,0,5,0,1.209049010004,5,Typec,Toyota,Mail
2026-01-03 15:00:00,2.499430509284016,0.5917508812954131,0.23675428426490858,0,0,5,0,1.209049010004,5,Typec,Toyota,Mail
2026-01-03 16:00:00,2.499430509284016,0.3021933982823633,0.1209049010004,0,0,5,0,1.209049010004,5,Typec,Toyota,Mail
2026-01-03 17:00:00,2.499430509284016,0.41200859590114997,0.16484098852549153,0,0,5,0,1.209049010004,5,Typec,Toyota,Mail
2026-01-03 18:00:00,2.499430509284016,0.9668193689336423,0.3868158627905187,0,0,5,0,1.209049010004,5,Typec,Toyota,Mail
2026-01-03 19:00:00,2.499430509284016,1.082449673907016,0.4330785232421177,0,0,5,0,1.209049010004,5,Typec,Toyota,Mail
2026-01-03 20:00:00,2.499430509284016,0.3214774271546505,0.12862027008173973,0,0,5,0,1.209049010004,5,Typec,Toyota,Mail
2026-01-03 21:00:00,2.499430509284016,1.0780595002727895,0.43132205367118176,0,0,5,0,1.209049010004,5,Typec,Toyota,Mail
2026-01-03 22:00:00,0.0,0.0,0.0,1,1,5,100,1.0,5,Typec,Toyota,Mail
2026-01-03 23:00:00,0.0,0.0,0.0,1,1,5,100,1.0,5,Typec,Toyota,Mail
2026-01-04 00:00:00,0.0,0.0,0.0,1,1,5,100,1.0,5,Typec,Toyota,Mail
2026-01-04 01:00:00,0.0,0.0,0.0,1,1,5,100,1.0,5,Typec,Toyota,Mail
2026-01-04 02:00:00,0.0,0.0,0.0,1,1,5,100,1.0,5,Typec,Toyota,Mail
2026-01-04 03:00:00,0.0,0.0,0.0,1,1,5,100,1.0,5,Typec,Toyota,Mail
2026-01-04 04:00:00,0.0,0.0,0.0,1,1,5,100,1.0,5,Typec,Toyota,Mail
2026-01-04 05:00:00,5.766516888446631,2.3952655400919824,0.4153747550607127,0,0,5,0,1.3050301525,5,Typec,Toyota,Mail
2026-01-04 06:00:00,5.766516888446631,2.163791333333863,0.3752336766183892,0,0,5,0,1.3050301525,5,Typec,Toyota,Mail
2026-01-04 07:00:00,5.766516888446631,1.6680258929707101,0.28926055801772543,0,0,5,0,1.3050301525,5,Typec,Toyota,Mail
2026-01-04 08:00:00,5.766516888446631,2.0776194761154936,0.3602901918622764,0,0,5,0,1.3050301525,5,Typec,Toyota,Mail
2026-01-04 09:00:00,5.766516888446631,1.1078960372282056,0.19212569019747514,0,0,5,0,1.3050301525,5,Typec,Toyota,Mail
2026-01-04 10:00:00,5.766516888446631,2.3340877964547007,0.404765622230485,0,0,5,0,1.3050301525,5,Typec,Toyota,Mail
2026-01-04 11:00:00,5.766516888446631,1.9873270443981854,0.3446321380554434,0,0,5,0,1.3050301525,5,Typec,Toyota,Mail
2026-01-04 12:00:00,5.766516888446631,3.3864652864455,0.5872635686250001,0,0,5,0,1.3050301525,5,Typec,Toyota,Mail
2026-01-04 13:00:00,5.766516888446631,1.9122083634775098,0.33160543885836347,0,0,5,0,1.3050301525,5,Typec,Toyota,Mail
2026-01-04 14:00:00,5.766516888446631,2.8203254621484586,0.48908648265629034,0,0,5,0,1.3050301525,5,Typec,Toyota,Mail
2026-01-04 15:00:00,5.766516888446631,0.9607879508653989,0.16661495482487237,0,0,5,0,1.3050301525,5,Typec,Toyota,Mail
2026-01-04 16:00:00,5.766516888446631,0.7525478414323333,0.13050301525000002,0,0,5,0,1.3050301525,5,Typec,Toyota,Mail
2026-01-04 17:00:00,5.766516888446631,2.7884413520321716,0.4835573026099842,0,0,5,0,1.3050301525,5,Typec,Toyota,Mail
2026-01-04 18:00:00,5.766516888446631,2.6589942066101333,0.46110923769901696,0,0,5,0,1.3050301525,5,Typec,Toyota,Mail
2026-01-04 19:00:00,5.766516888446631,0.7525478414323333,0.13050301525000002,0,0,5,0,1.3050301525,5,Typec,Toyota,Mail
2026-01-04 20:00:00,5.766516888446631,3.3864652864455,0.5872635686250001,0,0,5,0,1.3050301525,5,Typec,Toyota,Mail
2026-01-04 21:00:00,5.766516888446631,0.7525478414323333,0.13050301525000002,0,0,5,0,1.3050301525,5,Typec,Toyota,Mail
2026-01-04 22:00:00,5.766516888446631,0.7525478414323333,0.13050301525000002,0,0,5,0,1.3050301525,5,Typec,Toyota,Mail
2026-01-04 23:00:00,0.0,0.0,0.0,1,1,5,100,1.0,5,Typec,Toyota,Mail
2026-01-05 00:00:00,0.0,0.0,0.0,1,1,5,100,1.0,5,Typec,Toyota,Mail
2026-01-05 01:00:00,0.0,0.0,0.0,1,1,5,100,1.0,5,Typec,Toyota,Mail
2026-01-05 02:00:00,0.0,0.0,0.0,1,1,5,100,1.0,5,Typec,Toyota,Mail
2026-01-05 03:00:00,0.0,0.0,0.0,1,1,5,100,1.0,5,Typec,Toyota,Mail
2026-01-05 04:00:00,0.0,0.0,0.0,1,1,5,100,1.0,5,Typec,Toyota,Mail
2026-01-05 05:00:00,7.314289774836941,0.8968764418427345,0.12261975796040002,0,0,5,0,1.226197579604,5,Typec,Toyota,Mail
2026-01-05 06:00:00,7.314289774836941,0.8968764418427345,0.12261975796040002,0,0,5,0,1.226197579604,5,Typec,Toyota,Mail
2026-01-05 07:00:00,7.314289774836941,4.0359439882923045,0.5517889108218,0,0,5,0,1.226197579604,5,Typec,Toyota,Mail
2026-01-05 08:00:00,7.314289774836941,2.5024705567189423,0.34213445648928104,0,0,5,0,1.226197579604,5,Typec,Toyota,Mail
2026-01-05 09:00:00,7.314289774836941,2.2133551231220525,0.3026069777460239,0,0,5,0,1.226197579604,5,Typec,Toyota,Mail
2026-01-05 10:00:00,7.314289774836941,2.3647216271888083,0.3233016054852059,0,0,5,0,1.226197579604,5,Typec,Toyota,Mail
2026-01-05 11:00:00,7.314289774836941,2.1262929592333992,0.29070395413487715,0,0,5,0,1.226197579604,5,Typec,Toyota,Mail
2026-01-05 12:00:00,7.314289774836941,3.634055193588187,0.4968432076741452,0,0,5,0,1.226197579604,5,Typec,Toyota,Mail
2026-01-05 13:00:00,7.314289774836941,1.8770510047730204,0.25662792459092393,0,0,5,0,1.226197579604,5,Typec,Toyota,Mail
2026-01-05 14:00:00,7.314289774836941,3.502053387849216,0.4787960958146874,0,0,5,0,1.226197579604,5,Typec,Toyota,Mail
2026-01-05 15:00:00,7.314289774836941,3.126495619165338,0.42745033563221624,0,0,5,0,1.226197579604,5,Typec,Toyota,Mail
2026-01-05 16:00:00,7.314289774836941,3.0787875712051505,0.42092775457119297,0,0,5,0,1.226197579604,5,Typec,Toyota,Mail
2026-01-05 17:00:00,7.314289774836941,2.812132236933832,0.3844709908278858,0,0,5,0,1.226197579604,5,Typec,Toyota,Mail
2026-01-05 18:00:00,7.314289774836941,0.8968764418427345,0.12261975796040002,0,0,5,0,1.226197579604,5,Typec,Toyota,Mail
2026-01-05 19:00:00,7.314289774836941,1.5426851817965601,0.21091387260917643,0,0,5,0,1.226197579604,5,Typec,Toyota,Mail
2026-01-05 20:00:00,7.314289774836941,0.8968764418427345,0.12261975796040002,0,0,5,0,1.226197579604,5,Typec,Toyota,Mail
2026-01-05 21:00:00,7.314289774836941,4.0359439882923045,0.5517889108218,0,0,5,0,1.226197579604,5,Typec,Toyota,Mail
2026-01-05 22:00:00,7.314289774836941,2.3393885145919926,0.31983809592013945,0,0,5,0,1.226197579604,5,Typec,Toyota,Mail
2026-01-05 23:00:00,0.0,0.0,0.0,1,1,5,100,1.0,5,Typec,Toyota,Mail
2026-01-06 00:00:00,0.0,0.0,0.0,1,1,5,100,1.0,5,Typec,Toyota,Mail
2026-01-06 01:00:00,0.0,0.0,0.0,1,1,5,100,1.0,5,Typec,Toyota,Mail
2026-01-06 02:00:00,0.0,0.0,0.0,1,1,5,100,1.0,5,Typec,Toyota,Mail
2026-01-06 03:00:00,0.0,0.0,0.0,1,1,5,100,1.0,5,Typec,Toyota,Mail
2026-01-06 04:00:00,4.725039831089288,1.8038055087910345,0.3817545615007427,0,0,5,0,1.3306301459840002,5,Typec,Toyota,Mail
2026-01-06 05:00:00,4.725039831089288,1.0696080553977323,0.22637016694759798,0,0,5,0,1.3306301459840002,5,Typec,Toyota,Mail
2026-01-06 06:00:00,4.725039831089288,0.6515948790177382,0.13790251560006905,0,0,5,0,1.3306301459840002,5,Typec,Toyota,Mail
2026-01-06 07:00:00,4.725039831089288,1.7786376944964744,0.3764280848583737,0,0,5,0,1.3306301459840002,5,Typec,Toyota,Mail
2026-01-06 08:00:00,4.725039831089288,1.2659352288754209,0.2679205412292955,0,0,5,0,1.3306301459840002,5,Typec,Toyota,Mail
2026-01-06 09:00:00,4.725039831089288,2.8292761981001493,0.5987835656928001,0,0,5,0,1.3306301459840002,5,Typec,Toyota,Mail
2026-01-06 10:00:00,4.725039831089288,2.1644628057209894,0.4580835047102671,0,0,5,0,1.3306301459840002,5,Typec,Toyota,Mail
2026-01-06 11:00:00,4.725039831089288,0.6287280440222556,0.13306301459840003,0,0,5,0,1.3306301459840002,5,Typec,Toyota,Mail
2026-01-06 12:00:00,4.725039831089288,0.9834804903372357,0.20814226450880707,0,0,5,0,1.3306301459840002,5,Typec,Toyota,Mail
2026-01-06 13:00:00,4.725039831089288,0.6287280440222556,0.13306301459840003,0,0,5,0,1.3306301459840002,5,Typec,Toyota,Mail
2026-01-06 14:00:00,4.725039831089288,1.2550293879720116,0.26561244620930174,0,0,5,0,1.3306301459840002,5,Typec,Toyota,Mail
2026-01-06 15:00:00,4.725039831089288,1.422477767830933,0.3010509580197554,0,0,5,0,1.3306301459840002,5,Typec,Toyota,Mail
2026-01-06 16:00:00,4.725039831089288,1.3093282526012888,0.27710417253761915,0,0,5,0,1.3306301459840002,5,Typec,Toyota,Mail
2026-01-06 17:00:00,4.725039831089288,1.5464475900920622,0.3272877362677283,0,0,5,0,1.3306301459840002,5,Typec,Toyota,Mail
2026-01-06 18:00:00,4.725039831089288,2.8292761981001493,0.5987835656928001,0,0,5,0,1.3306301459840002,5,Typec,Toyota,Mail
2026-01-06 19:00:00,4.725039831089288,2.7868446331031875,0.5898034159980239,0,0,5,0,1.3306301459840002,5,Typec,Toyota,Mail
2026-01-06 20:00:00,4.725039831089288,2.7458953797770675,0.5811369804144154,0,0,5,0,1.3306301459840002,5,Typec,Toyota,Mail
2026-01-06 21:00:00,4.725039831089288,2.5672567575854717,0.5433301833126831,0,0,5,0,1.3306301459840002,5,Typec,Toyota,Mail
2026-01-06 22:00:00,4.725039831089288,2.6700824987175666,0.5650920614783513,0,0,5,0,1.3306301459840002,5,Typec,Toyota,Mail
2026-01-06 23:00:00,0.0,0.0,0.0,1,1,5,100,1.0,5,Typec,Toyota,Mail
2026-01-07 00:00:00,0.0,0.0,0.0,1,1,5,100,1.0,5,Typec,Toyota,Mail
2026-01-07 01:00:00,0.0,0.0,0.0,1,1,5,100,1.0,5,Typec,Toyota,Mail
2026-01-07 02:00:00,0.0,0.0,0.0,1,1,5,100,1.0,5,Typec,Toyota,Mail
2026-01-07 03:00:00,0.0,0.0,0.0,1,1,5,100,1.0,5,Typec,Toyota,Mail
2026-01-07 04:00:00,0.0,0.0,0.0,1,1,5,100,1.0,5,Typec,Toyota,Mail
2026-01-07 05:00:00,8.213180848635263,3.1999025759066635,0.38960576113922696,0,0,5,0,1.282756305344,5,Typec,Toyota,Mail
2026-01-07 06:00:00,8.213180848635263,2.1300957006144627,0.2593508824255841,0,0,5,0,1.282756305344,5,Typec,Toyota,Mail
2026-01-07 07:00:00,8.213180848635263,2.1551048026011954,0.26239587832274464,0,0,5,0,1.282756305344,5,Typec,Toyota,Mail
2026-01-07 08:00:00,8.213180848635263,2.7103182015615186,0.3299961673207131,0,0,5,0,1.282756305344,5,Typec,Toyota,Mail
2026-01-07 09:00:00,8.213180848635263,1.053550952051747,0.12827563053440003,0,0,5,0,1.282756305344,5,Typec,Toyota,Mail
2026-01-07 10:00:00,8.213180848635263,2.389915836919899,0.29098541490377844,0,0,5,0,1.282756305344,5,Typec,Toyota,Mail
2026-01-07 11:00:00,8.213180848635263,4.726284903735823,0.5754512156543055,0,0,5,0,1.282756305344,5,Typec,Toyota,Mail
2026-01-07 12:00:00,8.213180848635263,2.8291247990999917,0.34446152486342624,0,0,5,0,1.282756305344,5,Typec,Toyota,Mail
2026-01-07 13:00:00,8.213180848635263,4.497655222637662,0.5476142928698583,0,0,5,0,1.282756305344,5,Typec,Toyota,Mail
2026-01-07 14:00:00,8.213180848635263,2.633522791322263,0.3206459031959415,0,0,5,0,1.282756305344,5,Typec,Toyota,Mail
2026-01-07 15:00:00,8.213180848635263,2.6132085501074025,0.3181725324533216,0,0,5,0,1.282756305344,5,Typec,Toyota,Mail
2026-01-07 16:00:00,8.213180848635263,1.2424453846790746,0.15127456798732547,0,0,5,0,1.282756305344,5,Typec,Toyota,Mail
2026-01-07 17:00:00,8.213180848635263,1.053550952051747,0.12827563053440003,0,0,5,0,1.282756305344,5,Typec,Toyota,Mail
2026-01-07 18:00:00,8.213180848635263,4.69108465901025,0.5711653920039689,0,0,5,0,1.282756305344,5,Typec,Toyota,Mail
2026-01-07 19:00:00,8.213180848635263,2.0936770852806217,0.2549167154438729,0,0,5,0,1.282756305344,5,Typec,Toyota,Mail
2026-01-07 20:00:00,8.213180848635263,4.7409792842328615,0.5772403374048001,0,0,5,0,1.282756305344,5,Typec,Toyota,Mail
2026-01-07 21:00:00,8.213180848635263,1.053550952051747,0.12827563053440003,0,0,5,0,1.282756305344,5,Typec,Toyota,Mail
2026-01-07 22:00:00,8.213180848635263,4.7409792842328615,0.5772403374048001,0,0,5,0,1.282756305344,5,Typec,Toyota,Mail
2026-01-07 23:00:00,0.0,0.0,0.0,1,1,5,100,1.0,5,Typec,Toyota,Mail
2026-01-08 00:00:00,0.0,0.0,0.0,1,1,5,100,1.0,5,Typec,Toyota,Mail
2026-01-08 01:00:00,0.0,0.0,0.0,1,1,5,100,1.0,5,Typec,Toyota,Mail
2026-01-08 02:00:00,0.0,0.0,0.0,1,1,5,100,1.0,5,Typec,Toyota,Mail
2026-01-08 03:00:00,0.0,0.0,0.0,1,1,5,100,1.0,5,Typec,Toyota,Mail
2026-01-08 04:00:00,0.0,0.0,0.0,1,1,5,100,1.0,5,Typec,Toyota,Mail
2026-01-08 05:00:00,8.370668423214838,0.9848804766221997,0.11765852221440001,0,0,5,0,1.176585222144,5,Typec,Toyota,Mail
2026-01-08 06:00:00,8.370668423214838,3.7128215882013547,0.44355138687663,0,0,5,0,1.176585222144,5,Typec,Toyota,Mail
2026-01-08 07:00:00,8.370668423214838,3.9618719681745005,0.47330413389530784,0,0,5,0,1.176585222144,5,Typec,Toyota,Mail
2026-01-08 08:00:00,8.370668423214838,2.774235488940474,0.3314234119280765,0,0,5,0,1.176585222144,5,Typec,Toyota,Mail
2026-01-08 09:00:00,8.370668423214838,4.068009666806393,0.485983849930593,0,0,5,0,1.176585222144,5,Typec,Toyota,Mail
2026-01-08 10:00:00,8.370668423214838,2.223478270536736,0.2656273260532266,0,0,5,0,1.176585222144,5,Typec,Toyota,Mail
2026-01-08 11:00:00,8.370668423214838,1.5594806727834627,0.18630300400604435,0,0,5,0,1.176585222144,5,Typec,Toyota,Mail
2026-01-08 12:00:00,8.370668423214838,3.3440369415727895,0.3994946129150913,0,0,5,0,1.176585222144,5,Typec,Toyota,Mail
2026-01-08 13:00:00,8.370668423214838,1.4211925519409552,0.1697824450911809,0,0,5,0,1.176585222144,5,Typec,Toyota,Mail
2026-01-08 14:00:00,8.370668423214838,3.1474872320381064,0.37601384655364034,0,0,5,0,1.176585222144,5,Typec,Toyota,Mail
2026-01-08 15:00:00,8.370668423214838,2.5559343398382883,0.305344114784164,0,0,5,0,1.176585222144,5,Typec,Toyota,Mail
2026-01-08 16:00:00,8.370668423214838,1.4869888884149998,0.17764278946840747,0,0,5,0,1.176585222144,5,Typec,Toyota,Mail
2026-01-08 17:00:00,8.370668423214838,3.7185769103541757,0.4442389451290701,0,0,5,0,1.176585222144,5,Typec,Toyota,Mail
2026-01-08 18:00:00,8.370668423214838,1.312272963173885,0.1567703911833953,0,0,5,0,1.176585222144,5,Typec,Toyota,Mail
2026-01-08 19:00:00,8.370668423214838,1.128750200229505,0.13484588603451064,0,0,5,0,1.176585222144,5,Typec,Toyota,Mail
2026-01-08 20:00:00,8.370668423214838,1.4678730896502261,0.175359124915197,0,0,5,0,1.176585222144,5,Typec,Toyota,Mail
2026-01-08 21:00:00,8.370668423214838,2.640408828078366,0.3154358403154011,0,0,5,0,1.176585222144,5,Typec,Toyota,Mail
2026-01-08 22:00:00,0.0,0.0,0.0,1,1,5,100,1.0,5,Typec,Toyota,Mail
2026-01-08 23:00:00,0.0,0.0,0.0,1,1,5,100,1.0,5,Typec,Toyota,Mail
2026-01-09 00:00:00,0.0,0.0,0.0,1,1,5,100,1.0,5,Typec,Toyota,Mail
2026-01-09 01:00:00,0.0,0.0,0.0,1,1,5,100,1.0,5,Typec,Toyota,Mail
2026-01-09 02:00:00,0.0,0.0,0.0,1,1,5,100,1.0,5,Typec,Toyota,Mail
2026-01-09 03:00:00,0.0,0.0,0.0,1,1,5,100,1.0,5,Typec,Toyota,Mail
2026-01-09 04:00:00,0.0,0.0,0.0,1,1,5,100,1.0,5,Typec,Toyota,Mail
2026-01-09 05:00:00,5.34219830742395,2.562289957175136,0.47963213076803435,0,0,5,0,1.137342385344,5,Typec,Toyota,Mail
2026-01-09 06:00:00,5.34219830742395,1.212318712330225,0.2269325552077483,0,0,5,0,1.137342385344,5,Typec,Toyota,Mail
2026-01-09 07:00:00,5.34219830742395,0.8300989429126611,0.15538527309236885,0,0,5,0,1.137342385344,5,Typec,Toyota,Mail
2026-01-09 08:00:00,5.34219830742395,0.6075908565946234,0.1137342385344,0,0,5,0,1.137342385344,5,Typec,Toyota,Mail
2026-01-09 09:00:00,5.34219830742395,1.9404729591606542,0.36323491706850647,0,0,5,0,1.137342385344,5,Typec,Toyota,Mail
2026-01-09 10:00:00,5.34219830742395,0.8825440468487343,0.16520241220216025,0,0,5,0,1.137342385344,5,Typec,Toyota,Mail
2026-01-09 11:00:00,5.34219830742395,2.302220380984893,0.43095000381875415,0,0,5,0,1.137342385344,5,Typec,Toyota,Mail
2026-01-09 12:00:00,5.34219830742395,2.057021074953836,0.385051425757676,0,0,5,0,1.137342385344,5,Typec,Toyota,Mail
2026-01-09 13:00:00,5.34219830742395,2.7341588546758056,0.5118040734047999,0,0,5,0,1.137342385344,5,Typec,Toyota,Mail
2026-01-09 14:00:00,5.34219830742395,0.6075908565946234,0.1137342385344,0,0,5,0,1.137342385344,5,Typec,Toyota,Mail
2026-01-09 15:00:00,5.34219830742395,2.145049019871032,0.40152927623261364,0,0,5,0,1.137342385344,5,Typec,Toyota,Mail
2026-01-09 16:00:00,5.34219830742395,1.9413856017794917,0.3634057535980245,0,0,5,0,1.137342385344,5,Typec,Toyota,Mail
2026-01-09 17:00:00,5.34219830742395,1.8445070767797018,0.34527117314541206,0,0,5,0,1.137342385344,5,Typec,Toyota,Mail
2026-01-09 18:00:00,5.34219830742395,0.8960004946251137,0.1677213092932097,0,0,5,0,1.137342385344,5,Typec,Toyota,Mail
2026-01-09 19:00:00,5.34219830742395,1.2743094843335314,0.2385365370212199,0,0,5,0,1.137342385344,5,Typec,Toyota,Mail
2026-01-09 20:00:00,5.34219830742395,1.258628548030242,0.23560124046334074,0,0,5,0,1.137342385344,5,Typec,Toyota,Mail
2026-01-09 21:00:00,5.34219830742395,1.8559881736538242,0.34742030655705786,0,0,5,0,1.137342385344,5,Typec,Toyota,Mail
2026-01-09 22:00:00,5.34219830742395,1.2615744754432043,0.23615268525131658,0,0,5,0,1.137342385344,5,Typec,Toyota,Mail
2026-01-09 23:00:00,0.0,0.0,0.0,1,1,5,100,1.0,5,Typec,Toyota,Mail
2026-01-10 00:00:00,0.0,0.0,0.0,1,1,5,100,1.0,5,Typec,Toyota,Mail
2026-01-10 01:00:00,0.0,0.0,0.0,1,1,5,100,1.0,5,Typec,Toyota,Mail
2026-01-10 02:00:00,0.0,0.0,0.0,1,1,5,100,1.0,5,Typec,Toyota,Mail
2026-01-10 03:00:00,0.0,0.0,0.0,1,1,5,100,1.0,5,Typec,Toyota,Mail
2026-01-10 04:00:00,6.284417268257227,3.1137293830516133,0.4954682749630822,0,0,5,0,1.18961004,5,Typec,Toyota,Mail
2026-01-10 05:00:00,6.284417268257227,2.2178834961996268,0.35291792405355077,0,0,5,0,1.18961004,5,Typec,Toyota,Mail
2026-01-10 06:00:00,6.284417268257227,3.3642026450406766,0.535324518,0,0,5,0,1.18961004,5,Typec,Toyota,Mail
2026-01-10 07:00:00,6.284417268257227,0.7476005877868172,0.11896100400000001,0,0,5,0,1.18961004,5,Typec,Toyota,Mail
2026-01-10 08:00:00,6.284417268257227,0.9929035413778348,0.157994528210757,0,0,5,0,1.18961004,5,Typec,Toyota,Mail
2026-01-10 09:00:00,6.284417268257227,1.644848356414466,0.2617344275852978,0,0,5,0,1.18961004,5,Typec,Toyota,Mail
2026-01-10 10:00:00,6.284417268257227,2.431814811395566,0.3869594757303486,0,0,5,0,1.18961004,5,Typec,Toyota,Mail
2026-01-10 11:00:00,6.284417268257227,1.3205020498144733,0.21012322916308682,0,0,5,0,1.18961004,5,Typec,Toyota,Mail
2026-01-10 12:00:00,6.284417268257227,1.531196200751638,0.24364967114544644,0,0,5,0,1.18961004,5,Typec,Toyota,Mail
2026-01-10 13:00:00,6.284417268257227,2.126997978505324,0.3384558802689395,0,0,5,0,1.18961004,5,Typec,Toyota,Mail
2026-01-10 14:00:00,6.284417268257227,2.907384703151957,0.46263393709345835,0,0,5,0,1.18961004,5,Typec,Toyota,Mail
2026-01-10 15:00:00,6.284417268257227,1.775708423164405,0.28255737125119934,0,0,5,0,1.18961004,5,Typec,Toyota,Mail
2026-01-10 16:00:00,6.284417268257227,2.705078340744123,0.4304421914196487,0,0,5,0,1.18961004,5,Typec,Toyota,Mail
2026-01-10 17:00:00,6.284417268257227,3.3642026450406766,0.535324518,0,0,5,0,1.18961004,5,Typec,Toyota,Mail
2026-01-10 18:00:00,6.284417268257227,2.9251861852434766,0.46546657555962695,0,0,5,0,1.18961004,5,Typec,Toyota,Mail
2026-01-10 19:00:00,6.284417268257227,2.6763794046189204,0.4258755092755203,0,0,5,0,1.18961004,5,Typec,Toyota,Mail
2026-01-10 20:00:00,6.284417268257227,3.3642026450406766,0.535324518,0,0,5,0,1.18961004,5,Typec,Toyota,Mail
2026-01-10 21:00:00,6.284417268257227,3.2504142635759585,0.5172180848006218,0,0,5,0,1.18961004,5,Typec,Toyota,Mail
2026-01-10 22:00:00,6.284417268257227,3.3642026450406766,0.535324518,0,0,5,0,1.18961004,5,Typec,Toyota,Mail
2026-01-10 23:00:00,0.0,0.0,0.0,1,1,5,100,1.0,5,Typec,Toyota,Mail
2026-01-11 00:00:00,0.0,0.0,0.0,1,1,5,100,1.0,5,Typec,Toyota,Mail
2026-01-11 01:00:00,0.0,0.0,0.0,1,1,5,100,1.0,5,Typec,Toyota,Mail
2026-01-11 02:00:00,0.0,0.0,0.0,1,1,5,100,1.0,5,Typec,Toyota,Mail
2026-01-11 03:00:00,0.0,0.0,0.0,1,1,5,100,1.0,5,Typec,Toyota,Mail
2026-01-11 04:00:00,0.0,0.0,0.0,1,1,5,100,1.0,5,Typec,Toyota,Mail
2026-01-11 05:00:00,1.7142857142857142,0.3032662790828881,0.17690532946501808,0,0,5,0,1.122069513044,5,Typec,Toyota,Mail
2026-01-11 06:00:00,1.7142857142857142,0.4077974358520091,0.23788183758033868,0,0,5,0,1.122069513044,5,Typec,Toyota,Mail
2026-01-11 07:00:00,1.7142857142857142,0.4578084355980432,0.26705492076552517,0,0,5,0,1.122069513044,5,Typec,Toyota,Mail
2026-01-11 08:00:00,1.7142857142857142,0.8526262109991245,0.4973652897494894,0,0,5,0,1.122069513044,5,Typec,Toyota,Mail
2026-01-11 09:00:00,1.7142857142857142,0.1923547736646857,0.1122069513044,0,0,5,0,1.122069513044,5,Typec,Toyota,Mail
2026-01-11 10:00:00,1.7142857142857142,0.8134986393617851,0.47454087296104136,0,0,5,0,1.122069513044,5,Typec,Toyota,Mail
2026-01-11 11:00:00,1.7142857142857142,0.6889617048430218,0.4018943278250961,0,0,5,0,1.122069513044,5,Typec,Toyota,Mail
2026-01-11 12:00:00,1.7142857142857142,0.1923547736646857,0.1122069513044,0,0,5,0,1.122069513044,5,Typec,Toyota,Mail
2026-01-11 13:00:00,1.7142857142857142,0.44055852484962693,0.25699247282894905,0,0,5,0,1.122069513044,5,Typec,Toyota,Mail
2026-01-11 14:00:00,1.7142857142857142,0.45938472307981154,0.2679744217965567,0,0,5,0,1.122069513044,5,Typec,Toyota,Mail
2026-01-11 15:00:00,1.7142857142857142,0.713246236798983,0.41606030479940675,0,0,5,0,1.122069513044,5,Typec,Toyota,Mail
2026-01-11 16:00:00,1.7142857142857142,0.5557805854643506,0.32420534152087116,0,0,5,0,1.122069513044,5,Typec,Toyota,Mail
2026-01-11 17:00:00,1.7142857142857142,0.8309401627785127,0.4847150949541324,0,0,5,0,1.122069513044,5,Typec,Toyota,Mail
2026-01-11 18:00:00,1.7142857142857142,0.4076230796432634,0.23778012979190366,0,0,5,0,1.122069513044,5,Typec,Toyota,Mail
2026-01-11 19:00:00,1.7142857142857142,0.8655964814910856,0.5049312808698,0,0,5,0,1.122069513044,5,Typec,Toyota,Mail
2026-01-11 20:00:00,1.7142857142857142,0.6949868688570398,0.40540900683327324,0,0,5,0,1.122069513044,5,Typec,Toyota,Mail
2026-01-11 21:00:00,1.7142857142857142,0.6325666739229754,0.368997226455069,0,0,5,0,1.122069513044,5,Typec,Toyota,Mail
2026-01-11 22:00:00,1.7142857142857142,0.8655964814910856,0.5049312808698,0,0,5,0,1.122069513044,5,Typec,Toyota,Mail
2026-01-11 23:00:00,0.0,0.0,0.0,1,1,5,100,1.0,5,Typec,Toyota,Mail
2026-01-12 00:00:00,0.0,0.0,0.0,1,1,5,100,1.0,5,Typec,Toyota,Mail
2026-01-12 01:00:00,0.0,0.0,0.0,1,1,5,100,1.0,5,Typec,Toyota,Mail
2026-01-12 02:00:00,0.0,0.0,0.0,1,1,5,100,1.0,5,Typec,Toyota,Mail
2026-01-12 03:00:00,0.0,0.0,0.0,1,1,5,100,1.0,5,Typec,Toyota,Mail
2026-01-12 04:00:00,0.0,0.0,0.0,1,1,5,100,1.0,5,Typec,Toyota,Mail
2026-01-12 05:00:00,7.3015523460729055,3.2740191678878294,0.44840042400692237,0,0,5,0,1.119889326784,5,Typec,Toyota,Mail
2026-01-12 06:00:00,7.3015523460729055,2.54318646938035,0.34830764046335805,0,0,5,0,1.119889326784,5,Typec,Toyota,Mail
2026-01-12 07:00:00,7.3015523460729055,3.6796187435947747,0.5039501970528,0,0,5,0,1.119889326784,5,Typec,Toyota,Mail
2026-01-12 08:00:00,7.3015523460729055,2.7928439689209945,0.38250002691867413,0,0,5,0,1.119889326784,5,Typec,Toyota,Mail
2026-01-12 09:00:00,7.3015523460729055,3.03727021942168,0.41597595627116973,0,0,5,0,1.119889326784,5,Typec,Toyota,Mail
2026-01-12 10:00:00,7.3015523460729055,2.490642745413114,0.3411114003384076,0,0,5,0,1.119889326784,5,Typec,Toyota,Mail
2026-01-12 11:00:00,7.3015523460729055,2.7032175830757716,0.37022505009221507,0,0,5,0,1.119889326784,5,Typec,Toyota,Mail
2026-01-12 12:00:00,7.3015523460729055,2.5074685854227634,0.34341581989361336,0,0,5,0,1.119889326784,5,Typec,Toyota,Mail
2026-01-12 13:00:00,7.3015523460729055,2.099318344242908,0.2875167149040592,0,0,5,0,1.119889326784,5,Typec,Toyota,Mail
2026-01-12 14:00:00,7.3015523460729055,3.233940217883657,0.4429113241409563,0,0,5,0,1.119889326784,5,Typec,Toyota,Mail
2026-01-12 15:00:00,7.3015523460729055,2.72458287168705,0.3731511797148794,0,0,5,0,1.119889326784,5,Typec,Toyota,Mail
2026-01-12 16:00:00,7.3015523460729055,2.816148213994916,0.3856917105455751,0,0,5,0,1.119889326784,5,Typec,Toyota,Mail
2026-01-12 17:00:00,7.3015523460729055,1.5100410285640118,0.20681095703931754,0,0,5,0,1.119889326784,5,Typec,Toyota,Mail
2026-01-12 18:00:00,7.3015523460729055,0.8176930541321722,0.1119889326784,0,0,5,0,1.119889326784,5,Typec,Toyota,Mail
2026-01-12 19:00:00,7.3015523460729055,2.6601508991448846,0.36432675862080616,0,0,5,0,1.119889326784,5,Typec,Toyota,Mail
2026-01-12 20:00:00,7.3015523460729055,1.5147367805015337,0.2074540739704791,0,0,5,0,1.119889326784,5,Typec,Toyota,Mail
2026-01-12 21:00:00,7.3015523460729055,3.1305620937686185,0.42875294805663783,0,0,5,0,1.119889326784,5,Typec,Toyota,Mail
2026-01-12 22:00:00,7.3015523460729055,2.0327178672631976,0.27839530156302755,0,0,5,0,1.119889326784,5,Typec,Toyota,Mail
2026-01-12 23:00:00,0.0,0.0,0.0,1,1,5,100,1.0,5,Typec,Toyota,Mail
2026-01-13 00:00:00,0.0,0.0,0.0,1,1,5,100,1.0,5,Typec,Toyota,Mail
2026-01-13 01:00:00,0.0,0.0,0.0,1,1,5,100,1.0,5,Typec,Toyota,Mail
2026-01-13 02:00:00,0.0,0.0,0.0,1,1,5,100,1.0,5,Typec,Toyota,Mail
2026-01-13 03:00:00,0.0,0.0,0.0,1,1,5,100,1.0,5,Typec,Toyota,Mail
2026-01-13 04:00:00,0.0,0.0,0.0,1,1,5,100,1.0,5,Typec,Toyota,Mail
2026-01-13 05:00:00,6.823789847414967,0.7671647373665841,0.11242502400000001,0,0,5,0,1.12425024,5,Typec,Toyota,Mail
2026-01-13 06:00:00,6.823789847414967,1.9588675751320288,0.28706446401981445,0,0,5,0,1.12425024,5,Typec,Toyota,Mail
2026-01-13 07:00:00,6.823789847414967,2.285939499450108,0.33499558904441973,0,0,5,0,1.12425024,5,Typec,Toyota,Mail
2026-01-13 08:00:00,6.823789847414967,0.985677283507068,0.14444719218316324,0,0,5,0,1.12425024,5,Typec,Toyota,Mail
2026-01-13 09:00:00,6.823789847414967,1.4447062893982436,0.21171611695303552,0,0,5,0,1.12425024,5,Typec,Toyota,Mail
2026-01-13 10:00:00,6.823789847414967,3.4522413181496288,0.505912608,0,0,5,0,1.12425024,5,Typec,Toyota,Mail
2026-01-13 11:00:00,6.823789847414967,1.6386540605155402,0.2401384124008898,0,0,5,0,1.12425024,5,Typec,Toyota,Mail
2026-01-13 12:00:00,6.823789847414967,3.303863344889093,0.4841683901125243,0,0,5,0,1.12425024,5,Typec,Toyota,Mail
2026-01-13 13:00:00,6.823789847414967,1.9222996809226145,0.28170558060940765,0,0,5,0,1.12425024,5,Typec,Toyota,Mail
2026-01-13 14:00:00,6.823789847414967,3.4522413181496288,0.505912608,0,0,5,0,1.12425024,5,Typec,Toyota,Mail
2026-01-13 15:00:00,6.823789847414967,3.4522413181496288,0.505912608,0,0,5,0,1.12425024,5,Typec,Toyota,Mail
2026-01-13 16:00:00,6.823789847414967,3.4522413181496288,0.505912608,0,0,5,0,1.12425024,5,Typec,Toyota,Mail
2026-01-13 17:00:00,6.823789847414967,3.4522413181496288,0.505912608,0,0,5,0,1.12425024,5,Typec,Toyota,Mail
2026-01-13 18:00:00,6.823789847414967,3.4522413181496288,0.505912608,0,0,5,0,1.12425024,5,Typec,Toyota,Mail
2026-01-13 19:00:00,6.823789847414967,2.202770797628403,0.32280753758307357,0,0,5,0,1.12425024,5,Typec,Toyota,Mail
2026-01-13 20:00:00,6.823789847414967,2.325666719606351,0.34081745944848746,0,0,5,0,1.12425024,5,Typec,Toyota,Mail
2026-01-13 21:00:00,6.823789847414967,1.0348095054863553,0.15164732921521148,0,0,5,0,1.12425024,5,Typec,Toyota,Mail
2026-01-13 22:00:00,6.823789847414967,1.0375522224716394,0.1520492637774728,0,0,5,0,1.12425024,5,Typec,Toyota,Mail
2026-01-13 23:00:00,0.0,0.0,0.0,1,1,5,100,1.0,5,Typec,Toyota,Mail
2026-01-14 00:00:00,0.0,0.0,0.0,1,1,5,100,1.0,5,Typec,Toyota,Mail
2026-01-14 01:00:00,0.0,0.0,0.0,1,1,5,100,1.0,5,Typec,Toyota,Mail
2026-01-14 02:00:00,0.0,0.0,0.0,1,1,5,100,1.0,5,Typec,Toyota,Mail
2026-01-14 03:00:00,0.0,0.0,0.0,1,1,5,100,1.0,5,Typec,Toyota,Mail
2026-01-14 04:00:00,0.0,0.0,0.0,1,1,5,100,1.0,5,Typec,Toyota,Mail
2026-01-14 05:00:00,6.023335559547757,2.1871921827667866,0.36311976331781937,0,0,5,0,1.102475,5,Typec,Toyota,Mail
2026-01-14 06:00:00,6.023335559547757,2.7526027163585467,0.4569897674047596,0,0,5,0,1.102475,5,Typec,Toyota,Mail
2026-01-14 07:00:00,6.023335559547757,1.766385088708495,0.2932569622339152,0,0,5,0,1.102475,5,Typec,Toyota,Mail
2026-01-14 08:00:00,6.023335559547757,1.6885571065399458,0.28033588529919556,0,0,5,0,1.102475,5,Typec,Toyota,Mail
2026-01-14 09:00:00,6.023335559547757,2.9882595919555865,0.4961137500000001,0,0,5,0,1.102475,5,Typec,Toyota,Mail
2026-01-14 10:00:00,6.023335559547757,2.3654965078740826,0.3927220199652447,0,0,5,0,1.102475,5,Typec,Toyota,Mail
2026-01-14 11:00:00,6.023335559547757,2.7034311062235745,0.44882624909354263,0,0,5,0,1.102475,5,Typec,Toyota,Mail
2026-01-14 12:00:00,6.023335559547757,2.9882595919555865,0.4961137500000001,0,0,5,0,1.102475,5,Typec,Toyota,Mail
2026-01-14 13:00:00,6.023335559547757,1.581016248838825,0.26248184800740715,0,0,5,0,1.102475,5,Typec,Toyota,Mail
2026-01-14 14:00:00,6.023335559547757,0.9737980939685115,0.16167090216730778,0,0,5,0,1.102475,5,Typec,Toyota,Mail
2026-01-14 15:00:00,6.023335559547757,0.6640576871012415,0.11024750000000001,0,0,5,0,1.102475,5,Typec,Toyota,Mail
2026-01-14 16:00:00,6.023335559547757,2.097801973993857,0.34827911433036013,0,0,5,0,1.102475,5,Typec,Toyota,Mail
2026-01-14 17:00:00,6.023335559547757,0.6640576871012415,0.11024750000000001,0,0,5,0,1.102475,5,Typec,Toyota,Mail
2026-01-14 18:00:00,6.023335559547757,0.6903479895692548,0.11461224146394516,0,0,5,0,1.102475,5,Typec,Toyota,Mail
2026-01-14 19:00:00,6.023335559547757,2.4372488190758843,0.40463440812500195,0,0,5,0,1.102475,5,Typec,Toyota,Mail
2026-01-14 20:00:00,6.023335559547757,2.861917703412341,0.47513834736898153,0,0,5,0,1.102475,5,Typec,Toyota,Mail
2026-01-14 21:00:00,6.023335559547757,2.6724787131487786,0.4436875028342988,0,0,5,0,1.102475,5,Typec,Toyota,Mail
2026-01-14 22:00:00,6.023335559547757,1.108292062357969,0.18399972098535744,0,0,5,0,1.102475,5,Typec,Toyota,Mail
2026-01-14 23:00:00,0.0,0.0,0.0,1,1,5,100,1.0,5,Typec,Toyota,Mail
2026-01-01 00:00:00,0.0,0.0,0.0,1,1,6,100,1.0,6,Typec,Toyota,Mail
2026-01-01 01:00:00,0.0,0.0,0.0,1,1,6,100,1.0,6,Typec,Toyota,Mail
2026-01-01 02:00:00,0.0,0.0,0.0,1,1,6,100,1.0,6,Typec,Toyota,Mail
2026-01-01 03:00:00,0.0,0.0,0.0,1,1,6,100,1.0,6,Typec,Toyota,Mail
2026-01-01 04:00:00,0.0,0.0,0.0,1,1,6,100,1.0,6,Typec,Toyota,Mail
2026-01-01 05:00:00,6.624314525358527,1.3395310129979812,0.20221428313376802,0,0,6,0,1.1329772784640002,6,Typec,Toyota,Mail
2026-01-01 06:00:00,6.624314525358527,0.750519784263025,0.11329772784640002,0,0,6,0,1.1329772784640002,6,Typec,Toyota,Mail
2026-01-01 07:00:00,6.624314525358527,2.5935567285149426,0.39152077072828473,0,0,6,0,1.1329772784640002,6,Typec,Toyota,Mail
2026-01-01 08:00:00,6.624314525358527,3.2232080918433375,0.486572320729123,0,0,6,0,1.1329772784640002,6,Typec,Toyota,Mail
2026-01-01 09:00:00,6.624314525358527,1.6674632952423571,0.25171861765608256,0,0,6,0,1.1329772784640002,6,Typec,Toyota,Mail
2026-01-01 10:00:00,6.624314525358527,0.750519784263025,0.11329772784640002,0,0,6,0,1.1329772784640002,6,Typec,Toyota,Mail
2026-01-01 11:00:00,6.624314525358527,2.6158661529966665,0.3948885794874132,0,0,6,0,1.1329772784640002,6,Typec,Toyota,Mail
2026-01-01 12:00:00,6.624314525358527,2.166630970980588,0.3270724786219784,0,0,6,0,1.1329772784640002,6,Typec,Toyota,Mail
2026-01-01 13:00:00,6.624314525358527,2.0840097224651433,0.31460005627561144,0,0,6,0,1.1329772784640002,6,Typec,Toyota,Mail
2026-01-01 14:00:00,6.624314525358527,2.991068189366529,0.4515287095617857,0,0,6,0,1.1329772784640002,6,Typec,Toyota,Mail
2026-01-01 15:00:00,6.624314525358527,3.377339029183612,0.5098397753088001,0,0,6,0,1.1329772784640002,6,Typec,Toyota,Mail
2026-01-01 16:00:00,6.624314525358527,0.826588625264074,0.12478100520435909,0,0,6,0,1.1329772784640002,6,Typec,Toyota,Mail
2026-01-01 17:00:00,6.624314525358527,0.8501799734044696,0.12834233189711886,0,0,6,0,1.1329772784640002,6,Typec,Toyota,Mail
2026-01-01 18:00:00,6.624314525358527,2.2208962123923253,0.335264306048651,0,0,6,0,1.1329772784640002,6,Typec,Toyota,Mail
2026-01-01 19:00:00,6.624314525358527,1.6774397676910193,0.25322465611643513,0,0,6,0,1.1329772784640002,6,Typec,Toyota,Mail
2026-01-01 20:00:00,6.624314525358527,3.377339029183612,0.5098397753088001,0,0,6,0,1.1329772784640002,6,Typec,Toyota,Mail
2026-01-01 21:00:00,6.624314525358527,1.3239711515874815,0.1998653817718331,0,0,6,0,1.1329772784640002,6,Typec,Toyota,Mail
2026-01-01 22:00:00,6.624314525358527,0.9106789756979322,0.13747520173019617,0,0,6,0,1.1329772784640002,6,Typec,Toyota,Mail
2026-01-01 23:00:00,0.0,0.0,0.0,1,1,6,100,1.0,6,Typec,Toyota,Mail
2026-01-02 00:00:00,0.0,0.0,0.0,1,1,6,100,1.0,6,Typec,Toyota,Mail
2026-01-02 01:00:00,0.0,0.0,0.0,1,1,6,100,1.0,6,Typec,Toyota,Mail
2026-01-02 02:00:00,0.0,0.0,0.0,1,1,6,100,1.0,6,Typec,Toyota,Mail
2026-01-02 03:00:00,0.0,0.0,0.0,1,1,6,100,1.0,6,Typec,Toyota,Mail
2026-01-02 04:00:00,0.0,0.0,0.0,1,1,6,100,1.0,6,Typec,Toyota,Mail
2026-01-02 05:00:00,6.624115356621134,2.0401506563277954,0.30798839490145097,0,0,6,0,1.23259004,6,Typec,Toyota,Mail
2026-01-02 06:00:00,6.624115356621134,1.7345285140698865,0.26185058995630844,0,0,6,0,1.23259004,6,Typec,Toyota,Mail
2026-01-02 07:00:00,6.624115356621134,0.8164818612382259,0.123259004,0,0,6,0,1.23259004,6,Typec,Toyota,Mail
2026-01-02 08:00:00,6.624115356621134,3.5551174240053482,0.5366931631786621,0,0,6,0,1.23259004,6,Typec,Toyota,Mail
2026-01-02 09:00:00,6.624115356621134,0.8164818612382259,0.123259004,0,0,6,0,1.23259004,6,Typec,Toyota,Mail
2026-01-02 10:00:00,6.624115356621134,0.8164818612382259,0.123259004,0,0,6,0,1.23259004,6,Typec,Toyota,Mail
2026-01-02 11:00:00,6.624115356621134,1.750997649189171,0.2643368291343177,0,0,6,0,1.23259004,6,Typec,Toyota,Mail
2026-01-02 12:00:00,6.624115356621134,1.7727875896640957,0.2676263160018954,0,0,6,0,1.23259004,6,Typec,Toyota,Mail
2026-01-02 13:00:00,6.624115356621134,2.1780109855218615,0.32880028022833735,0,0,6,0,1.23259004,6,Typec,Toyota,Mail
2026-01-02 14:00:00,6.624115356621134,2.9334475974600074,0.44284367640546596,0,0,6,0,1.23259004,6,Typec,Toyota,Mail
2026-01-02 15:00:00,6.624115356621134,1.0747971861880201,0.16225520364975324,0,0,6,0,1.23259004,6,Typec,Toyota,Mail
2026-01-02 16:00:00,6.624115356621134,2.303205755909886,0.34770012777747245,0,0,6,0,1.23259004,6,Typec,Toyota,Mail
2026-01-02 17:00:00,6.624115356621134,3.2982109175349383,0.49790964377427577,0,0,6,0,1.23259004,6,Typec,Toyota,Mail
2026-01-02 18:00:00,6.624115356621134,3.322043443572731,0.5015074866189011,0,0,6,0,1.23259004,6,Typec,Toyota,Mail
2026-01-02 19:00:00,6.624115356621134,3.5267667185940366,0.5324132399157054,0,0,6,0,1.23259004,6,Typec,Toyota,Mail
2026-01-02 20:00:00,6.624115356621134,0.8872324422536537,0.13393976319672946,0,0,6,0,1.23259004,6,Typec,Toyota,Mail
2026-01-02 21:00:00,6.624115356621134,0.8164818612382259,0.123259004,0,0,6,0,1.23259004,6,Typec,Toyota,Mail
2026-01-02 22:00:00,6.624115356621134,1.6973625606307001,0.2562398855168036,0,0,6,0,1.23259004,6,Typec,Toyota,Mail
2026-01-02 23:00:00,0.0,0.0,0.0,1,1,6,100,1.0,6,Typec,Toyota,Mail
2026-01-03 00:00:00,0.0,0.0,0.0,1,1,6,100,1.0,6,Typec,Toyota,Mail
2026-01-03 01:00:00,0.0,0.0,0.0,1,1,6,100,1.0,6,Typec,Toyota,Mail
2026-01-03 02:00:00,0.0,0.0,0.0,1,1,6,100,1.0,6,Typec,Toyota,Mail
2026-01-03 03:00:00,0.0,0.0,0.0,1,1,6,100,1.0,6,Typec,Toyota,Mail
2026-01-03 04:00:00,0.0,0.0,0.0,1,1,6,100,1.0,6,Typec,Toyota,Mail
2026-01-03 05:00:00,6.395549513373246,2.04979500239092,0.3205033434742003,0,0,6,0,1.209049010004,6,Typec,Toyota,Mail
2026-01-03 06:00:00,6.395549513373246,2.0853555584273242,0.32606354685657524,0,0,6,0,1.209049010004,6,Typec,Toyota,Mail
2026-01-03 07:00:00,6.395549513373246,3.4796397634089686,0.5440720545018,0,0,6,0,1.209049010004,6,Typec,Toyota,Mail
2026-01-03 08:00:00,6.395549513373246,1.1567044883242654,0.18086084485868945,0,0,6,0,1.209049010004,6,Typec,Toyota,Mail
2026-01-03 09:00:00,6.395549513373246,2.252240501054045,0.35215746455321106,0,0,6,0,1.209049010004,6,Typec,Toyota,Mail
2026-01-03 10:00:00,6.395549513373246,1.5225614010863115,0.23806576712487323,0,0,6,0,1.209049010004,6,Typec,Toyota,Mail
2026-01-03 11:00:00,6.395549513373246,3.0620117293365117,0.47877226545330814,0,0,6,0,1.209049010004,6,Typec,Toyota,Mail
2026-01-03 12:00:00,6.395549513373246,1.7571866731003003,0.27475147669891087,0,0,6,0,1.209049010004,6,Typec,Toyota,Mail
2026-01-03 13:00:00,6.395549513373246,0.7732532807575487,0.1209049010004,0,0,6,0,1.209049010004,6,Typec,Toyota,Mail
2026-01-03 14:00:00,6.395549513373246,1.1410986511590628,0.1784207359778856,0,0,6,0,1.209049010004,6,Typec,Toyota,Mail
2026-01-03 15:00:00,6.395549513373246,3.4796397634089686,0.5440720545018,0,0,6,0,1.209049010004,6,Typec,Toyota,Mail
2026-01-03 16:00:00,6.395549513373246,3.4796397634089686,0.5440720545018,0,0,6,0,1.209049010004,6,Typec,Toyota,Mail
2026-01-03 17:00:00,6.395549513373246,3.3653544655029957,0.5262025504557442,0,0,6,0,1.209049010004,6,Typec,Toyota,Mail
2026-01-03 18:00:00,6.395549513373246,2.2255482437335496,0.34798389709592203,0,0,6,0,1.209049010004,6,Typec,Toyota,Mail
2026-01-03 19:00:00,6.395549513373246,1.0896854948886812,0.17038184015464547,0,0,6,0,1.209049010004,6,Typec,Toyota,Mail
2026-01-03 20:00:00,6.395549513373246,0.8743425922090208,0.13671109736243142,0,0,6,0,1.209049010004,6,Typec,Toyota,Mail
2026-01-03 21:00:00,6.395549513373246,2.9298523419989277,0.4581079914825984,0,0,6,0,1.209049010004,6,Typec,Toyota,Mail
2026-01-03 22:00:00,6.395549513373246,1.8135273039478779,0.28356082618948525,0,0,6,0,1.209049010004,6,Typec,Toyota,Mail
2026-01-03 23:00:00,0.0,0.0,0.0,1,1,6,100,1.0,6,Typec,Toyota,Mail
2026-01-04 00:00:00,0.0,0.0,0.0,1,1,6,100,1.0,6,Typec,Toyota,Mail
2026-01-04 01:00:00,0.0,0.0,0.0,1,1,6,100,1.0,6,Typec,Toyota,Mail
2026-01-04 02:00:00,0.0,0.0,0.0,1,1,6,100,1.0,6,Typec,Toyota,Mail
2026-01-04 03:00:00,0.0,0.0,0.0,1,1,6,100,1.0,6,Typec,Toyota,Mail
2026-01-04 04:00:00,5.0319672639117226,2.0938606678140683,0.4161117427831505,0,0,6,0,1.3050301525,6,Typec,Toyota,Mail
2026-01-04 05:00:00,5.0319672639117226,1.666462469444223,0.33117514126050923,0,0,6,0,1.3050301525,6,Typec,Toyota,Mail
2026-01-04 06:00:00,5.0319672639117226,2.800238435139158,0.5564897957945625,0,0,6,0,1.3050301525,6,Typec,Toyota,Mail
2026-01-04 07:00:00,5.0319672639117226,2.3502195897071507,0.46705780591270185,0,0,6,0,1.3050301525,6,Typec,Toyota,Mail
2026-01-04 08:00:00,5.0319672639117226,0.6566869005797724,0.13050301525000002,0,0,6,0,1.3050301525,6,Typec,Toyota,Mail
2026-01-04 09:00:00,5.0319672639117226,1.6507174711649752,0.3280461466837425,0,0,6,0,1.3050301525,6,Typec,Toyota,Mail
2026-01-04 10:00:00,5.0319672639117226,0.9049249477421131,0.1798352215508349,0,0,6,0,1.3050301525,6,Typec,Toyota,Mail
2026-01-04 11:00:00,5.0319672639117226,1.8531317660852586,0.3682718246947977,0,0,6,0,1.3050301525,6,Typec,Toyota,Mail
2026-01-04 12:00:00,5.0319672639117226,2.0430747661883992,0.406019089361119,0,0,6,0,1.3050301525,6,Typec,Toyota,Mail
2026-01-04 13:00:00,5.0319672639117226,1.0357720848198637,0.20583839887994043,0,0,6,0,1.3050301525,6,Typec,Toyota,Mail
2026-01-04 14:00:00,5.0319672639117226,1.4624953422697011,0.29064086977640524,0,0,6,0,1.3050301525,6,Typec,Toyota,Mail
2026-01-04 15:00:00,5.0319672639117226,2.0690493258018154,0.4111809988591598,0,0,6,0,1.3050301525,6,Typec,Toyota,Mail
2026-01-04 16:00:00,5.0319672639117226,2.145721296822412,0.42641797616830746,0,0,6,0,1.3050301525,6,Typec,Toyota,Mail
2026-01-04 17:00:00,5.0319672639117226,1.8287761455214457,0.36343164603574984,0,0,6,0,1.3050301525,6,Typec,Toyota,Mail
2026-01-04 18:00:00,5.0319672639117226,1.6577909546668408,0.32945185604767163,0,0,6,0,1.3050301525,6,Typec,Toyota,Mail
2026-01-04 19:00:00,5.0319672639117226,2.033907710026777,0.40419732549008464,0,0,6,0,1.3050301525,6,Typec,Toyota,Mail
2026-01-04 20:00:00,5.0319672639117226,1.7238873178616692,0.3425871488125627,0,0,6,0,1.3050301525,6,Typec,Toyota,Mail
2026-01-04 21:00:00,5.0319672639117226,2.2837261080840157,0.4538435940278167,0,0,6,0,1.3050301525,6,Typec,Toyota,Mail
2026-01-04 22:00:00,5.0319672639117226,0.6566869005797724,0.13050301525000002,0,0,6,0,1.3050301525,6,Typec,Toyota,Mail
2026-01-04 23:00:00,0.0,0.0,0.0,1,1,6,100,1.0,6,Typec,Toyota,Mail
2026-01-05 00:00:00,0.0,0.0,0.0,1,1,6,100,1.0,6,Typec,Toyota,Mail
2026-01-05 01:00:00,0.0,0.0,0.0,1,1,6,100,1.0,6,Typec,Toyota,Mail
2026-01-05 02:00:00,0.0,0.0,0.0,1,1,6,100,1.0,6,Typec,Toyota,Mail
2026-01-05 03:00:00,0.0,0.0,0.0,1,1,6,100,1.0,6,Typec,Toyota,Mail
2026-01-05 04:00:00,0.0,0.0,0.0,1,1,6,100,1.0,6,Typec,Toyota,Mail
2026-01-05 05:00:00,5.666153788733843,2.9330318497909484,0.5176407064034814,0,0,6,0,1.226197579604,6,Typec,Toyota,Mail
2026-01-05 06:00:00,5.666153788733843,1.610850133308724,0.2842934013742476,0,0,6,0,1.226197579604,6,Typec,Toyota,Mail
2026-01-05 07:00:00,5.666153788733843,1.856545043227123,0.3276552512426575,0,0,6,0,1.226197579604,6,Typec,Toyota,Mail
2026-01-05 08:00:00,5.666153788733843,3.054314307076473,0.5390454302792563,0,0,6,0,1.226197579604,6,Typec,Toyota,Mail
2026-01-05 09:00:00,5.666153788733843,1.330164436399979,0.23475614782019835,0,0,6,0,1.226197579604,6,Typec,Toyota,Mail
2026-01-05 10:00:00,5.666153788733843,0.6947824061409473,0.12261975796040002,0,0,6,0,1.226197579604,6,Typec,Toyota,Mail
2026-01-05 11:00:00,5.666153788733843,1.0172329982929214,0.17952795427394003,0,0,6,0,1.226197579604,6,Typec,Toyota,Mail
2026-01-05 12:00:00,5.666153788733843,1.6788088332514215,0.29628719866189296,0,0,6,0,1.226197579604,6,Typec,Toyota,Mail
2026-01-05 13:00:00,5.666153788733843,2.1305013969820825,0.3760048661612772,0,0,6,0,1.226197579604,6,Typec,Toyota,Mail
2026-01-05 14:00:00,5.666153788733843,3.1265208276342635,0.5517889108218,0,0,6,0,1.226197579604,6,Typec,Toyota,Mail
2026-01-05 15:00:00,5.666153788733843,1.2575543722888929,0.2219414472634541,0,0,6,0,1.226197579604,6,Typec,Toyota,Mail
2026-01-05 16:00:00,5.666153788733843,0.9974061273270078,0.17602877798872593,0,0,6,0,1.226197579604,6,Typec,Toyota,Mail
2026-01-05 17:00:00,5.666153788733843,3.1265208276342635,0.5517889108218,0,0,6,0,1.226197579604,6,Typec,Toyota,Mail
2026-01-05 18:00:00,5.666153788733843,2.0675377125164833,0.36489262198061423,0,0,6,0,1.226197579604,6,Typec,Toyota,Mail
2026-01-05 19:00:00,5.666153788733843,2.893708327774822,0.5107006332105661,0,0,6,0,1.226197579604,6,Typec,Toyota,Mail
2026-01-05 20:00:00,5.666153788733843,0.6947824061409473,0.12261975796040002,0,0,6,0,1.226197579604,6,Typec,Toyota,Mail
2026-01-05 21:00:00,5.666153788733843,2.3739471443235987,0.4189697690598828,0,0,6,0,1.226197579604,6,Typec,Toyota,Mail
2026-01-05 22:00:00,5.666153788733843,1.6369884628895472,0.2889064652894549,0,0,6,0,1.226197579604,6,Typec,Toyota,Mail
2026-01-05 23:00:00,0.0,0.0,0.0,1,1,6,100,1.0,6,Typec,Toyota,Mail
2026-01-06 00:00:00,0.0,0.0,0.0,1,1,6,100,1.0,6,Typec,Toyota,Mail
2026-01-06 01:00:00,0.0,0.0,0.0,1,1,6,100,1.0,6,Typec,Toyota,Mail
2026-01-06 02:00:00,0.0,0.0,0.0,1,1,6,100,1.0,6,Typec,Toyota,Mail
2026-01-06 03:00:00,0.0,0.0,0.0,1,1,6,100,1.0,6,Typec,Toyota,Mail
2026-01-06 04:00:00,0.0,0.0,0.0,1,1,6,100,1.0,6,Typec,Toyota,Mail
2026-01-06 05:00:00,6.729730129431056,0.8954781784557772,0.13306301459840003,0,0,6,0,1.3306301459840002,6,Typec,Toyota,Mail
2026-01-06 06:00:00,6.729730129431056,0.8954781784557772,0.13306301459840003,0,0,6,0,1.3306301459840002,6,Typec,Toyota,Mail
2026-01-06 07:00:00,6.729730129431056,0.8954781784557772,0.13306301459840003,0,0,6,0,1.3306301459840002,6,Typec,Toyota,Mail
2026-01-06 08:00:00,6.729730129431056,2.667637925969324,0.39639597348829364,0,0,6,0,1.3306301459840002,6,Typec,Toyota,Mail
2026-01-06 09:00:00,6.729730129431056,2.6124333991922377,0.3881928916833248,0,0,6,0,1.3306301459840002,6,Typec,Toyota,Mail
2026-01-06 10:00:00,6.729730129431056,2.2742952861733348,0.3379474722511061,0,0,6,0,1.3306301459840002,6,Typec,Toyota,Mail
2026-01-06 11:00:00,6.729730129431056,1.4032075053017805,0.20850873338369813,0,0,6,0,1.3306301459840002,6,Typec,Toyota,Mail
2026-01-06 12:00:00,6.729730129431056,1.3381389496169414,0.19883991243049592,0,0,6,0,1.3306301459840002,6,Typec,Toyota,Mail
2026-01-06 13:00:00,6.729730129431056,1.9142984002170305,0.284453962254036,0,0,6,0,1.3306301459840002,6,Typec,Toyota,Mail
2026-01-06 14:00:00,6.729730129431056,2.7112600344957367,0.4028779731654636,0,0,6,0,1.3306301459840002,6,Typec,Toyota,Mail
2026-01-06 15:00:00,6.729730129431056,2.75949322145355,0.4100451531311023,0,0,6,0,1.3306301459840002,6,Typec,Toyota,Mail
2026-01-06 16:00:00,6.729730129431056,0.8954781784557772,0.13306301459840003,0,0,6,0,1.3306301459840002,6,Typec,Toyota,Mail
2026-01-06 17:00:00,6.729730129431056,2.5872868285264214,0.3844562528906572,0,0,6,0,1.3306301459840002,6,Typec,Toyota,Mail
2026-01-06 18:00:00,6.729730129431056,0.8954781784557772,0.13306301459840003,0,0,6,0,1.3306301459840002,6,Typec,Toyota,Mail
2026-01-06 19:00:00,6.729730129431056,3.033775626584931,0.45080197396287147,0,0,6,0,1.3306301459840002,6,Typec,Toyota,Mail
2026-01-06 20:00:00,6.729730129431056,0.8954781784557772,0.13306301459840003,0,0,6,0,1.3306301459840002,6,Typec,Toyota,Mail
2026-01-06 21:00:00,6.729730129431056,1.8344133479096472,0.2725834933390905,0,0,6,0,1.3306301459840002,6,Typec,Toyota,Mail
2026-01-06 22:00:00,6.729730129431056,2.6334928041122856,0.391322200662291,0,0,6,0,1.3306301459840002,6,Typec,Toyota,Mail
2026-01-06 23:00:00,0.0,0.0,0.0,1,1,6,100,1.0,6,Typec,Toyota,Mail
2026-01-07 00:00:00,0.0,0.0,0.0,1,1,6,100,1.0,6,Typec,Toyota,Mail
2026-01-07 01:00:00,0.0,0.0,0.0,1,1,6,100,1.0,6,Typec,Toyota,Mail
2026-01-07 02:00:00,0.0,0.0,0.0,1,1,6,100,1.0,6,Typec,Toyota,Mail
2026-01-07 03:00:00,0.0,0.0,0.0,1,1,6,100,1.0,6,Typec,Toyota,Mail
2026-01-07 04:00:00,0.0,0.0,0.0,1,1,6,100,1.0,6,Typec,Toyota,Mail
2026-01-07 05:00:00,7.3129691897242255,3.8569780494123678,0.5274161492204804,0,0,6,0,1.282756305344,6,Typec,Toyota,Mail
2026-01-07 06:00:00,7.3129691897242255,0.9380757338905154,0.12827563053440003,0,0,6,0,1.282756305344,6,Typec,Toyota,Mail
2026-01-07 07:00:00,7.3129691897242255,2.4204688476338463,0.33098305009064627,0,0,6,0,1.282756305344,6,Typec,Toyota,Mail
2026-01-07 08:00:00,7.3129691897242255,3.2731349272838695,0.44757947727758723,0,0,6,0,1.282756305344,6,Typec,Toyota,Mail
2026-01-07 09:00:00,7.3129691897242255,2.826193887820138,0.38646325651027585,0,0,6,0,1.282756305344,6,Typec,Toyota,Mail
2026-01-07 10:00:00,7.3129691897242255,3.9793318059621914,0.5441472133581152,0,0,6,0,1.282756305344,6,Typec,Toyota,Mail
2026-01-07 11:00:00,7.3129691897242255,1.8635063379766867,0.25482212349467864,0,0,6,0,1.282756305344,6,Typec,Toyota,Mail
2026-01-07 12:00:00,7.3129691897242255,2.9535984403686086,0.4038849834782348,0,0,6,0,1.282756305344,6,Typec,Toyota,Mail
2026-01-07 13:00:00,7.3129691897242255,2.6537247209490764,0.3628792426307418,0,0,6,0,1.282756305344,6,Typec,Toyota,Mail
2026-01-07 14:00:00,7.3129691897242255,0.9380757338905154,0.12827563053440003,0,0,6,0,1.282756305344,6,Typec,Toyota,Mail
2026-01-07 15:00:00,7.3129691897242255,3.893036841878128,0.532346949765412,0,0,6,0,1.282756305344,6,Typec,Toyota,Mail
2026-01-07 16:00:00,7.3129691897242255,2.9241103649440365,0.39985268487837095,0,0,6,0,1.282756305344,6,Typec,Toyota,Mail
2026-01-07 17:00:00,7.3129691897242255,2.6868891355643765,0.36741425621481394,0,0,6,0,1.282756305344,6,Typec,Toyota,Mail
2026-01-07 18:00:00,7.3129691897242255,1.3168956809835868,0.1800767440445414,0,0,6,0,1.282756305344,6,Typec,Toyota,Mail
2026-01-07 19:00:00,7.3129691897242255,1.623575657761829,0.22201319541222553,0,0,6,0,1.282756305344,6,Typec,Toyota,Mail
2026-01-07 20:00:00,7.3129691897242255,1.2410721186019404,0.16970837513520848,0,0,6,0,1.282756305344,6,Typec,Toyota,Mail
2026-01-07 21:00:00,7.3129691897242255,3.0299866792908547,0.4143305681566965,0,0,6,0,1.282756305344,6,Typec,Toyota,Mail
2026-01-07 22:00:00,7.3129691897242255,1.345575718066898,0.1839985487642455,0,0,6,0,1.282756305344,6,Typec,Toyota,Mail
2026-01-07 23:00:00,0.0,0.0,0.0,1,1,6,100,1.0,6,Typec,Toyota,Mail
2026-01-08 00:00:00,0.0,0.0,0.0,1,1,6,100,1.0,6,Typec,Toyota,Mail
2026-01-08 01:00:00,0.0,0.0,0.0,1,1,6,100,1.0,6,Typec,Toyota,Mail
2026-01-08 02:00:00,0.0,0.0,0.0,1,1,6,100,1.0,6,Typec,Toyota,Mail
2026-01-08 03:00:00,0.0,0.0,0.0,1,1,6,100,1.0,6,Typec,Toyota,Mail
2026-01-08 04:00:00,0.0,0.0,0.0,1,1,6,100,1.0,6,Typec,Toyota,Mail
2026-01-08 05:00:00,7.311031691811103,1.2429629762568752,0.17001198034048817,0,0,6,0,1.176585222144,6,Typec,Toyota,Mail
2026-01-08 06:00:00,7.311031691811103,2.168771824127202,0.2966437454451726,0,0,6,0,1.176585222144,6,Typec,Toyota,Mail
2026-01-08 07:00:00,7.311031691811103,3.113351397550266,0.425842962907335,0,0,6,0,1.176585222144,6,Typec,Toyota,Mail
2026-01-08 08:00:00,7.311031691811103,2.9910933768538794,0.4091205595790435,0,0,6,0,1.176585222144,6,Typec,Toyota,Mail
2026-01-08 09:00:00,7.311031691811103,1.2554262121179895,0.17171669677265383,0,0,6,0,1.176585222144,6,Typec,Toyota,Mail
2026-01-08 10:00:00,7.311031691811103,3.3410954084853226,0.4569936979246851,0,0,6,0,1.176585222144,6,Typec,Toyota,Mail
2026-01-08 11:00:00,7.311031691811103,3.7359874470031493,0.5110068735152293,0,0,6,0,1.176585222144,6,Typec,Toyota,Mail
2026-01-08 12:00:00,7.311031691811103,1.6037341109726273,0.21935811231251098,0,0,6,0,1.176585222144,6,Typec,Toyota,Mail
2026-01-08 13:00:00,7.311031691811103,1.4858507528743998,0.203234073590279,0,0,6,0,1.176585222144,6,Typec,Toyota,Mail
2026-01-08 14:00:00,7.311031691811103,3.8673533753234746,0.5289750528171279,0,0,6,0,1.176585222144,6,Typec,Toyota,Mail
2026-01-08 15:00:00,7.311031691811103,2.0130973359175894,0.27535065101309947,0,0,6,0,1.176585222144,6,Typec,Toyota,Mail
2026-01-08 16:00:00,7.311031691811103,3.118475430701434,0.42654382611887154,0,0,6,0,1.176585222144,6,Typec,Toyota,Mail
2026-01-08 17:00:00,7.311031691811103,0.9565929157175675,0.13084239763165334,0,0,6,0,1.176585222144,6,Typec,Toyota,Mail
2026-01-08 18:00:00,7.311031691811103,1.394503977367038,0.19073969805506186,0,0,6,0,1.176585222144,6,Typec,Toyota,Mail
2026-01-08 19:00:00,7.311031691811103,2.911137236847825,0.3981841906264083,0,0,6,0,1.176585222144,6,Typec,Toyota,Mail
2026-01-08 20:00:00,7.311031691811103,1.1743633725041773,0.1606289538888952,0,0,6,0,1.176585222144,6,Typec,Toyota,Mail
2026-01-08 21:00:00,7.311031691811103,2.652772592891009,0.3628451776323594,0,0,6,0,1.176585222144,6,Typec,Toyota,Mail
2026-01-08 22:00:00,7.311031691811103,3.3638704387721563,0.4601088574872326,0,0,6,0,1.176585222144,6,Typec,Toyota,Mail
2026-01-08 23:00:00,0.0,0.0,0.0,1,1,6,100,1.0,6,Typec,Toyota,Mail
2026-01-09 00:00:00,0.0,0.0,0.0,1,1,6,100,1.0,6,Typec,Toyota,Mail
2026-01-09 01:00:00,0.0,0.0,0.0,1,1,6,100,1.0,6,Typec,Toyota,Mail
2026-01-09 02:00:00,0.0,0.0,0.0,1,1,6,100,1.0,6,Typec,Toyota,Mail
2026-01-09 03:00:00,0.0,0.0,0.0,1,1,6,100,1.0,6,Typec,Toyota,Mail
2026-01-09 04:00:00,0.0,0.0,0.0,1,1,6,100,1.0,6,Typec,Toyota,Mail
2026-01-09 05:00:00,4.221578073021573,1.6456491614955024,0.38981848328524166,0,0,6,0,1.137342385344,6,Typec,Toyota,Mail
2026-01-09 06:00:00,4.221578073021573,1.0177668916512232,0.24108683389165939,0,0,6,0,1.137342385344,6,Typec,Toyota,Mail
2026-01-09 07:00:00,4.221578073021573,1.2724733464648623,0.3014212515923213,0,0,6,0,1.137342385344,6,Typec,Toyota,Mail
2026-01-09 08:00:00,4.221578073021573,1.9370926544233165,0.45885510605678614,0,0,6,0,1.137342385344,6,Typec,Toyota,Mail
2026-01-09 09:00:00,4.221578073021573,2.160620853968827,0.5118040734047999,0,0,6,0,1.137342385344,6,Typec,Toyota,Mail
2026-01-09 10:00:00,4.221578073021573,0.48013796754862825,0.1137342385344,0,0,6,0,1.137342385344,6,Typec,Toyota,Mail
2026-01-09 11:00:00,4.221578073021573,0.6642467190037566,0.157345596247217,0,0,6,0,1.137342385344,6,Typec,Toyota,Mail
2026-01-09 12:00:00,4.221578073021573,1.7643947980043095,0.4179467411203065,0,0,6,0,1.137342385344,6,Typec,Toyota,Mail
2026-01-09 13:00:00,4.221578073021573,1.0526914945301855,0.24935971248702432,0,0,6,0,1.137342385344,6,Typec,Toyota,Mail
2026-01-09 14:00:00,4.221578073021573,1.420828579747485,0.3365633787107801,0,0,6,0,1.137342385344,6,Typec,Toyota,Mail
2026-01-09 15:00:00,4.221578073021573,1.616281164293472,0.3828618436841148,0,0,6,0,1.137342385344,6,Typec,Toyota,Mail
2026-01-09 16:00:00,4.221578073021573,1.6833528615817503,0.3987496695464166,0,0,6,0,1.137342385344,6,Typec,Toyota,Mail
2026-01-09 17:00:00,4.221578073021573,1.9500903229333602,0.46193397094693384,0,0,6,0,1.137342385344,6,Typec,Toyota,Mail
2026-01-09 18:00:00,4.221578073021573,1.2663593637150552,0.2999729820959263,0,0,6,0,1.137342385344,6,Typec,Toyota,Mail
2026-01-09 19:00:00,4.221578073021573,0.48013796754862825,0.1137342385344,0,0,6,0,1.137342385344,6,Typec,Toyota,Mail
2026-01-09 20:00:00,4.221578073021573,1.535651788886244,0.36376249883899675,0,0,6,0,1.137342385344,6,Typec,Toyota,Mail
2026-01-09 21:00:00,4.221578073021573,2.160620853968827,0.5118040734047999,0,0,6,0,1.137342385344,6,Typec,Toyota,Mail
2026-01-09 22:00:00,4.221578073021573,0.9590649973816335,0.2271816322693726,0,0,6,0,1.137342385344,6,Typec,Toyota,Mail
2026-01-09 23:00:00,0.0,0.0,0.0,1,1,6,100,1.0,6,Typec,Toyota,Mail
2026-01-10 00:00:00,0.0,0.0,0.0,1,1,6,100,1.0,6,Typec,Toyota,Mail
2026-01-10 01:00:00,0.0,0.0,0.0,1,1,6,100,1.0,6,Typec,Toyota,Mail
2026-01-10 02:00:00,0.0,0.0,0.0,1,1,6,100,1.0,6,Typec,Toyota,Mail
2026-01-10 03:00:00,0.0,0.0,0.0,1,1,6,100,1.0,6,Typec,Toyota,Mail
2026-01-10 04:00:00,0.0,0.0,0.0,1,1,6,100,1.0,6,Typec,Toyota,Mail
2026-01-10 05:00:00,3.601105150832984,0.6141591514438731,0.17054740856478737,0,0,6,0,1.18961004,6,Typec,Toyota,Mail
2026-01-10 06:00:00,3.601105150832984,1.0065490139403594,0.2795111422135316,0,0,6,0,1.18961004,6,Typec,Toyota,Mail
2026-01-10 07:00:00,3.601105150832984,1.2651618438183503,0.351325993223414,0,0,6,0,1.18961004,6,Typec,Toyota,Mail
2026-01-10 08:00:00,3.601105150832984,1.9277598791369845,0.535324518,0,0,6,0,1.18961004,6,Typec,Toyota,Mail
2026-01-10 09:00:00,3.601105150832984,1.1075074306719774,0.30754654037686074,0,0,6,0,1.18961004,6,Typec,Toyota,Mail
2026-01-10 10:00:00,3.601105150832984,1.4804497453106211,0.4111098352593712,0,0,6,0,1.18961004,6,Typec,Toyota,Mail
2026-01-10 11:00:00,3.601105150832984,1.461453155099911,0.4058346240630761,0,0,6,0,1.18961004,6,Typec,Toyota,Mail
2026-01-10 12:00:00,3.601105150832984,1.128970309322692,0.31350662144968083,0,0,6,0,1.18961004,6,Typec,Toyota,Mail
2026-01-10 13:00:00,3.601105150832984,1.688610749600943,0.4689145911805282,0,0,6,0,1.18961004,6,Typec,Toyota,Mail
2026-01-10 14:00:00,3.601105150832984,1.9277598791369845,0.535324518,0,0,6,0,1.18961004,6,Typec,Toyota,Mail
2026-01-10 15:00:00,3.601105150832984,1.8359584959222153,0.5098319596409268,0,0,6,0,1.18961004,6,Typec,Toyota,Mail
2026-01-10 16:00:00,3.601105150832984,1.9277598791369845,0.535324518,0,0,6,0,1.18961004,6,Typec,Toyota,Mail
2026-01-10 17:00:00,3.601105150832984,1.8357273394848739,0.5097677692250241,0,0,6,0,1.18961004,6,Typec,Toyota,Mail
2026-01-10 18:00:00,3.601105150832984,0.4283910842526632,0.11896100400000001,0,0,6,0,1.18961004,6,Typec,Toyota,Mail
2026-01-10 19:00:00,3.601105150832984,0.8142949404144765,0.22612362214030854,0,0,6,0,1.18961004,6,Typec,Toyota,Mail
2026-01-10 20:00:00,3.601105150832984,1.9277598791369845,0.535324518,0,0,6,0,1.18961004,6,Typec,Toyota,Mail
2026-01-10 21:00:00,3.601105150832984,1.9277598791369845,0.535324518,0,0,6,0,1.18961004,6,Typec,Toyota,Mail
2026-01-10 22:00:00,3.601105150832984,0.8932267444876207,0.24804239450797635,0,0,6,0,1.18961004,6,Typec,Toyota,Mail
2026-01-10 23:00:00,0.0,0.0,0.0,1,1,6,100,1.0,6,Typec,Toyota,Mail
2026-01-11 00:00:00,0.0,0.0,0.0,1,1,6,100,1.0,6,Typec,Toyota,Mail
2026-01-11 01:00:00,0.0,0.0,0.0,1,1,6,100,1.0,6,Typec,Toyota,Mail
2026-01-11 02:00:00,0.0,0.0,0.0,1,1,6,100,1.0,6,Typec,Toyota,Mail
2026-01-11 03:00:00,0.0,0.0,0.0,1,1,6,100,1.0,6,Typec,Toyota,Mail
2026-01-11 04:00:00,3.7369476769863397,1.3042000053652665,0.34900140919742234,0,0,6,0,1.122069513044,6,Typec,Toyota,Mail
2026-01-11 05:00:00,3.7369476769863397,0.7223323860940898,0.19329475511324648,0,0,6,0,1.122069513044,6,Typec,Toyota,Mail
2026-01-11 06:00:00,3.7369476769863397,1.2352138399091912,0.3305408442071977,0,0,6,0,1.122069513044,6,Typec,Toyota,Mail
2026-01-11 07:00:00,3.7369476769863397,1.105481952284984,0.2958248409773025,0,0,6,0,1.122069513044,6,Typec,Toyota,Mail
2026-01-11 08:00:00,3.7369476769863397,1.5220537667499328,0.4072986560992988,0,0,6,0,1.122069513044,6,Typec,Toyota,Mail
2026-01-11 09:00:00,3.7369476769863397,0.4193115060186969,0.1122069513044,0,0,6,0,1.122069513044,6,Typec,Toyota,Mail
2026-01-11 10:00:00,3.7369476769863397,0.4726234497179747,0.12647312474525246,0,0,6,0,1.122069513044,6,Typec,Toyota,Mail
2026-01-11 11:00:00,3.7369476769863397,1.2868784318984385,0.3443661895036864,0,0,6,0,1.122069513044,6,Typec,Toyota,Mail
2026-01-11 12:00:00,3.7369476769863397,0.9449288592282759,0.252861142543562,0,0,6,0,1.122069513044,6,Typec,Toyota,Mail
2026-01-11 13:00:00,3.7369476769863397,1.1468327725380765,0.30689024082428135,0,0,6,0,1.122069513044,6,Typec,Toyota,Mail
2026-01-11 14:00:00,3.7369476769863397,0.9784705012723336,0.2618368213443708,0,0,6,0,1.122069513044,6,Typec,Toyota,Mail
2026-01-11 15:00:00,3.7369476769863397,1.3163553376428352,0.352254152700476,0,0,6,0,1.122069513044,6,Typec,Toyota,Mail
2026-01-11 16:00:00,3.7369476769863397,1.886901777084136,0.5049312808698,0,0,6,0,1.122069513044,6,Typec,Toyota,Mail
2026-01-11 17:00:00,3.7369476769863397,1.3194819591543896,0.353090830594258,0,0,6,0,1.122069513044,6,Typec,Toyota,Mail
2026-01-11 18:00:00,3.7369476769863397,0.6825538893235782,0.18265010600149037,0,0,6,0,1.122069513044,6,Typec,Toyota,Mail
2026-01-11 19:00:00,3.7369476769863397,1.254547002148284,0.33571436118153336,0,0,6,0,1.122069513044,6,Typec,Toyota,Mail
2026-01-11 20:00:00,3.7369476769863397,0.4193115060186969,0.1122069513044,0,0,6,0,1.122069513044,6,Typec,Toyota,Mail
2026-01-11 21:00:00,3.7369476769863397,1.184749311258645,0.31703663354850226,0,0,6,0,1.122069513044,6,Typec,Toyota,Mail
2026-01-11 22:00:00,3.7369476769863397,1.5152746065375717,0.4054845658849482,0,0,6,0,1.122069513044,6,Typec,Toyota,Mail
2026-01-11 23:00:00,0.0,0.0,0.0,1,1,6,100,1.0,6,Typec,Toyota,Mail
2026-01-12 00:00:00,0.0,0.0,0.0,1,1,6,100,1.0,6,Typec,Toyota,Mail
2026-01-12 01:00:00,0.0,0.0,0.0,1,1,6,100,1.0,6,Typec,Toyota,Mail
2026-01-12 02:00:00,0.0,0.0,0.0,1,1,6,100,1.0,6,Typec,Toyota,Mail
2026-01-12 03:00:00,0.0,0.0,0.0,1,1,6,100,1.0,6,Typec,Toyota,Mail
2026-01-12 04:00:00,0.0,0.0,0.0,1,1,6,100,1.0,6,Typec,Toyota,Mail
2026-01-12 05:00:00,7.07177781211284,0.7919608493173077,0.1119889326784,0,0,6,0,1.119889326784,6,Typec,Toyota,Mail
2026-01-12 06:00:00,7.07177781211284,1.784624359306923,0.25235865813687514,0,0,6,0,1.119889326784,6,Typec,Toyota,Mail
2026-01-12 07:00:00,7.07177781211284,2.8298288653454984,0.40015805650715547,0,0,6,0,1.119889326784,6,Typec,Toyota,Mail
2026-01-12 08:00:00,7.07177781211284,1.604029758134348,0.22682128889667572,0,0,6,0,1.119889326784,6,Typec,Toyota,Mail
2026-01-12 09:00:00,7.07177781211284,3.4948828501235085,0.4942014501837607,0,0,6,0,1.119889326784,6,Typec,Toyota,Mail
2026-01-12 10:00:00,7.07177781211284,1.2470008080990216,0.17633483987054935,0,0,6,0,1.119889326784,6,Typec,Toyota,Mail
2026-01-12 11:00:00,7.07177781211284,3.5638238219278846,0.5039501970528,0,0,6,0,1.119889326784,6,Typec,Toyota,Mail
2026-01-12 12:00:00,7.07177781211284,2.913911387653493,0.4120479269954469,0,0,6,0,1.119889326784,6,Typec,Toyota,Mail
2026-01-12 13:00:00,7.07177781211284,1.0260418687638868,0.14508966430003487,0,0,6,0,1.119889326784,6,Typec,Toyota,Mail
2026-01-12 14:00:00,7.07177781211284,1.2652537528431642,0.17891593690570767,0,0,6,0,1.119889326784,6,Typec,Toyota,Mail
2026-01-12 15:00:00,7.07177781211284,2.030725810248799,0.28715916481008297,0,0,6,0,1.119889326784,6,Typec,Toyota,Mail
2026-01-12 16:00:00,7.07177781211284,1.6217849569274416,0.22933200109166038,0,0,6,0,1.119889326784,6,Typec,Toyota,Mail
2026-01-12 17:00:00,7.07177781211284,1.7816489459224298,0.2519379133873163,0,0,6,0,1.119889326784,6,Typec,Toyota,Mail
2026-01-12 18:00:00,7.07177781211284,1.1732578085186762,0.16590705190271543,0,0,6,0,1.119889326784,6,Typec,Toyota,Mail
2026-01-12 19:00:00,7.07177781211284,2.40293351375695,0.3397919982215934,0,0,6,0,1.119889326784,6,Typec,Toyota,Mail
2026-01-12 20:00:00,7.07177781211284,2.193971287819652,0.310243243793905,0,0,6,0,1.119889326784,6,Typec,Toyota,Mail
2026-01-12 21:00:00,7.07177781211284,3.5638238219278846,0.5039501970528,0,0,6,0,1.119889326784,6,Typec,Toyota,Mail
2026-01-12 22:00:00,7.07177781211284,2.007080194406254,0.283815505482715,0,0,6,0,1.119889326784,6,Typec,Toyota,Mail
2026-01-12 23:00:00,0.0,0.0,0.0,1,1,6,100,1.0,6,Typec,Toyota,Mail
2026-01-13 00:00:00,0.0,0.0,0.0,1,1,6,100,1.0,6,Typec,Toyota,Mail
2026-01-13 01:00:00,0.0,0.0,0.0,1,1,6,100,1.0,6,Typec,Toyota,Mail
2026-01-13 02:00:00,0.0,0.0,0.0,1,1,6,100,1.0,6,Typec,Toyota,Mail
2026-01-13 03:00:00,0.0,0.0,0.0,1,1,6,100,1.0,6,Typec,Toyota,Mail
2026-01-13 04:00:00,0.0,0.0,0.0,1,1,6,100,1.0,6,Typec,Toyota,Mail
2026-01-13 05:00:00,5.494325051357556,1.7549183333912692,0.3194056261665222,0,0,6,0,1.12425024,6,Typec,Toyota,Mail
2026-01-13 06:00:00,5.494325051357556,2.2747539040057316,0.41401880717699396,0,0,6,0,1.12425024,6,Typec,Toyota,Mail
2026-01-13 07:00:00,5.494325051357556,0.6176996257626746,0.11242502400000001,0,0,6,0,1.12425024,6,Typec,Toyota,Mail
2026-01-13 08:00:00,5.494325051357556,0.6176996257626746,0.11242502400000001,0,0,6,0,1.12425024,6,Typec,Toyota,Mail
2026-01-13 09:00:00,5.494325051357556,0.7968739845964854,0.14503582826785816,0,0,6,0,1.12425024,6,Typec,Toyota,Mail
2026-01-13 10:00:00,5.494325051357556,2.2431929333758243,0.40827452187627095,0,0,6,0,1.12425024,6,Typec,Toyota,Mail
2026-01-13 11:00:00,5.494325051357556,2.0951816371735803,0.38133558127506406,0,0,6,0,1.12425024,6,Typec,Toyota,Mail
2026-01-13 12:00:00,5.494325051357556,1.6636076231048087,0.30278653111245374,0,0,6,0,1.12425024,6,Typec,Toyota,Mail
2026-01-13 13:00:00,5.494325051357556,1.1205288557834283,0.20394294937220073,0,0,6,0,1.12425024,6,Typec,Toyota,Mail
2026-01-13 14:00:00,5.494325051357556,1.9203063648330045,0.3495072364454536,0,0,6,0,1.12425024,6,Typec,Toyota,Mail
2026-01-13 15:00:00,5.494325051357556,2.7796483159320355,0.505912608,0,0,6,0,1.12425024,6,Typec,Toyota,Mail
2026-01-13 16:00:00,5.494325051357556,2.5367474542258317,0.46170319930362397,0,0,6,0,1.12425024,6,Typec,Toyota,Mail
2026-01-13 17:00:00,5.494325051357556,0.7656574186768683,0.1393542266829821,0,0,6,0,1.12425024,6,Typec,Toyota,Mail
2026-01-13 18:00:00,5.494325051357556,2.4776553655915605,0.45094808596724234,0,0,6,0,1.12425024,6,Typec,Toyota,Mail
2026-01-13 19:00:00,5.494325051357556,0.6176996257626746,0.11242502400000001,0,0,6,0,1.12425024,6,Typec,Toyota,Mail
2026-01-13 20:00:00,5.494325051357556,2.540153554739496,0.46232312995603825,0,0,6,0,1.12425024,6,Typec,Toyota,Mail
2026-01-13 21:00:00,5.494325051357556,0.9738829878556088,0.17725252487837037,0,0,6,0,1.12425024,6,Typec,Toyota,Mail
2026-01-13 22:00:00,0.0,0.0,0.0,1,1,6,100,1.0,6,Typec,Toyota,Mail
2026-01-13 23:00:00,0.0,0.0,0.0,1,1,6,100,1.0,6,Typec,Toyota,Mail
2026-01-14 00:00:00,0.0,0.0,0.0,1,1,6,100,1.0,6,Typec,Toyota,Mail
2026-01-14 01:00:00,0.0,0.0,0.0,1,1,6,100,1.0,6,Typec,Toyota,Mail
2026-01-14 02:00:00,0.0,0.0,0.0,1,1,6,100,1.0,6,Typec,Toyota,Mail
2026-01-14 03:00:00,0.0,0.0,0.0,1,1,6,100,1.0,6,Typec,Toyota,Mail
2026-01-14 04:00:00,0.0,0.0,0.0,1,1,6,100,1.0,6,Typec,Toyota,Mail
2026-01-14 05:00:00,10.105025309994318,2.2168555042128895,0.2193814895268319,0,0,6,0,1.102475,6,Typec,Toyota,Mail
2026-01-14 06:00:00,10.105025309994318,4.336419112253458,0.4291349085454093,0,0,6,0,1.102475,6,Typec,Toyota,Mail
2026-01-14 07:00:00,10.105025309994318,4.604197265776419,0.45563441204077576,0,0,6,0,1.102475,6,Typec,Toyota,Mail
2026-01-14 08:00:00,10.105025309994318,4.8442273900910555,0.47938795218057495,0,0,6,0,1.102475,6,Typec,Toyota,Mail
2026-01-14 09:00:00,10.105025309994318,1.1140537778635986,0.11024750000000001,0,0,6,0,1.102475,6,Typec,Toyota,Mail
2026-01-14 10:00:00,10.105025309994318,2.548141065605628,0.2521657281833231,0,0,6,0,1.102475,6,Typec,Toyota,Mail
2026-01-14 11:00:00,10.105025309994318,2.5649335416937866,0.2538275227432586,0,0,6,0,1.102475,6,Typec,Toyota,Mail
2026-01-14 12:00:00,10.105025309994318,2.729593425710976,0.27012237396489125,0,0,6,0,1.102475,6,Typec,Toyota,Mail
2026-01-14 13:00:00,10.105025309994318,1.1140537778635986,0.11024750000000001,0,0,6,0,1.102475,6,Typec,Toyota,Mail
2026-01-14 14:00:00,10.105025309994318,3.5957782385285886,0.3558405969525088,0,0,6,0,1.102475,6,Typec,Toyota,Mail
2026-01-14 15:00:00,10.105025309994318,3.783388207528587,0.3744066037901606,0,0,6,0,1.102475,6,Typec,Toyota,Mail
2026-01-14 16:00:00,10.105025309994318,2.3466749021890623,0.23222850316545932,0,0,6,0,1.102475,6,Typec,Toyota,Mail
2026-01-14 17:00:00,10.105025309994318,1.1140537778635986,0.11024750000000001,0,0,6,0,1.102475,6,Typec,Toyota,Mail
2026-01-14 18:00:00,10.105025309994318,2.852242959515405,0.28225985309452023,0,0,6,0,1.102475,6,Typec,Toyota,Mail
2026-01-14 19:00:00,10.105025309994318,1.7108941020115092,0.16931121392831736,0,0,6,0,1.102475,6,Typec,Toyota,Mail
2026-01-14 20:00:00,10.105025309994318,3.440532026032738,0.3404773289018781,0,0,6,0,1.102475,6,Typec,Toyota,Mail
2026-01-14 21:00:00,10.105025309994318,2.4958791149318977,0.2469938509172622,0,0,6,0,1.102475,6,Typec,Toyota,Mail
2026-01-14 22:00:00,0.0,0.0,0.0,1,1,6,100,1.0,6,Typec,Toyota,Mail
2026-01-14 23:00:00,0.0,0.0,0.0,1,1,6,100,1.0,6,Typec,Toyota,Mail
2026-01-01 00:00:00,0.0,0.0,0.0,1,1,7,100,1.0,7,Typec,Toyota,Mail
2026-01-01 01:00:00,0.0,0.0,0.0,1,1,7,100,1.0,7,Typec,Toyota,Mail
2026-01-01 02:00:00,0.0,0.0,0.0,1,1,7,100,1.0,7,Typec,Toyota,Mail
2026-01-01 03:00:00,0.0,0.0,0.0,1,1,7,100,1.0,7,Typec,Toyota,Mail
2026-01-01 04:00:00,0.0,0.0,0.0,1,1,7,100,1.0,7,Typec,Toyota,Mail
2026-01-01 05:00:00,5.693017999786671,1.6140124725398477,0.283507354552599,0,0,7,0,1.1329772784640002,7,Typec,Toyota,Mail
2026-01-01 06:00:00,5.693017999786671,2.123296394682768,0.37296498882707424,0,0,7,0,1.1329772784640002,7,Typec,Toyota,Mail
2026-01-01 07:00:00,5.693017999786671,0.7150778118202596,0.12560610415197265,0,0,7,0,1.1329772784640002,7,Typec,Toyota,Mail
2026-01-01 08:00:00,5.693017999786671,2.876162889071171,0.5052088170420235,0,0,7,0,1.1329772784640002,7,Typec,Toyota,Mail
2026-01-01 09:00:00,5.693017999786671,2.2793344464323266,0.40037365884276815,0,0,7,0,1.1329772784640002,7,Typec,Toyota,Mail
2026-01-01 10:00:00,5.693017999786671,1.367375015750933,0.24018455866504754,0,0,7,0,1.1329772784640002,7,Typec,Toyota,Mail
2026-01-01 11:00:00,5.693017999786671,2.9025270178401907,0.5098397753088001,0,0,7,0,1.1329772784640002,7,Typec,Toyota,Mail
2026-01-01 12:00:00,5.693017999786671,1.7057061193497607,0.29961368810245764,0,0,7,0,1.1329772784640002,7,Typec,Toyota,Mail
2026-01-01 13:00:00,5.693017999786671,2.3338376738194766,0.4099473554987759,0,0,7,0,1.1329772784640002,7,Typec,Toyota,Mail
2026-01-01 14:00:00,5.693017999786671,1.897659957223014,0.3333311008842978,0,0,7,0,1.1329772784640002,7,Typec,Toyota,Mail
2026-01-01 15:00:00,5.693017999786671,1.0305157155975908,0.18101395703231685,0,0,7,0,1.1329772784640002,7,Typec,Toyota,Mail
2026-01-01 16:00:00,5.693017999786671,0.6450060039644868,0.11329772784640002,0,0,7,0,1.1329772784640002,7,Typec,Toyota,Mail
2026-01-01 17:00:00,5.693017999786671,1.7765189672565267,0.3120522308770316,0,0,7,0,1.1329772784640002,7,Typec,Toyota,Mail
2026-01-01 18:00:00,5.693017999786671,1.9151109444493413,0.3363964323529461,0,0,7,0,1.1329772784640002,7,Typec,Toyota,Mail
2026-01-01 19:00:00,5.693017999786671,2.628362160054078,0.46168168801724646,0,0,7,0,1.1329772784640002,7,Typec,Toyota,Mail
2026-01-01 20:00:00,5.693017999786671,1.1992900932035149,0.21065981053431676,0,0,7,0,1.1329772784640002,7,Typec,Toyota,Mail
2026-01-01 21:00:00,5.693017999786671,0.6450060039644868,0.11329772784640002,0,0,7,0,1.1329772784640002,7,Typec,Toyota,Mail
2026-01-01 22:00:00,5.693017999786671,1.2117048238771282,0.2128405046185579,0,0,7,0,1.1329772784640002,7,Typec,Toyota,Mail
2026-01-01 23:00:00,0.0,0.0,0.0,1,1,7,100,1.0,7,Typec,Toyota,Mail
2026-01-02 00:00:00,0.0,0.0,0.0,1,1,7,100,1.0,7,Typec,Toyota,Mail
2026-01-02 01:00:00,0.0,0.0,0.0,1,1,7,100,1.0,7,Typec,Toyota,Mail
2026-01-02 02:00:00,0.0,0.0,0.0,1,1,7,100,1.0,7,Typec,Toyota,Mail
2026-01-02 03:00:00,0.0,0.0,0.0,1,1,7,100,1.0,7,Typec,Toyota,Mail
2026-01-02 04:00:00,0.0,0.0,0.0,1,1,7,100,1.0,7,Typec,Toyota,Mail
2026-01-02 05:00:00,7.038022078505762,3.684402615688308,0.5234997240120254,0,0,7,0,1.23259004,7,Typec,Toyota,Mail
2026-01-02 06:00:00,7.038022078505762,1.9389079682241157,0.2754904640247682,0,0,7,0,1.23259004,7,Typec,Toyota,Mail
2026-01-02 07:00:00,7.038022078505762,3.6402745175523856,0.5172297666797389,0,0,7,0,1.23259004,7,Typec,Toyota,Mail
2026-01-02 08:00:00,7.038022078505762,1.3937063328131913,0.19802528569348965,0,0,7,0,1.23259004,7,Typec,Toyota,Mail
2026-01-02 09:00:00,7.038022078505762,1.5293302872520453,0.21729546599784702,0,0,7,0,1.23259004,7,Typec,Toyota,Mail
2026-01-02 10:00:00,7.038022078505762,1.4735986409949384,0.20937681418978968,0,0,7,0,1.23259004,7,Typec,Toyota,Mail
2026-01-02 11:00:00,7.038022078505762,2.713454087909146,0.38554213920358116,0,0,7,0,1.23259004,7,Typec,Toyota,Mail
2026-01-02 12:00:00,7.038022078505762,1.818217965287429,0.2583421798064967,0,0,7,0,1.23259004,7,Typec,Toyota,Mail
2026-01-02 13:00:00,7.038022078505762,2.4638678010790853,0.35007957826727754,0,0,7,0,1.23259004,7,Typec,Toyota,Mail
2026-01-02 14:00:00,7.038022078505762,1.5695957475525364,0.22301659898824536,0,0,7,0,1.23259004,7,Typec,Toyota,Mail
2026-01-02 15:00:00,7.038022078505762,2.915138906707526,0.4141986021343141,0,0,7,0,1.23259004,7,Typec,Toyota,Mail
2026-01-02 16:00:00,7.038022078505762,0.8674995915266301,0.123259004,0,0,7,0,1.23259004,7,Typec,Toyota,Mail
2026-01-02 17:00:00,7.038022078505762,2.473701913932763,0.3514768618711059,0,0,7,0,1.23259004,7,Typec,Toyota,Mail
2026-01-02 18:00:00,7.038022078505762,1.76814581880571,0.2512276601412856,0,0,7,0,1.23259004,7,Typec,Toyota,Mail
2026-01-02 19:00:00,7.038022078505762,3.577703739728321,0.5083393743044212,0,0,7,0,1.23259004,7,Typec,Toyota,Mail
2026-01-02 20:00:00,7.038022078505762,3.903748161869835,0.5546655180000001,0,0,7,0,1.23259004,7,Typec,Toyota,Mail
2026-01-02 21:00:00,7.038022078505762,2.5831454853384423,0.36702719265792194,0,0,7,0,1.23259004,7,Typec,Toyota,Mail
2026-01-02 22:00:00,7.038022078505762,2.813693354315433,0.3997846728711609,0,0,7,0,1.23259004,7,Typec,Toyota,Mail
2026-01-02 23:00:00,0.0,0.0,0.0,1,1,7,100,1.0,7,Typec,Toyota,Mail
2026-01-03 00:00:00,0.0,0.0,0.0,1,1,7,100,1.0,7,Typec,Toyota,Mail
2026-01-03 01:00:00,0.0,0.0,0.0,1,1,7,100,1.0,7,Typec,Toyota,Mail
2026-01-03 02:00:00,0.0,0.0,0.0,1,1,7,100,1.0,7,Typec,Toyota,Mail
2026-01-03 03:00:00,0.0,0.0,0.0,1,1,7,100,1.0,7,Typec,Toyota,Mail
2026-01-03 04:00:00,0.0,0.0,0.0,1,1,7,100,1.0,7,Typec,Toyota,Mail
2026-01-03 05:00:00,3.5974975803817477,1.4518186767199477,0.40356348942030096,0,0,7,0,1.209049010004,7,Typec,Toyota,Mail
2026-01-03 06:00:00,3.5974975803817477,0.4349550888052337,0.1209049010004,0,0,7,0,1.209049010004,7,Typec,Toyota,Mail
2026-01-03 07:00:00,3.5974975803817477,1.3580773395414614,0.3775061161812788,0,0,7,0,1.209049010004,7,Typec,Toyota,Mail
2026-01-03 08:00:00,3.5974975803817477,0.4349550888052337,0.1209049010004,0,0,7,0,1.209049010004,7,Typec,Toyota,Mail
2026-01-03 09:00:00,3.5974975803817477,1.8016768111493209,0.5008139049139086,0,0,7,0,1.209049010004,7,Typec,Toyota,Mail
2026-01-03 10:00:00,3.5974975803817477,1.9572978996235517,0.5440720545018,0,0,7,0,1.209049010004,7,Typec,Toyota,Mail
2026-01-03 11:00:00,3.5974975803817477,1.5544141098804443,0.4320820445737445,0,0,7,0,1.209049010004,7,Typec,Toyota,Mail
2026-01-03 12:00:00,3.5974975803817477,1.4042028508557678,0.39032767068790114,0,0,7,0,1.209049010004,7,Typec,Toyota,Mail
2026-01-03 13:00:00,3.5974975803817477,1.8179627447703077,0.5053409221688469,0,0,7,0,1.209049010004,7,Typec,Toyota,Mail
2026-01-03 14:00:00,3.5974975803817477,1.5440681889376153,0.4292061785831047,0,0,7,0,1.209049010004,7,Typec,Toyota,Mail
2026-01-03 15:00:00,3.5974975803817477,0.6816533193490789,0.18947985484864324,0,0,7,0,1.209049010004,7,Typec,Toyota,Mail
2026-01-03 16:00:00,3.5974975803817477,0.7573461901609106,0.21052027784284014,0,0,7,0,1.209049010004,7,Typec,Toyota,Mail
2026-01-03 17:00:00,3.5974975803817477,0.7425960214079461,0.20642015868406663,0,0,7,0,1.209049010004,7,Typec,Toyota,Mail
2026-01-03 18:00:00,3.5974975803817477,1.9572978996235517,0.5440720545018,0,0,7,0,1.209049010004,7,Typec,Toyota,Mail
2026-01-03 19:00:00,3.5974975803817477,1.4862550154447605,0.41313579293277714,0,0,7,0,1.209049010004,7,Typec,Toyota,Mail
2026-01-03 20:00:00,3.5974975803817477,1.008234892933294,0.2802600614470199,0,0,7,0,1.209049010004,7,Typec,Toyota,Mail
2026-01-03 21:00:00,3.5974975803817477,0.6904205211862336,0.191916882710723,0,0,7,0,1.209049010004,7,Typec,Toyota,Mail
2026-01-03 22:00:00,3.5974975803817477,1.021959990261439,0.284075240476741,0,0,7,0,1.209049010004,7,Typec,Toyota,Mail
2026-01-03 23:00:00,0.0,0.0,0.0,1,1,7,100,1.0,7,Typec,Toyota,Mail
2026-01-04 00:00:00,0.0,0.0,0.0,1,1,7,100,1.0,7,Typec,Toyota,Mail
2026-01-04 01:00:00,0.0,0.0,0.0,1,1,7,100,1.0,7,Typec,Toyota,Mail
2026-01-04 02:00:00,0.0,0.0,0.0,1,1,7,100,1.0,7,Typec,Toyota,Mail
2026-01-04 03:00:00,0.0,0.0,0.0,1,1,7,100,1.0,7,Typec,Toyota,Mail
2026-01-04 04:00:00,0.0,0.0,0.0,1,1,7,100,1.0,7,Typec,Toyota,Mail
2026-01-04 05:00:00,3.1536364178450618,1.1959318353902695,0.37922311799261627,0,0,7,0,1.3050301525,7,Typec,Toyota,Mail
2026-01-04 06:00:00,3.1536364178450618,1.8520157768894527,0.5872635686250001,0,0,7,0,1.3050301525,7,Typec,Toyota,Mail
2026-01-04 07:00:00,3.1536364178450618,1.450860991387036,0.46005968956257687,0,0,7,0,1.3050301525,7,Typec,Toyota,Mail
2026-01-04 08:00:00,3.1536364178450618,1.0356193521057406,0.32838895005322094,0,0,7,0,1.3050301525,7,Typec,Toyota,Mail
2026-01-04 09:00:00,3.1536364178450618,0.8563297658112689,0.27153725171540694,0,0,7,0,1.3050301525,7,Typec,Toyota,Mail
2026-01-04 10:00:00,3.1536364178450618,0.649187712068331,0.20585369587783142,0,0,7,0,1.3050301525,7,Typec,Toyota,Mail
2026-01-04 11:00:00,3.1536364178450618,0.9016673574942679,0.2859135417108082,0,0,7,0,1.3050301525,7,Typec,Toyota,Mail
2026-01-04 12:00:00,3.1536364178450618,1.8490877159548886,0.5863350973154999,0,0,7,0,1.3050301525,7,Typec,Toyota,Mail
2026-01-04 13:00:00,3.1536364178450618,1.7651882718217864,0.5597310653293293,0,0,7,0,1.3050301525,7,Typec,Toyota,Mail
2026-01-04 14:00:00,3.1536364178450618,1.4090138749925176,0.4467902092389341,0,0,7,0,1.3050301525,7,Typec,Toyota,Mail
2026-01-04 15:00:00,3.1536364178450618,0.620181394070977,0.19665595899439747,0,0,7,0,1.3050301525,7,Typec,Toyota,Mail
2026-01-04 16:00:00,3.1536364178450618,0.41155906153098953,0.13050301525000002,0,0,7,0,1.3050301525,7,Typec,Toyota,Mail
2026-01-04 17:00:00,3.1536364178450618,1.5757261453352982,0.4996537129070894,0,0,7,0,1.3050301525,7,Typec,Toyota,Mail
2026-01-04 18:00:00,3.1536364178450618,1.3509791723362303,0.4283877382603856,0,0,7,0,1.3050301525,7,Typec,Toyota,Mail
2026-01-04 19:00:00,3.1536364178450618,0.9065541419808968,0.2874631130117283,0,0,7,0,1.3050301525,7,Typec,Toyota,Mail
2026-01-04 20:00:00,3.1536364178450618,1.0371375191978403,0.3288703521208496,0,0,7,0,1.3050301525,7,Typec,Toyota,Mail
2026-01-04 21:00:00,3.1536364178450618,0.5891870982833728,0.1868278457685922,0,0,7,0,1.3050301525,7,Typec,Toyota,Mail
2026-01-04 22:00:00,3.1536364178450618,0.8523263101521158,0.27026777891362824,0,0,7,0,1.3050301525,7,Typec,Toyota,Mail
2026-01-04 23:00:00,0.0,0.0,0.0,1,1,7,100,1.0,7,Typec,Toyota,Mail
2026-01-05 00:00:00,0.0,0.0,0.0,1,1,7,100,1.0,7,Typec,Toyota,Mail
2026-01-05 01:00:00,0.0,0.0,0.0,1,1,7,100,1.0,7,Typec,Toyota,Mail
2026-01-05 02:00:00,0.0,0.0,0.0,1,1,7,100,1.0,7,Typec,Toyota,Mail
2026-01-05 03:00:00,0.0,0.0,0.0,1,1,7,100,1.0,7,Typec,Toyota,Mail
2026-01-05 04:00:00,7.6542052020117834,3.8342503059021307,0.5009338271848736,0,0,7,0,1.226197579604,7,Typec,Toyota,Mail
2026-01-05 05:00:00,7.6542052020117834,2.903707956776133,0.37936113288587303,0,0,7,0,1.226197579604,7,Typec,Toyota,Mail
2026-01-05 06:00:00,7.6542052020117834,1.270658124695451,0.1660078468188283,0,0,7,0,1.226197579604,7,Typec,Toyota,Mail
2026-01-05 07:00:00,7.6542052020117834,2.8953115617627305,0.3782641679114828,0,0,7,0,1.226197579604,7,Typec,Toyota,Mail
2026-01-05 08:00:00,7.6542052020117834,3.525515923518646,0.4605985638576846,0,0,7,0,1.226197579604,7,Typec,Toyota,Mail
2026-01-05 09:00:00,7.6542052020117834,3.4739077085760983,0.453856098300453,0,0,7,0,1.226197579604,7,Typec,Toyota,Mail
2026-01-05 10:00:00,7.6542052020117834,3.6531808432963437,0.4772776201944736,0,0,7,0,1.226197579604,7,Typec,Toyota,Mail
2026-01-05 11:00:00,7.6542052020117834,2.8448610791851836,0.3716729567738082,0,0,7,0,1.226197579604,7,Typec,Toyota,Mail
2026-01-05 12:00:00,7.6542052020117834,0.9622219999950596,0.12571155000419315,0,0,7,0,1.226197579604,7,Typec,Toyota,Mail
2026-01-05 13:00:00,7.6542052020117834,2.5175945971675966,0.32891652767630103,0,0,7,0,1.226197579604,7,Typec,Toyota,Mail
2026-01-05 14:00:00,7.6542052020117834,2.0614424738898705,0.26932155847455647,0,0,7,0,1.226197579604,7,Typec,Toyota,Mail
2026-01-05 15:00:00,7.6542052020117834,2.6973689768676135,0.35240353579214906,0,0,7,0,1.226197579604,7,Typec,Toyota,Mail
2026-01-05 16:00:00,7.6542052020117834,0.9385567892499196,0.12261975796040002,0,0,7,0,1.226197579604,7,Typec,Toyota,Mail
2026-01-05 17:00:00,7.6542052020117834,0.9385567892499196,0.12261975796040002,0,0,7,0,1.226197579604,7,Typec,Toyota,Mail
2026-01-05 18:00:00,7.6542052020117834,3.0324328775295104,0.3961786753159538,0,0,7,0,1.226197579604,7,Typec,Toyota,Mail
2026-01-05 19:00:00,7.6542052020117834,2.343833344011358,0.30621511733123113,0,0,7,0,1.226197579604,7,Typec,Toyota,Mail
2026-01-05 20:00:00,7.6542052020117834,1.3183923735882734,0.17224418980062822,0,0,7,0,1.226197579604,7,Typec,Toyota,Mail
2026-01-05 21:00:00,7.6542052020117834,3.920537364957649,0.5122069844596274,0,0,7,0,1.226197579604,7,Typec,Toyota,Mail
2026-01-05 22:00:00,7.6542052020117834,4.223505551624639,0.5517889108218,0,0,7,0,1.226197579604,7,Typec,Toyota,Mail
2026-01-05 23:00:00,0.0,0.0,0.0,1,1,7,100,1.0,7,Typec,Toyota,Mail
2026-01-06 00:00:00,0.0,0.0,0.0,1,1,7,100,1.0,7,Typec,Toyota,Mail
2026-01-06 01:00:00,0.0,0.0,0.0,1,1,7,100,1.0,7,Typec,Toyota,Mail
2026-01-06 02:00:00,0.0,0.0,0.0,1,1,7,100,1.0,7,Typec,Toyota,Mail
2026-01-06 03:00:00,0.0,0.0,0.0,1,1,7,100,1.0,7,Typec,Toyota,Mail
2026-01-06 04:00:00,7.258127959352974,0.9657883866124403,0.13306301459840003,0,0,7,0,1.3306301459840002,7,Typec,Toyota,Mail
2026-01-06 05:00:00,7.258127959352974,1.4052867353155876,0.19361559112562987,0,0,7,0,1.3306301459840002,7,Typec,Toyota,Mail
2026-01-06 06:00:00,7.258127959352974,2.0687201275092573,0.28502117062340593,0,0,7,0,1.3306301459840002,7,Typec,Toyota,Mail
2026-01-06 07:00:00,7.258127959352974,4.067551932518593,0.5604133676476537,0,0,7,0,1.3306301459840002,7,Typec,Toyota,Mail
2026-01-06 08:00:00,7.258127959352974,3.5238856242850027,0.4855088865916246,0,0,7,0,1.3306301459840002,7,Typec,Toyota,Mail
2026-01-06 09:00:00,7.258127959352974,4.3460477397559805,0.5987835656928001,0,0,7,0,1.3306301459840002,7,Typec,Toyota,Mail
2026-01-06 10:00:00,7.258127959352974,2.943164373373488,0.40549910250354093,0,0,7,0,1.3306301459840002,7,Typec,Toyota,Mail
2026-01-06 11:00:00,7.258127959352974,4.3460477397559805,0.5987835656928001,0,0,7,0,1.3306301459840002,7,Typec,Toyota,Mail
2026-01-06 12:00:00,7.258127959352974,3.734865793151237,0.5145770113267859,0,0,7,0,1.3306301459840002,7,Typec,Toyota,Mail
2026-01-06 13:00:00,7.258127959352974,3.3907415900773783,0.46716475778137784,0,0,7,0,1.3306301459840002,7,Typec,Toyota,Mail
2026-01-06 14:00:00,7.258127959352974,4.279196618840226,0.5895730473208267,0,0,7,0,1.3306301459840002,7,Typec,Toyota,Mail
2026-01-06 15:00:00,7.258127959352974,4.165866702600968,0.573958839790465,0,0,7,0,1.3306301459840002,7,Typec,Toyota,Mail
2026-01-06 16:00:00,7.258127959352974,1.4444160308533711,0.1990066913868702,0,0,7,0,1.3306301459840002,7,Typec,Toyota,Mail
2026-01-06 17:00:00,7.258127959352974,1.9917982355611068,0.27442313592645257,0,0,7,0,1.3306301459840002,7,Typec,Toyota,Mail
2026-01-06 18:00:00,7.258127959352974,3.0017315207127755,0.41356828338148577,0,0,7,0,1.3306301459840002,7,Typec,Toyota,Mail
2026-01-06 19:00:00,7.258127959352974,1.938971516002727,0.26714485151837647,0,0,7,0,1.3306301459840002,7,Typec,Toyota,Mail
2026-01-06 20:00:00,7.258127959352974,2.966479587453975,0.40871139280912067,0,0,7,0,1.3306301459840002,7,Typec,Toyota,Mail
2026-01-06 21:00:00,7.258127959352974,1.0177364518422176,0.1402202410238223,0,0,7,0,1.3306301459840002,7,Typec,Toyota,Mail
2026-01-06 22:00:00,7.258127959352974,0.9657883866124403,0.13306301459840003,0,0,7,0,1.3306301459840002,7,Typec,Toyota,Mail
2026-01-06 23:00:00,0.0,0.0,0.0,1,1,7,100,1.0,7,Typec,Toyota,Mail
2026-01-07 00:00:00,0.0,0.0,0.0,1,1,7,100,1.0,7,Typec,Toyota,Mail
2026-01-07 01:00:00,0.0,0.0,0.0,1,1,7,100,1.0,7,Typec,Toyota,Mail
2026-01-07 02:00:00,0.0,0.0,0.0,1,1,7,100,1.0,7,Typec,Toyota,Mail
2026-01-07 03:00:00,0.0,0.0,0.0,1,1,7,100,1.0,7,Typec,Toyota,Mail
2026-01-07 04:00:00,0.0,0.0,0.0,1,1,7,100,1.0,7,Typec,Toyota,Mail
2026-01-07 05:00:00,6.9694701310404366,4.023059289974458,0.5772403374048001,0,0,7,0,1.282756305344,7,Typec,Toyota,Mail
2026-01-07 06:00:00,6.9694701310404366,2.589306021650088,0.3715212165294901,0,0,7,0,1.282756305344,7,Typec,Toyota,Mail
2026-01-07 07:00:00,6.9694701310404366,1.2812614684787953,0.18383915052198127,0,0,7,0,1.282756305344,7,Typec,Toyota,Mail
2026-01-07 08:00:00,6.9694701310404366,2.767828521910361,0.39713614806713665,0,0,7,0,1.282756305344,7,Typec,Toyota,Mail
2026-01-07 09:00:00,6.9694701310404366,2.875516829201949,0.4125875820021167,0,0,7,0,1.282756305344,7,Typec,Toyota,Mail
2026-01-07 10:00:00,6.9694701310404366,3.8909700911349194,0.5582877920382243,0,0,7,0,1.282756305344,7,Typec,Toyota,Mail
2026-01-07 11:00:00,6.9694701310404366,2.345661732058625,0.3365624198045674,0,0,7,0,1.282756305344,7,Typec,Toyota,Mail
2026-01-07 12:00:00,6.9694701310404366,2.1644329757994933,0.3105591867249134,0,0,7,0,1.282756305344,7,Typec,Toyota,Mail
2026-01-07 13:00:00,6.9694701310404366,4.023059289974458,0.5772403374048001,0,0,7,0,1.282756305344,7,Typec,Toyota,Mail
2026-01-07 14:00:00,6.9694701310404366,3.692806805019261,0.5298547429843107,0,0,7,0,1.282756305344,7,Typec,Toyota,Mail
2026-01-07 15:00:00,6.9694701310404366,1.8537152876601863,0.2659765022026796,0,0,7,0,1.282756305344,7,Typec,Toyota,Mail
2026-01-07 16:00:00,6.9694701310404366,0.8940131755498796,0.12827563053440003,0,0,7,0,1.282756305344,7,Typec,Toyota,Mail
2026-01-07 17:00:00,6.9694701310404366,3.5832425762958815,0.514134146344488,0,0,7,0,1.282756305344,7,Typec,Toyota,Mail
2026-01-07 18:00:00,6.9694701310404366,2.946690839408377,0.4227998375779653,0,0,7,0,1.282756305344,7,Typec,Toyota,Mail
2026-01-07 19:00:00,6.9694701310404366,2.9600653068640033,0.42471884536538074,0,0,7,0,1.282756305344,7,Typec,Toyota,Mail
2026-01-07 20:00:00,6.9694701310404366,0.8940131755498796,0.12827563053440003,0,0,7,0,1.282756305344,7,Typec,Toyota,Mail
2026-01-07 21:00:00,6.9694701310404366,3.252570066677101,0.46668828555429104,0,0,7,0,1.282756305344,7,Typec,Toyota,Mail
2026-01-07 22:00:00,6.9694701310404366,1.8496987510234526,0.2654001977546779,0,0,7,0,1.282756305344,7,Typec,Toyota,Mail
2026-01-07 23:00:00,0.0,0.0,0.0,1,1,7,100,1.0,7,Typec,Toyota,Mail
2026-01-08 00:00:00,0.0,0.0,0.0,1,1,7,100,1.0,7,Typec,Toyota,Mail
2026-01-08 01:00:00,0.0,0.0,0.0,1,1,7,100,1.0,7,Typec,Toyota,Mail
2026-01-08 02:00:00,0.0,0.0,0.0,1,1,7,100,1.0,7,Typec,Toyota,Mail
2026-01-08 03:00:00,0.0,0.0,0.0,1,1,7,100,1.0,7,Typec,Toyota,Mail
2026-01-08 04:00:00,0.0,0.0,0.0,1,1,7,100,1.0,7,Typec,Toyota,Mail
2026-01-08 05:00:00,7.1576782747086085,2.6680970599540115,0.3727601266155862,0,0,7,0,1.176585222144,7,Typec,Toyota,Mail
2026-01-08 06:00:00,7.1576782747086085,1.2266622750830762,0.17137711811069267,0,0,7,0,1.176585222144,7,Typec,Toyota,Mail
2026-01-08 07:00:00,7.1576782747086085,3.3341339314979126,0.46581220942535956,0,0,7,0,1.176585222144,7,Typec,Toyota,Mail
2026-01-08 08:00:00,7.1576782747086085,3.0795723094442207,0.43024737788589573,0,0,7,0,1.176585222144,7,Typec,Toyota,Mail
2026-01-08 09:00:00,7.1576782747086085,2.136296453062479,0.298462206748102,0,0,7,0,1.176585222144,7,Typec,Toyota,Mail
2026-01-08 10:00:00,7.1576782747086085,3.5903260899766547,0.5016048433837742,0,0,7,0,1.176585222144,7,Typec,Toyota,Mail
2026-01-08 11:00:00,7.1576782747086085,2.662256463596896,0.37194413627165684,0,0,7,0,1.176585222144,7,Typec,Toyota,Mail
2026-01-08 12:00:00,7.1576782747086085,3.6521059242176235,0.5102361106564687,0,0,7,0,1.176585222144,7,Typec,Toyota,Mail
2026-01-08 13:00:00,7.1576782747086085,2.3603635650683588,0.32976664701578107,0,0,7,0,1.176585222144,7,Typec,Toyota,Mail
2026-01-08 14:00:00,7.1576782747086085,2.57224898795856,0.35936918218963637,0,0,7,0,1.176585222144,7,Typec,Toyota,Mail
2026-01-08 15:00:00,7.1576782747086085,2.561278427767237,0.35783648404782586,0,0,7,0,1.176585222144,7,Typec,Toyota,Mail
2026-01-08 16:00:00,7.1576782747086085,0.8674279765699255,0.12118845570845929,0,0,7,0,1.176585222144,7,Typec,Toyota,Mail
2026-01-08 17:00:00,7.1576782747086085,3.7470866778166676,0.5235058819361663,0,0,7,0,1.176585222144,7,Typec,Toyota,Mail
2026-01-08 18:00:00,7.1576782747086085,2.540888644020406,0.3549878251721012,0,0,7,0,1.176585222144,7,Typec,Toyota,Mail
2026-01-08 19:00:00,7.1576782747086085,2.6671336987033456,0.37262553531185716,0,0,7,0,1.176585222144,7,Typec,Toyota,Mail
2026-01-08 20:00:00,7.1576782747086085,0.8421618482883312,0.11765852221440001,0,0,7,0,1.176585222144,7,Typec,Toyota,Mail
2026-01-08 21:00:00,7.1576782747086085,2.8141633717528562,0.39316706671443985,0,0,7,0,1.176585222144,7,Typec,Toyota,Mail
2026-01-08 22:00:00,7.1576782747086085,1.3762855709030946,0.19228100482891902,0,0,7,0,1.176585222144,7,Typec,Toyota,Mail
2026-01-08 23:00:00,0.0,0.0,0.0,1,1,7,100,1.0,7,Typec,Toyota,Mail
2026-01-09 00:00:00,0.0,0.0,0.0,1,1,7,100,1.0,7,Typec,Toyota,Mail
2026-01-09 01:00:00,0.0,0.0,0.0,1,1,7,100,1.0,7,Typec,Toyota,Mail
2026-01-09 02:00:00,0.0,0.0,0.0,1,1,7,100,1.0,7,Typec,Toyota,Mail
2026-01-09 03:00:00,0.0,0.0,0.0,1,1,7,100,1.0,7,Typec,Toyota,Mail
2026-01-09 04:00:00,0.0,0.0,0.0,1,1,7,100,1.0,7,Typec,Toyota,Mail
2026-01-09 05:00:00,5.5495791160800705,2.2818698697003006,0.41117890599820717,0,0,7,0,1.137342385344,7,Typec,Toyota,Mail
2026-01-09 06:00:00,5.5495791160800705,1.0009340257399415,0.18036215085927962,0,0,7,0,1.137342385344,7,Typec,Toyota,Mail
2026-01-09 07:00:00,5.5495791160800705,0.6311771549537755,0.1137342385344,0,0,7,0,1.137342385344,7,Typec,Toyota,Mail
2026-01-09 08:00:00,5.5495791160800705,1.676303944485119,0.30205965342992924,0,0,7,0,1.137342385344,7,Typec,Toyota,Mail
2026-01-09 09:00:00,5.5495791160800705,2.083509157028114,0.3754355264512013,0,0,7,0,1.137342385344,7,Typec,Toyota,Mail
2026-01-09 10:00:00,5.5495791160800705,1.9622391483594996,0.3535834172854394,0,0,7,0,1.137342385344,7,Typec,Toyota,Mail
2026-01-09 11:00:00,5.5495791160800705,2.8402971972919895,0.5118040734047999,0,0,7,0,1.137342385344,7,Typec,Toyota,Mail
2026-01-09 12:00:00,5.5495791160800705,2.6664599382356124,0.48047966926166813,0,0,7,0,1.137342385344,7,Typec,Toyota,Mail
2026-01-09 13:00:00,5.5495791160800705,1.1270710923035767,0.203091273901809,0,0,7,0,1.137342385344,7,Typec,Toyota,Mail
2026-01-09 14:00:00,5.5495791160800705,1.7230674899435339,0.3104861564998496,0,0,7,0,1.137342385344,7,Typec,Toyota,Mail
2026-01-09 15:00:00,5.5495791160800705,1.1945966688546892,0.2152589671878557,0,0,7,0,1.137342385344,7,Typec,Toyota,Mail
2026-01-09 16:00:00,5.5495791160800705,1.1387939176599848,0.2052036548790332,0,0,7,0,1.137342385344,7,Typec,Toyota,Mail
2026-01-09 17:00:00,5.5495791160800705,1.7641168344551597,0.31788299572909573,0,0,7,0,1.137342385344,7,Typec,Toyota,Mail
2026-01-09 18:00:00,5.5495791160800705,1.1160909994337744,0.2011127287472788,0,0,7,0,1.137342385344,7,Typec,Toyota,Mail
2026-01-09 19:00:00,5.5495791160800705,0.8292098657235106,0.14941851415738006,0,0,7,0,1.137342385344,7,Typec,Toyota,Mail
2026-01-09 20:00:00,5.5495791160800705,1.4395322797683583,0.2593948567373822,0,0,7,0,1.137342385344,7,Typec,Toyota,Mail
2026-01-09 21:00:00,5.5495791160800705,2.3764194006835324,0.4282161495450685,0,0,7,0,1.137342385344,7,Typec,Toyota,Mail
2026-01-09 22:00:00,5.5495791160800705,1.4000723823310535,0.2522844260881518,0,0,7,0,1.137342385344,7,Typec,Toyota,Mail
2026-01-09 23:00:00,0.0,0.0,0.0,1,1,7,100,1.0,7,Typec,Toyota,Mail
2026-01-10 00:00:00,0.0,0.0,0.0,1,1,7,100,1.0,7,Typec,Toyota,Mail
2026-01-10 01:00:00,0.0,0.0,0.0,1,1,7,100,1.0,7,Typec,Toyota,Mail
2026-01-10 02:00:00,0.0,0.0,0.0,1,1,7,100,1.0,7,Typec,Toyota,Mail
2026-01-10 03:00:00,0.0,0.0,0.0,1,1,7,100,1.0,7,Typec,Toyota,Mail
2026-01-10 04:00:00,0.0,0.0,0.0,1,1,7,100,1.0,7,Typec,Toyota,Mail
2026-01-10 05:00:00,2.6696448052327613,0.31758362635387377,0.11896100400000001,0,0,7,0,1.18961004,7,Typec,Toyota,Mail
2026-01-10 06:00:00,2.6696448052327613,1.160228112201752,0.43460017974211135,0,0,7,0,1.18961004,7,Typec,Toyota,Mail
2026-01-10 07:00:00,2.6696448052327613,1.0716387990788927,0.4014162472020163,0,0,7,0,1.18961004,7,Typec,Toyota,Mail
2026-01-10 08:00:00,2.6696448052327613,0.6850116739378107,0.2565928143680844,0,0,7,0,1.18961004,7,Typec,Toyota,Mail
2026-01-10 09:00:00,2.6696448052327613,0.8954798587220599,0.3354303377613505,0,0,7,0,1.18961004,7,Typec,Toyota,Mail
2026-01-10 10:00:00,2.6696448052327613,0.31758362635387377,0.11896100400000001,0,0,7,0,1.18961004,7,Typec,Toyota,Mail
2026-01-10 11:00:00,2.6696448052327613,0.9157799511110161,0.34303438019769483,0,0,7,0,1.18961004,7,Typec,Toyota,Mail
2026-01-10 12:00:00,2.6696448052327613,0.7782446621823459,0.29151618247375505,0,0,7,0,1.18961004,7,Typec,Toyota,Mail
2026-01-10 13:00:00,2.6696448052327613,1.2314827436900495,0.4612908583479812,0,0,7,0,1.18961004,7,Typec,Toyota,Mail
2026-01-10 14:00:00,2.6696448052327613,0.996512869691774,0.37327545137784346,0,0,7,0,1.18961004,7,Typec,Toyota,Mail
2026-01-10 15:00:00,2.6696448052327613,0.32484192751879837,0.12167983054602502,0,0,7,0,1.18961004,7,Typec,Toyota,Mail
2026-01-10 16:00:00,2.6696448052327613,0.7734481111904502,0.28971948240995105,0,0,7,0,1.18961004,7,Typec,Toyota,Mail
2026-01-10 17:00:00,2.6696448052327613,0.31758362635387377,0.11896100400000001,0,0,7,0,1.18961004,7,Typec,Toyota,Mail
2026-01-10 18:00:00,2.6696448052327613,0.577235998105511,0.21622202211098374,0,0,7,0,1.18961004,7,Typec,Toyota,Mail
2026-01-10 19:00:00,2.6696448052327613,1.4104345622971042,0.5283229287778346,0,0,7,0,1.18961004,7,Typec,Toyota,Mail
2026-01-10 20:00:00,2.6696448052327613,0.35319035892877515,0.1322986332250972,0,0,7,0,1.18961004,7,Typec,Toyota,Mail
2026-01-10 21:00:00,2.6696448052327613,0.6738856268392085,0.25242520110477906,0,0,7,0,1.18961004,7,Typec,Toyota,Mail
2026-01-10 22:00:00,2.6696448052327613,1.4291263185924319,0.535324518,0,0,7,0,1.18961004,7,Typec,Toyota,Mail
2026-01-10 23:00:00,0.0,0.0,0.0,1,1,7,100,1.0,7,Typec,Toyota,Mail
2026-01-11 00:00:00,0.0,0.0,0.0,1,1,7,100,1.0,7,Typec,Toyota,Mail
2026-01-11 01:00:00,0.0,0.0,0.0,1,1,7,100,1.0,7,Typec,Toyota,Mail
2026-01-11 02:00:00,0.0,0.0,0.0,1,1,7,100,1.0,7,Typec,Toyota,Mail
2026-01-11 03:00:00,0.0,0.0,0.0,1,1,7,100,1.0,7,Typec,Toyota,Mail
2026-01-11 04:00:00,0.0,0.0,0.0,1,1,7,100,1.0,7,Typec,Toyota,Mail
2026-01-11 05:00:00,4.006097907439971,0.9081757621342412,0.22669834415369933,0,0,7,0,1.122069513044,7,Typec,Toyota,Mail
2026-01-11 06:00:00,4.006097907439971,1.6725936564431805,0.41751192683955723,0,0,7,0,1.122069513044,7,Typec,Toyota,Mail
2026-01-11 07:00:00,4.006097907439971,1.4055057939392492,0.35084159858624475,0,0,7,0,1.122069513044,7,Typec,Toyota,Mail
2026-01-11 08:00:00,4.006097907439971,1.48586669598034,0.3709012436318258,0,0,7,0,1.122069513044,7,Typec,Toyota,Mail
2026-01-11 09:00:00,4.006097907439971,0.8363516378367192,0.20876964496635966,0,0,7,0,1.122069513044,7,Typec,Toyota,Mail
2026-01-11 10:00:00,4.006097907439971,1.9106462384719234,0.4769344840333395,0,0,7,0,1.122069513044,7,Typec,Toyota,Mail
2026-01-11 11:00:00,4.006097907439971,0.6644424456420529,0.16585776508559016,0,0,7,0,1.122069513044,7,Typec,Toyota,Mail
2026-01-11 12:00:00,4.006097907439971,1.2183925684892003,0.3041344961206386,0,0,7,0,1.122069513044,7,Typec,Toyota,Mail
2026-01-11 13:00:00,4.006097907439971,2.0228041476934897,0.5049312808698,0,0,7,0,1.122069513044,7,Typec,Toyota,Mail
2026-01-11 14:00:00,4.006097907439971,0.8880286804017742,0.22166924047277065,0,0,7,0,1.122069513044,7,Typec,Toyota,Mail
2026-01-11 15:00:00,4.006097907439971,1.9105359999900606,0.4769069663629256,0,0,7,0,1.122069513044,7,Typec,Toyota,Mail
2026-01-11 16:00:00,4.006097907439971,1.9479405965260854,0.4862438815857309,0,0,7,0,1.122069513044,7,Typec,Toyota,Mail
2026-01-11 17:00:00,4.006097907439971,1.34918036314851,0.33678167491684713,0,0,7,0,1.122069513044,7,Typec,Toyota,Mail
2026-01-11 18:00:00,4.006097907439971,1.6045603086478786,0.4005294792391247,0,0,7,0,1.122069513044,7,Typec,Toyota,Mail
2026-01-11 19:00:00,4.006097907439971,0.9439106066591253,0.23561845677963358,0,0,7,0,1.122069513044,7,Typec,Toyota,Mail
2026-01-11 20:00:00,4.006097907439971,0.7185642966741204,0.17936763236356018,0,0,7,0,1.122069513044,7,Typec,Toyota,Mail
2026-01-11 21:00:00,4.006097907439971,1.4839304831835602,0.37041792723729033,0,0,7,0,1.122069513044,7,Typec,Toyota,Mail
2026-01-11 22:00:00,4.006097907439971,1.0618764229926005,0.26506502025837275,0,0,7,0,1.122069513044,7,Typec,Toyota,Mail
2026-01-11 23:00:00,0.0,0.0,0.0,1,1,7,100,1.0,7,Typec,Toyota,Mail
2026-01-12 00:00:00,0.0,0.0,0.0,1,1,7,100,1.0,7,Typec,Toyota,Mail
2026-01-12 01:00:00,0.0,0.0,0.0,1,1,7,100,1.0,7,Typec,Toyota,Mail
2026-01-12 02:00:00,0.0,0.0,0.0,1,1,7,100,1.0,7,Typec,Toyota,Mail
2026-01-12 03:00:00,0.0,0.0,0.0,1,1,7,100,1.0,7,Typec,Toyota,Mail
2026-01-12 04:00:00,0.0,0.0,0.0,1,1,7,100,1.0,7,Typec,Toyota,Mail
2026-01-12 05:00:00,6.52213148399854,3.286829446565335,0.5039501970528,0,0,7,0,1.119889326784,7,Typec,Toyota,Mail
2026-01-12 06:00:00,6.52213148399854,2.0896518847249874,0.3203940138054192,0,0,7,0,1.119889326784,7,Typec,Toyota,Mail
2026-01-12 07:00:00,6.52213148399854,2.345047172515362,0.35955226880487207,0,0,7,0,1.119889326784,7,Typec,Toyota,Mail
2026-01-12 08:00:00,6.52213148399854,2.632387467513509,0.4036084635784841,0,0,7,0,1.119889326784,7,Typec,Toyota,Mail
2026-01-12 09:00:00,6.52213148399854,2.011282629885796,0.3083781176169625,0,0,7,0,1.119889326784,7,Typec,Toyota,Mail
2026-01-12 10:00:00,6.52213148399854,0.7931609029262354,0.12161068890932113,0,0,7,0,1.119889326784,7,Typec,Toyota,Mail
2026-01-12 11:00:00,6.52213148399854,3.286829446565335,0.5039501970528,0,0,7,0,1.119889326784,7,Typec,Toyota,Mail
2026-01-12 12:00:00,6.52213148399854,1.9980485158299433,0.30634900886803257,0,0,7,0,1.119889326784,7,Typec,Toyota,Mail
2026-01-12 13:00:00,6.52213148399854,3.0728661283434406,0.4711444618806659,0,0,7,0,1.119889326784,7,Typec,Toyota,Mail
2026-01-12 14:00:00,6.52213148399854,2.1419331550657525,0.3284099930093087,0,0,7,0,1.119889326784,7,Typec,Toyota,Mail
2026-01-12 15:00:00,6.52213148399854,2.3255642133171497,0.3565650614408359,0,0,7,0,1.119889326784,7,Typec,Toyota,Mail
2026-01-12 16:00:00,6.52213148399854,1.1087919869669949,0.1700045437120236,0,0,7,0,1.119889326784,7,Typec,Toyota,Mail
2026-01-12 17:00:00,6.52213148399854,1.576076009303774,0.24165045018956363,0,0,7,0,1.119889326784,7,Typec,Toyota,Mail
2026-01-12 18:00:00,6.52213148399854,2.1057845478795865,0.32286754001294493,0,0,7,0,1.119889326784,7,Typec,Toyota,Mail
2026-01-12 19:00:00,6.52213148399854,1.0927191840332848,0.16754019551954336,0,0,7,0,1.119889326784,7,Typec,Toyota,Mail
2026-01-12 20:00:00,6.52213148399854,0.7304065436811856,0.1119889326784,0,0,7,0,1.119889326784,7,Typec,Toyota,Mail
2026-01-12 21:00:00,6.52213148399854,2.9631874769220494,0.4543280803510266,0,0,7,0,1.119889326784,7,Typec,Toyota,Mail
2026-01-12 22:00:00,0.0,0.0,0.0,1,1,7,100,1.0,7,Typec,Toyota,Mail
2026-01-12 23:00:00,0.0,0.0,0.0,1,1,7,100,1.0,7,Typec,Toyota,Mail
2026-01-13 00:00:00,0.0,0.0,0.0,1,1,7,100,1.0,7,Typec,Toyota,Mail
2026-01-13 01:00:00,0.0,0.0,0.0,1,1,7,100,1.0,7,Typec,Toyota,Mail
2026-01-13 02:00:00,0.0,0.0,0.0,1,1,7,100,1.0,7,Typec,Toyota,Mail
2026-01-13 03:00:00,0.0,0.0,0.0,1,1,7,100,1.0,7,Typec,Toyota,Mail
2026-01-13 04:00:00,0.0,0.0,0.0,1,1,7,100,1.0,7,Typec,Toyota,Mail
2026-01-13 05:00:00,6.4572631057051675,3.266810818349481,0.505912608,0,0,7,0,1.12425024,7,Typec,Toyota,Mail
2026-01-13 06:00:00,6.4572631057051675,0.7259579596332181,0.11242502400000001,0,0,7,0,1.12425024,7,Typec,Toyota,Mail
2026-01-13 07:00:00,6.4572631057051675,0.7259579596332181,0.11242502400000001,0,0,7,0,1.12425024,7,Typec,Toyota,Mail
2026-01-13 08:00:00,6.4572631057051675,2.4693919142442153,0.3824208296642645,0,0,7,0,1.12425024,7,Typec,Toyota,Mail
2026-01-13 09:00:00,6.4572631057051675,0.7259579596332181,0.11242502400000001,0,0,7,0,1.12425024,7,Typec,Toyota,Mail
2026-01-13 10:00:00,6.4572631057051675,2.1369990289488645,0.33094501400458154,0,0,7,0,1.12425024,7,Typec,Toyota,Mail
2026-01-13 11:00:00,6.4572631057051675,1.7759279649235158,0.2750279701866934,0,0,7,0,1.12425024,7,Typec,Toyota,Mail
2026-01-13 12:00:00,6.4572631057051675,1.3727852331307502,0.21259552393302,0,0,7,0,1.12425024,7,Typec,Toyota,Mail
2026-01-13 13:00:00,6.4572631057051675,2.5356849280908293,0.3926872556657143,0,0,7,0,1.12425024,7,Typec,Toyota,Mail
2026-01-13 14:00:00,6.4572631057051675,0.9261647959571918,0.14342993011062227,0,0,7,0,1.12425024,7,Typec,Toyota,Mail
2026-01-13 15:00:00,6.4572631057051675,0.9452388569610785,0.14638382260216937,0,0,7,0,1.12425024,7,Typec,Toyota,Mail
2026-01-13 16:00:00,6.4572631057051675,2.6912231666012576,0.41677458739810197,0,0,7,0,1.12425024,7,Typec,Toyota,Mail
2026-01-13 17:00:00,6.4572631057051675,1.1199121901065474,0.1734344987611043,0,0,7,0,1.12425024,7,Typec,Toyota,Mail
2026-01-13 18:00:00,6.4572631057051675,2.1556977886707283,0.3338407856985277,0,0,7,0,1.12425024,7,Typec,Toyota,Mail
2026-01-13 19:00:00,6.4572631057051675,2.0140235967229363,0.31190050083966564,0,0,7,0,1.12425024,7,Typec,Toyota,Mail
2026-01-13 20:00:00,6.4572631057051675,3.206775170113717,0.4966152249984121,0,0,7,0,1.12425024,7,Typec,Toyota,Mail
2026-01-13 21:00:00,6.4572631057051675,1.5726444608556043,0.24354659785600655,0,0,7,0,1.12425024,7,Typec,Toyota,Mail
2026-01-13 22:00:00,6.4572631057051675,2.0374727258582292,0.31553193551275105,0,0,7,0,1.12425024,7,Typec,Toyota,Mail
2026-01-13 23:00:00,0.0,0.0,0.0,1,1,7,100,1.0,7,Typec,Toyota,Mail
2026-01-14 00:00:00,0.0,0.0,0.0,1,1,7,100,1.0,7,Typec,Toyota,Mail
2026-01-14 01:00:00,0.0,0.0,0.0,1,1,7,100,1.0,7,Typec,Toyota,Mail
2026-01-14 02:00:00,0.0,0.0,0.0,1,1,7,100,1.0,7,Typec,Toyota,Mail
2026-01-14 03:00:00,0.0,0.0,0.0,1,1,7,100,1.0,7,Typec,Toyota,Mail
2026-01-14 04:00:00,0.0,0.0,0.0,1,1,7,100,1.0,7,Typec,Toyota,Mail
2026-01-14 05:00:00,6.97075771680979,3.2109243698884504,0.46062773952756886,0,0,7,0,1.102475,7,Typec,Toyota,Mail
2026-01-14 06:00:00,6.97075771680979,2.30830519665464,0.33114121741575175,0,0,7,0,1.102475,7,Typec,Toyota,Mail
2026-01-14 07:00:00,6.97075771680979,2.0088010976410664,0.28817542930761997,0,0,7,0,1.102475,7,Typec,Toyota,Mail
2026-01-14 08:00:00,6.97075771680979,1.8031747662005337,0.2586770103703687,0,0,7,0,1.102475,7,Typec,Toyota,Mail
2026-01-14 09:00:00,6.97075771680979,2.645706490173289,0.3795436016651735,0,0,7,0,1.102475,7,Typec,Toyota,Mail
2026-01-14 10:00:00,6.97075771680979,1.8041047128354022,0.2588104171925031,0,0,7,0,1.102475,7,Typec,Toyota,Mail
2026-01-14 11:00:00,6.97075771680979,3.407769564419407,0.4888664479331514,0,0,7,0,1.102475,7,Typec,Toyota,Mail
2026-01-14 12:00:00,6.97075771680979,1.5739014239676863,0.2257862757404789,0,0,7,0,1.102475,7,Typec,Toyota,Mail
2026-01-14 13:00:00,6.97075771680979,1.1293191922180963,0.16200809698130436,0,0,7,0,1.102475,7,Typec,Toyota,Mail
2026-01-14 14:00:00,6.97075771680979,3.4582887512279434,0.4961137500000001,0,0,7,0,1.102475,7,Typec,Toyota,Mail
2026-01-14 15:00:00,6.97075771680979,2.750910996738421,0.39463586434867404,0,0,7,0,1.102475,7,Typec,Toyota,Mail
2026-01-14 16:00:00,6.97075771680979,1.470727393240161,0.21098529786705145,0,0,7,0,1.102475,7,Typec,Toyota,Mail
2026-01-14 17:00:00,6.97075771680979,0.8275078123060852,0.11871131459791995,0,0,7,0,1.102475,7,Typec,Toyota,Mail
2026-01-14 18:00:00,6.97075771680979,1.63546877342303,0.2346185077526281,0,0,7,0,1.102475,7,Typec,Toyota,Mail
2026-01-14 19:00:00,6.97075771680979,3.4582887512279434,0.4961137500000001,0,0,7,0,1.102475,7,Typec,Toyota,Mail
2026-01-14 20:00:00,6.97075771680979,2.4804696658471133,0.3558393171327026,0,0,7,0,1.102475,7,Typec,Toyota,Mail
2026-01-14 21:00:00,6.97075771680979,2.500742654087009,0.3587476076031931,0,0,7,0,1.102475,7,Typec,Toyota,Mail
2026-01-14 22:00:00,6.97075771680979,3.0969567847300836,0.44427835689395107,0,0,7,0,1.102475,7,Typec,Toyota,Mail
2026-01-14 23:00:00,0.0,0.0,0.0,1,1,7,100,1.0,7,Typec,Toyota,Mail
